config,category,seed,protocol,role,defect,image,score
padim_r18,bottle,0,full,test,broken_large,test/broken_large/000.png,26.925747
padim_r18,bottle,0,full,test,broken_large,test/broken_large/001.png,31.493967
padim_r18,bottle,0,full,test,broken_large,test/broken_large/002.png,27.861671
padim_r18,bottle,0,full,test,broken_large,test/broken_large/003.png,27.074724
padim_r18,bottle,0,full,test,broken_large,test/broken_large/004.png,31.648693
padim_r18,bottle,0,full,test,broken_large,test/broken_large/005.png,28.780323
padim_r18,bottle,0,full,test,broken_large,test/broken_large/006.png,31.271774
padim_r18,bottle,0,full,test,broken_large,test/broken_large/007.png,26.985163
padim_r18,bottle,0,full,test,broken_large,test/broken_large/008.png,36.009594
padim_r18,bottle,0,full,test,broken_large,test/broken_large/009.png,23.644533
padim_r18,bottle,0,full,test,broken_large,test/broken_large/010.png,24.287176
padim_r18,bottle,0,full,test,broken_large,test/broken_large/011.png,24.787052
padim_r18,bottle,0,full,test,broken_large,test/broken_large/012.png,26.932812
padim_r18,bottle,0,full,test,broken_large,test/broken_large/013.png,25.894909
padim_r18,bottle,0,full,test,broken_large,test/broken_large/014.png,33.759518
padim_r18,bottle,0,full,test,broken_large,test/broken_large/015.png,29.374968
padim_r18,bottle,0,full,test,broken_large,test/broken_large/016.png,26.588345
padim_r18,bottle,0,full,test,broken_large,test/broken_large/017.png,28.772181
padim_r18,bottle,0,full,test,broken_large,test/broken_large/018.png,28.776396
padim_r18,bottle,0,full,test,broken_large,test/broken_large/019.png,24.332834
padim_r18,bottle,0,full,test,broken_small,test/broken_small/000.png,23.856758
padim_r18,bottle,0,full,test,broken_small,test/broken_small/001.png,28.987024
padim_r18,bottle,0,full,test,broken_small,test/broken_small/002.png,25.317822
padim_r18,bottle,0,full,test,broken_small,test/broken_small/003.png,32.541164
padim_r18,bottle,0,full,test,broken_small,test/broken_small/004.png,33.514179
padim_r18,bottle,0,full,test,broken_small,test/broken_small/005.png,29.793125
padim_r18,bottle,0,full,test,broken_small,test/broken_small/006.png,25.250557
padim_r18,bottle,0,full,test,broken_small,test/broken_small/007.png,21.434931
padim_r18,bottle,0,full,test,broken_small,test/broken_small/008.png,22.225315
padim_r18,bottle,0,full,test,broken_small,test/broken_small/009.png,32.418892
padim_r18,bottle,0,full,test,broken_small,test/broken_small/010.png,29.905823
padim_r18,bottle,0,full,test,broken_small,test/broken_small/011.png,26.413172
padim_r18,bottle,0,full,test,broken_small,test/broken_small/012.png,31.336802
padim_r18,bottle,0,full,test,broken_small,test/broken_small/013.png,28.021904
padim_r18,bottle,0,full,test,broken_small,test/broken_small/014.png,24.855782
padim_r18,bottle,0,full,test,broken_small,test/broken_small/015.png,25.271891
padim_r18,bottle,0,full,test,broken_small,test/broken_small/016.png,32.182373
padim_r18,bottle,0,full,test,broken_small,test/broken_small/017.png,33.117733
padim_r18,bottle,0,full,test,broken_small,test/broken_small/018.png,37.992516
padim_r18,bottle,0,full,test,broken_small,test/broken_small/019.png,34.112789
padim_r18,bottle,0,full,test,broken_small,test/broken_small/020.png,31.261690
padim_r18,bottle,0,full,test,broken_small,test/broken_small/021.png,35.796570
padim_r18,bottle,0,full,test,contamination,test/contamination/000.png,27.748114
padim_r18,bottle,0,full,test,contamination,test/contamination/001.png,20.132177
padim_r18,bottle,0,full,test,contamination,test/contamination/002.png,39.805210
padim_r18,bottle,0,full,test,contamination,test/contamination/003.png,16.846458
padim_r18,bottle,0,full,test,contamination,test/contamination/004.png,18.212170
padim_r18,bottle,0,full,test,contamination,test/contamination/005.png,32.256336
padim_r18,bottle,0,full,test,contamination,test/contamination/006.png,29.431530
padim_r18,bottle,0,full,test,contamination,test/contamination/007.png,44.977966
padim_r18,bottle,0,full,test,contamination,test/contamination/008.png,30.136751
padim_r18,bottle,0,full,test,contamination,test/contamination/009.png,27.821835
padim_r18,bottle,0,full,test,contamination,test/contamination/010.png,30.038084
padim_r18,bottle,0,full,test,contamination,test/contamination/011.png,23.379539
padim_r18,bottle,0,full,test,contamination,test/contamination/012.png,15.737731
padim_r18,bottle,0,full,test,contamination,test/contamination/013.png,33.629551
padim_r18,bottle,0,full,test,contamination,test/contamination/014.png,21.712244
padim_r18,bottle,0,full,test,contamination,test/contamination/015.png,28.606215
padim_r18,bottle,0,full,test,contamination,test/contamination/016.png,24.379778
padim_r18,bottle,0,full,test,contamination,test/contamination/017.png,56.679798
padim_r18,bottle,0,full,test,contamination,test/contamination/018.png,35.666504
padim_r18,bottle,0,full,test,contamination,test/contamination/019.png,16.801683
padim_r18,bottle,0,full,test,contamination,test/contamination/020.png,17.427687
padim_r18,bottle,0,full,test,good,test/good/000.png,10.897198
padim_r18,bottle,0,full,test,good,test/good/001.png,12.303053
padim_r18,bottle,0,full,test,good,test/good/002.png,12.109087
padim_r18,bottle,0,full,test,good,test/good/003.png,7.604860
padim_r18,bottle,0,full,test,good,test/good/004.png,9.204463
padim_r18,bottle,0,full,test,good,test/good/005.png,8.518604
padim_r18,bottle,0,full,test,good,test/good/006.png,19.725658
padim_r18,bottle,0,full,test,good,test/good/007.png,10.331718
padim_r18,bottle,0,full,test,good,test/good/008.png,8.253291
padim_r18,bottle,0,full,test,good,test/good/009.png,10.260253
padim_r18,bottle,0,full,test,good,test/good/010.png,10.090246
padim_r18,bottle,0,full,test,good,test/good/011.png,8.824789
padim_r18,bottle,0,full,test,good,test/good/012.png,10.230108
padim_r18,bottle,0,full,test,good,test/good/013.png,9.251950
padim_r18,bottle,0,full,test,good,test/good/014.png,10.172781
padim_r18,bottle,0,full,test,good,test/good/015.png,14.678738
padim_r18,bottle,0,full,test,good,test/good/016.png,11.957197
padim_r18,bottle,0,full,test,good,test/good/017.png,9.636275
padim_r18,bottle,0,full,test,good,test/good/018.png,11.208715
padim_r18,bottle,0,full,test,good,test/good/019.png,11.211025
padim_r18,bottle,0,gate,calibration,good,train/good/000.png,11.170445
padim_r18,bottle,0,gate,calibration,good,train/good/006.png,11.346244
padim_r18,bottle,0,gate,calibration,good,train/good/017.png,8.548292
padim_r18,bottle,0,gate,calibration,good,train/good/025.png,9.734871
padim_r18,bottle,0,gate,calibration,good,train/good/039.png,12.925821
padim_r18,bottle,0,gate,calibration,good,train/good/041.png,7.551853
padim_r18,bottle,0,gate,calibration,good,train/good/054.png,7.464223
padim_r18,bottle,0,gate,calibration,good,train/good/060.png,11.455144
padim_r18,bottle,0,gate,calibration,good,train/good/065.png,9.677996
padim_r18,bottle,0,gate,calibration,good,train/good/068.png,13.571346
padim_r18,bottle,0,gate,calibration,good,train/good/071.png,10.644213
padim_r18,bottle,0,gate,calibration,good,train/good/072.png,9.783501
padim_r18,bottle,0,gate,calibration,good,train/good/080.png,8.207838
padim_r18,bottle,0,gate,calibration,good,train/good/083.png,9.019758
padim_r18,bottle,0,gate,calibration,good,train/good/090.png,15.501551
padim_r18,bottle,0,gate,calibration,good,train/good/091.png,9.430349
padim_r18,bottle,0,gate,calibration,good,train/good/093.png,8.165400
padim_r18,bottle,0,gate,calibration,good,train/good/094.png,11.221442
padim_r18,bottle,0,gate,calibration,good,train/good/105.png,8.516619
padim_r18,bottle,0,gate,calibration,good,train/good/109.png,14.289059
padim_r18,bottle,0,gate,calibration,good,train/good/112.png,9.428034
padim_r18,bottle,0,gate,calibration,good,train/good/116.png,11.142707
padim_r18,bottle,0,gate,calibration,good,train/good/119.png,12.029462
padim_r18,bottle,0,gate,calibration,good,train/good/124.png,12.215772
padim_r18,bottle,0,gate,calibration,good,train/good/131.png,10.173840
padim_r18,bottle,0,gate,calibration,good,train/good/137.png,11.354408
padim_r18,bottle,0,gate,calibration,good,train/good/140.png,12.590048
padim_r18,bottle,0,gate,calibration,good,train/good/141.png,14.566953
padim_r18,bottle,0,gate,calibration,good,train/good/152.png,10.349663
padim_r18,bottle,0,gate,calibration,good,train/good/158.png,11.927605
padim_r18,bottle,0,gate,calibration,good,train/good/159.png,10.646392
padim_r18,bottle,0,gate,calibration,good,train/good/162.png,11.807212
padim_r18,bottle,0,gate,calibration,good,train/good/163.png,9.936741
padim_r18,bottle,0,gate,calibration,good,train/good/164.png,9.508330
padim_r18,bottle,0,gate,calibration,good,train/good/165.png,8.231976
padim_r18,bottle,0,gate,calibration,good,train/good/175.png,11.607646
padim_r18,bottle,0,gate,calibration,good,train/good/178.png,10.280697
padim_r18,bottle,0,gate,calibration,good,train/good/187.png,10.260776
padim_r18,bottle,0,gate,calibration,good,train/good/194.png,13.227198
padim_r18,bottle,0,gate,calibration,good,train/good/195.png,9.807687
padim_r18,bottle,0,gate,calibration,good,train/good/200.png,11.498698
padim_r18,bottle,0,gate,calibration,good,train/good/206.png,11.375204
padim_r18,bottle,0,gate,test,broken_large,test/broken_large/000.png,27.008724
padim_r18,bottle,0,gate,test,broken_large,test/broken_large/001.png,31.567564
padim_r18,bottle,0,gate,test,broken_large,test/broken_large/002.png,28.186399
padim_r18,bottle,0,gate,test,broken_large,test/broken_large/003.png,27.205469
padim_r18,bottle,0,gate,test,broken_large,test/broken_large/004.png,31.704954
padim_r18,bottle,0,gate,test,broken_large,test/broken_large/005.png,28.949150
padim_r18,bottle,0,gate,test,broken_large,test/broken_large/006.png,31.310919
padim_r18,bottle,0,gate,test,broken_large,test/broken_large/007.png,27.150877
padim_r18,bottle,0,gate,test,broken_large,test/broken_large/008.png,36.148346
padim_r18,bottle,0,gate,test,broken_large,test/broken_large/009.png,24.077263
padim_r18,bottle,0,gate,test,broken_large,test/broken_large/010.png,24.579136
padim_r18,bottle,0,gate,test,broken_large,test/broken_large/011.png,25.086708
padim_r18,bottle,0,gate,test,broken_large,test/broken_large/012.png,26.908556
padim_r18,bottle,0,gate,test,broken_large,test/broken_large/013.png,26.011837
padim_r18,bottle,0,gate,test,broken_large,test/broken_large/014.png,33.878101
padim_r18,bottle,0,gate,test,broken_large,test/broken_large/015.png,29.721975
padim_r18,bottle,0,gate,test,broken_large,test/broken_large/016.png,27.515066
padim_r18,bottle,0,gate,test,broken_large,test/broken_large/017.png,28.853388
padim_r18,bottle,0,gate,test,broken_large,test/broken_large/018.png,29.006561
padim_r18,bottle,0,gate,test,broken_large,test/broken_large/019.png,24.384716
padim_r18,bottle,0,gate,test,broken_small,test/broken_small/000.png,23.872917
padim_r18,bottle,0,gate,test,broken_small,test/broken_small/001.png,29.361994
padim_r18,bottle,0,gate,test,broken_small,test/broken_small/002.png,25.365993
padim_r18,bottle,0,gate,test,broken_small,test/broken_small/003.png,32.626564
padim_r18,bottle,0,gate,test,broken_small,test/broken_small/004.png,33.567909
padim_r18,bottle,0,gate,test,broken_small,test/broken_small/005.png,29.797630
padim_r18,bottle,0,gate,test,broken_small,test/broken_small/006.png,26.725254
padim_r18,bottle,0,gate,test,broken_small,test/broken_small/007.png,21.621380
padim_r18,bottle,0,gate,test,broken_small,test/broken_small/008.png,22.097660
padim_r18,bottle,0,gate,test,broken_small,test/broken_small/009.png,32.704529
padim_r18,bottle,0,gate,test,broken_small,test/broken_small/010.png,29.923145
padim_r18,bottle,0,gate,test,broken_small,test/broken_small/011.png,26.922407
padim_r18,bottle,0,gate,test,broken_small,test/broken_small/012.png,31.385477
padim_r18,bottle,0,gate,test,broken_small,test/broken_small/013.png,28.258518
padim_r18,bottle,0,gate,test,broken_small,test/broken_small/014.png,25.008509
padim_r18,bottle,0,gate,test,broken_small,test/broken_small/015.png,25.438688
padim_r18,bottle,0,gate,test,broken_small,test/broken_small/016.png,32.425861
padim_r18,bottle,0,gate,test,broken_small,test/broken_small/017.png,33.388706
padim_r18,bottle,0,gate,test,broken_small,test/broken_small/018.png,38.343319
padim_r18,bottle,0,gate,test,broken_small,test/broken_small/019.png,34.112755
padim_r18,bottle,0,gate,test,broken_small,test/broken_small/020.png,31.747705
padim_r18,bottle,0,gate,test,broken_small,test/broken_small/021.png,35.939854
padim_r18,bottle,0,gate,test,contamination,test/contamination/000.png,27.866533
padim_r18,bottle,0,gate,test,contamination,test/contamination/001.png,20.206295
padim_r18,bottle,0,gate,test,contamination,test/contamination/002.png,40.111240
padim_r18,bottle,0,gate,test,contamination,test/contamination/003.png,17.026989
padim_r18,bottle,0,gate,test,contamination,test/contamination/004.png,18.447056
padim_r18,bottle,0,gate,test,contamination,test/contamination/005.png,32.187122
padim_r18,bottle,0,gate,test,contamination,test/contamination/006.png,29.502684
padim_r18,bottle,0,gate,test,contamination,test/contamination/007.png,45.008163
padim_r18,bottle,0,gate,test,contamination,test/contamination/008.png,30.286886
padim_r18,bottle,0,gate,test,contamination,test/contamination/009.png,28.028528
padim_r18,bottle,0,gate,test,contamination,test/contamination/010.png,30.210226
padim_r18,bottle,0,gate,test,contamination,test/contamination/011.png,23.545834
padim_r18,bottle,0,gate,test,contamination,test/contamination/012.png,15.757587
padim_r18,bottle,0,gate,test,contamination,test/contamination/013.png,33.548141
padim_r18,bottle,0,gate,test,contamination,test/contamination/014.png,21.904291
padim_r18,bottle,0,gate,test,contamination,test/contamination/015.png,29.073355
padim_r18,bottle,0,gate,test,contamination,test/contamination/016.png,24.354031
padim_r18,bottle,0,gate,test,contamination,test/contamination/017.png,56.666050
padim_r18,bottle,0,gate,test,contamination,test/contamination/018.png,35.902081
padim_r18,bottle,0,gate,test,contamination,test/contamination/019.png,16.879793
padim_r18,bottle,0,gate,test,contamination,test/contamination/020.png,17.479614
padim_r18,bottle,0,gate,test,good,test/good/000.png,10.838410
padim_r18,bottle,0,gate,test,good,test/good/001.png,12.443031
padim_r18,bottle,0,gate,test,good,test/good/002.png,12.365315
padim_r18,bottle,0,gate,test,good,test/good/003.png,7.606886
padim_r18,bottle,0,gate,test,good,test/good/004.png,9.189577
padim_r18,bottle,0,gate,test,good,test/good/005.png,8.556916
padim_r18,bottle,0,gate,test,good,test/good/006.png,19.602518
padim_r18,bottle,0,gate,test,good,test/good/007.png,10.417731
padim_r18,bottle,0,gate,test,good,test/good/008.png,8.281668
padim_r18,bottle,0,gate,test,good,test/good/009.png,10.143052
padim_r18,bottle,0,gate,test,good,test/good/010.png,10.852143
padim_r18,bottle,0,gate,test,good,test/good/011.png,8.885756
padim_r18,bottle,0,gate,test,good,test/good/012.png,10.383018
padim_r18,bottle,0,gate,test,good,test/good/013.png,9.110987
padim_r18,bottle,0,gate,test,good,test/good/014.png,10.228395
padim_r18,bottle,0,gate,test,good,test/good/015.png,14.742385
padim_r18,bottle,0,gate,test,good,test/good/016.png,12.289072
padim_r18,bottle,0,gate,test,good,test/good/017.png,10.592369
padim_r18,bottle,0,gate,test,good,test/good/018.png,10.872557
padim_r18,bottle,0,gate,test,good,test/good/019.png,11.280567
padim_r18,bottle,1,full,test,broken_large,test/broken_large/000.png,25.784695
padim_r18,bottle,1,full,test,broken_large,test/broken_large/001.png,34.736973
padim_r18,bottle,1,full,test,broken_large,test/broken_large/002.png,33.372562
padim_r18,bottle,1,full,test,broken_large,test/broken_large/003.png,31.081251
padim_r18,bottle,1,full,test,broken_large,test/broken_large/004.png,33.258846
padim_r18,bottle,1,full,test,broken_large,test/broken_large/005.png,29.540310
padim_r18,bottle,1,full,test,broken_large,test/broken_large/006.png,30.430126
padim_r18,bottle,1,full,test,broken_large,test/broken_large/007.png,28.705114
padim_r18,bottle,1,full,test,broken_large,test/broken_large/008.png,40.223892
padim_r18,bottle,1,full,test,broken_large,test/broken_large/009.png,27.512039
padim_r18,bottle,1,full,test,broken_large,test/broken_large/010.png,29.057249
padim_r18,bottle,1,full,test,broken_large,test/broken_large/011.png,28.164980
padim_r18,bottle,1,full,test,broken_large,test/broken_large/012.png,34.155838
padim_r18,bottle,1,full,test,broken_large,test/broken_large/013.png,28.018372
padim_r18,bottle,1,full,test,broken_large,test/broken_large/014.png,36.081532
padim_r18,bottle,1,full,test,broken_large,test/broken_large/015.png,29.205317
padim_r18,bottle,1,full,test,broken_large,test/broken_large/016.png,30.072014
padim_r18,bottle,1,full,test,broken_large,test/broken_large/017.png,28.899576
padim_r18,bottle,1,full,test,broken_large,test/broken_large/018.png,31.386700
padim_r18,bottle,1,full,test,broken_large,test/broken_large/019.png,28.797915
padim_r18,bottle,1,full,test,broken_small,test/broken_small/000.png,27.916859
padim_r18,bottle,1,full,test,broken_small,test/broken_small/001.png,31.280642
padim_r18,bottle,1,full,test,broken_small,test/broken_small/002.png,30.360085
padim_r18,bottle,1,full,test,broken_small,test/broken_small/003.png,32.295856
padim_r18,bottle,1,full,test,broken_small,test/broken_small/004.png,37.171196
padim_r18,bottle,1,full,test,broken_small,test/broken_small/005.png,30.302237
padim_r18,bottle,1,full,test,broken_small,test/broken_small/006.png,30.666525
padim_r18,bottle,1,full,test,broken_small,test/broken_small/007.png,24.059307
padim_r18,bottle,1,full,test,broken_small,test/broken_small/008.png,25.084694
padim_r18,bottle,1,full,test,broken_small,test/broken_small/009.png,32.106983
padim_r18,bottle,1,full,test,broken_small,test/broken_small/010.png,31.518158
padim_r18,bottle,1,full,test,broken_small,test/broken_small/011.png,31.158010
padim_r18,bottle,1,full,test,broken_small,test/broken_small/012.png,33.379635
padim_r18,bottle,1,full,test,broken_small,test/broken_small/013.png,30.328457
padim_r18,bottle,1,full,test,broken_small,test/broken_small/014.png,31.995731
padim_r18,bottle,1,full,test,broken_small,test/broken_small/015.png,25.331964
padim_r18,bottle,1,full,test,broken_small,test/broken_small/016.png,30.862057
padim_r18,bottle,1,full,test,broken_small,test/broken_small/017.png,33.847240
padim_r18,bottle,1,full,test,broken_small,test/broken_small/018.png,36.615215
padim_r18,bottle,1,full,test,broken_small,test/broken_small/019.png,33.785973
padim_r18,bottle,1,full,test,broken_small,test/broken_small/020.png,33.779137
padim_r18,bottle,1,full,test,broken_small,test/broken_small/021.png,32.215862
padim_r18,bottle,1,full,test,contamination,test/contamination/000.png,28.882200
padim_r18,bottle,1,full,test,contamination,test/contamination/001.png,26.478180
padim_r18,bottle,1,full,test,contamination,test/contamination/002.png,40.255592
padim_r18,bottle,1,full,test,contamination,test/contamination/003.png,16.456600
padim_r18,bottle,1,full,test,contamination,test/contamination/004.png,21.058863
padim_r18,bottle,1,full,test,contamination,test/contamination/005.png,30.388521
padim_r18,bottle,1,full,test,contamination,test/contamination/006.png,25.258570
padim_r18,bottle,1,full,test,contamination,test/contamination/007.png,50.340137
padim_r18,bottle,1,full,test,contamination,test/contamination/008.png,33.580051
padim_r18,bottle,1,full,test,contamination,test/contamination/009.png,25.757374
padim_r18,bottle,1,full,test,contamination,test/contamination/010.png,33.061676
padim_r18,bottle,1,full,test,contamination,test/contamination/011.png,24.661036
padim_r18,bottle,1,full,test,contamination,test/contamination/012.png,16.683834
padim_r18,bottle,1,full,test,contamination,test/contamination/013.png,32.951031
padim_r18,bottle,1,full,test,contamination,test/contamination/014.png,22.986942
padim_r18,bottle,1,full,test,contamination,test/contamination/015.png,36.267147
padim_r18,bottle,1,full,test,contamination,test/contamination/016.png,27.585186
padim_r18,bottle,1,full,test,contamination,test/contamination/017.png,56.460262
padim_r18,bottle,1,full,test,contamination,test/contamination/018.png,38.090302
padim_r18,bottle,1,full,test,contamination,test/contamination/019.png,17.013315
padim_r18,bottle,1,full,test,contamination,test/contamination/020.png,17.161430
padim_r18,bottle,1,full,test,good,test/good/000.png,10.848894
padim_r18,bottle,1,full,test,good,test/good/001.png,11.066483
padim_r18,bottle,1,full,test,good,test/good/002.png,12.441566
padim_r18,bottle,1,full,test,good,test/good/003.png,7.461845
padim_r18,bottle,1,full,test,good,test/good/004.png,9.794960
padim_r18,bottle,1,full,test,good,test/good/005.png,8.725174
padim_r18,bottle,1,full,test,good,test/good/006.png,17.252798
padim_r18,bottle,1,full,test,good,test/good/007.png,10.237747
padim_r18,bottle,1,full,test,good,test/good/008.png,8.196794
padim_r18,bottle,1,full,test,good,test/good/009.png,10.577217
padim_r18,bottle,1,full,test,good,test/good/010.png,11.722270
padim_r18,bottle,1,full,test,good,test/good/011.png,8.432004
padim_r18,bottle,1,full,test,good,test/good/012.png,9.545160
padim_r18,bottle,1,full,test,good,test/good/013.png,9.908837
padim_r18,bottle,1,full,test,good,test/good/014.png,10.785975
padim_r18,bottle,1,full,test,good,test/good/015.png,16.356976
padim_r18,bottle,1,full,test,good,test/good/016.png,12.155919
padim_r18,bottle,1,full,test,good,test/good/017.png,9.590624
padim_r18,bottle,1,full,test,good,test/good/018.png,10.489368
padim_r18,bottle,1,full,test,good,test/good/019.png,12.758646
padim_r18,bottle,1,gate,calibration,good,train/good/001.png,12.755347
padim_r18,bottle,1,gate,calibration,good,train/good/005.png,8.541404
padim_r18,bottle,1,gate,calibration,good,train/good/007.png,12.118058
padim_r18,bottle,1,gate,calibration,good,train/good/008.png,11.899857
padim_r18,bottle,1,gate,calibration,good,train/good/009.png,15.008191
padim_r18,bottle,1,gate,calibration,good,train/good/020.png,13.026939
padim_r18,bottle,1,gate,calibration,good,train/good/021.png,9.145483
padim_r18,bottle,1,gate,calibration,good,train/good/022.png,9.230473
padim_r18,bottle,1,gate,calibration,good,train/good/024.png,11.415430
padim_r18,bottle,1,gate,calibration,good,train/good/029.png,11.897641
padim_r18,bottle,1,gate,calibration,good,train/good/031.png,8.014273
padim_r18,bottle,1,gate,calibration,good,train/good/043.png,9.638346
padim_r18,bottle,1,gate,calibration,good,train/good/052.png,9.220537
padim_r18,bottle,1,gate,calibration,good,train/good/059.png,11.177355
padim_r18,bottle,1,gate,calibration,good,train/good/063.png,7.829412
padim_r18,bottle,1,gate,calibration,good,train/good/070.png,8.894971
padim_r18,bottle,1,gate,calibration,good,train/good/080.png,9.187822
padim_r18,bottle,1,gate,calibration,good,train/good/084.png,10.261827
padim_r18,bottle,1,gate,calibration,good,train/good/094.png,11.265071
padim_r18,bottle,1,gate,calibration,good,train/good/097.png,11.337315
padim_r18,bottle,1,gate,calibration,good,train/good/106.png,10.951277
padim_r18,bottle,1,gate,calibration,good,train/good/110.png,8.701481
padim_r18,bottle,1,gate,calibration,good,train/good/111.png,11.148231
padim_r18,bottle,1,gate,calibration,good,train/good/112.png,9.019562
padim_r18,bottle,1,gate,calibration,good,train/good/113.png,7.924501
padim_r18,bottle,1,gate,calibration,good,train/good/119.png,11.666173
padim_r18,bottle,1,gate,calibration,good,train/good/121.png,10.300223
padim_r18,bottle,1,gate,calibration,good,train/good/131.png,10.378702
padim_r18,bottle,1,gate,calibration,good,train/good/134.png,9.947402
padim_r18,bottle,1,gate,calibration,good,train/good/148.png,17.407362
padim_r18,bottle,1,gate,calibration,good,train/good/152.png,11.286755
padim_r18,bottle,1,gate,calibration,good,train/good/156.png,14.519914
padim_r18,bottle,1,gate,calibration,good,train/good/158.png,13.458704
padim_r18,bottle,1,gate,calibration,good,train/good/163.png,9.665755
padim_r18,bottle,1,gate,calibration,good,train/good/166.png,11.032804
padim_r18,bottle,1,gate,calibration,good,train/good/175.png,9.867298
padim_r18,bottle,1,gate,calibration,good,train/good/176.png,8.213041
padim_r18,bottle,1,gate,calibration,good,train/good/184.png,12.147833
padim_r18,bottle,1,gate,calibration,good,train/good/189.png,8.103445
padim_r18,bottle,1,gate,calibration,good,train/good/191.png,10.602603
padim_r18,bottle,1,gate,calibration,good,train/good/193.png,9.792460
padim_r18,bottle,1,gate,calibration,good,train/good/195.png,11.266553
padim_r18,bottle,1,gate,test,broken_large,test/broken_large/000.png,25.934010
padim_r18,bottle,1,gate,test,broken_large,test/broken_large/001.png,34.774666
padim_r18,bottle,1,gate,test,broken_large,test/broken_large/002.png,33.716919
padim_r18,bottle,1,gate,test,broken_large,test/broken_large/003.png,31.467472
padim_r18,bottle,1,gate,test,broken_large,test/broken_large/004.png,33.390213
padim_r18,bottle,1,gate,test,broken_large,test/broken_large/005.png,29.403677
padim_r18,bottle,1,gate,test,broken_large,test/broken_large/006.png,30.664801
padim_r18,bottle,1,gate,test,broken_large,test/broken_large/007.png,28.893620
padim_r18,bottle,1,gate,test,broken_large,test/broken_large/008.png,40.504524
padim_r18,bottle,1,gate,test,broken_large,test/broken_large/009.png,28.676468
padim_r18,bottle,1,gate,test,broken_large,test/broken_large/010.png,30.218702
padim_r18,bottle,1,gate,test,broken_large,test/broken_large/011.png,28.386528
padim_r18,bottle,1,gate,test,broken_large,test/broken_large/012.png,34.152546
padim_r18,bottle,1,gate,test,broken_large,test/broken_large/013.png,28.030605
padim_r18,bottle,1,gate,test,broken_large,test/broken_large/014.png,36.043110
padim_r18,bottle,1,gate,test,broken_large,test/broken_large/015.png,29.645058
padim_r18,bottle,1,gate,test,broken_large,test/broken_large/016.png,30.083050
padim_r18,bottle,1,gate,test,broken_large,test/broken_large/017.png,29.244003
padim_r18,bottle,1,gate,test,broken_large,test/broken_large/018.png,31.668556
padim_r18,bottle,1,gate,test,broken_large,test/broken_large/019.png,28.921059
padim_r18,bottle,1,gate,test,broken_small,test/broken_small/000.png,28.863096
padim_r18,bottle,1,gate,test,broken_small,test/broken_small/001.png,31.646536
padim_r18,bottle,1,gate,test,broken_small,test/broken_small/002.png,30.354118
padim_r18,bottle,1,gate,test,broken_small,test/broken_small/003.png,32.525082
padim_r18,bottle,1,gate,test,broken_small,test/broken_small/004.png,37.198433
padim_r18,bottle,1,gate,test,broken_small,test/broken_small/005.png,30.422159
padim_r18,bottle,1,gate,test,broken_small,test/broken_small/006.png,30.635443
padim_r18,bottle,1,gate,test,broken_small,test/broken_small/007.png,24.654358
padim_r18,bottle,1,gate,test,broken_small,test/broken_small/008.png,25.386208
padim_r18,bottle,1,gate,test,broken_small,test/broken_small/009.png,32.193123
padim_r18,bottle,1,gate,test,broken_small,test/broken_small/010.png,31.581440
padim_r18,bottle,1,gate,test,broken_small,test/broken_small/011.png,31.383245
padim_r18,bottle,1,gate,test,broken_small,test/broken_small/012.png,33.549313
padim_r18,bottle,1,gate,test,broken_small,test/broken_small/013.png,30.510530
padim_r18,bottle,1,gate,test,broken_small,test/broken_small/014.png,32.217590
padim_r18,bottle,1,gate,test,broken_small,test/broken_small/015.png,25.458353
padim_r18,bottle,1,gate,test,broken_small,test/broken_small/016.png,30.910143
padim_r18,bottle,1,gate,test,broken_small,test/broken_small/017.png,34.076000
padim_r18,bottle,1,gate,test,broken_small,test/broken_small/018.png,36.810108
padim_r18,bottle,1,gate,test,broken_small,test/broken_small/019.png,33.998016
padim_r18,bottle,1,gate,test,broken_small,test/broken_small/020.png,33.795761
padim_r18,bottle,1,gate,test,broken_small,test/broken_small/021.png,32.184040
padim_r18,bottle,1,gate,test,contamination,test/contamination/000.png,28.759180
padim_r18,bottle,1,gate,test,contamination,test/contamination/001.png,26.581430
padim_r18,bottle,1,gate,test,contamination,test/contamination/002.png,40.219925
padim_r18,bottle,1,gate,test,contamination,test/contamination/003.png,16.549538
padim_r18,bottle,1,gate,test,contamination,test/contamination/004.png,21.273436
padim_r18,bottle,1,gate,test,contamination,test/contamination/005.png,30.446648
padim_r18,bottle,1,gate,test,contamination,test/contamination/006.png,25.265694
padim_r18,bottle,1,gate,test,contamination,test/contamination/007.png,50.414150
padim_r18,bottle,1,gate,test,contamination,test/contamination/008.png,33.730858
padim_r18,bottle,1,gate,test,contamination,test/contamination/009.png,25.764681
padim_r18,bottle,1,gate,test,contamination,test/contamination/010.png,33.091942
padim_r18,bottle,1,gate,test,contamination,test/contamination/011.png,24.719170
padim_r18,bottle,1,gate,test,contamination,test/contamination/012.png,16.826256
padim_r18,bottle,1,gate,test,contamination,test/contamination/013.png,32.923161
padim_r18,bottle,1,gate,test,contamination,test/contamination/014.png,23.179052
padim_r18,bottle,1,gate,test,contamination,test/contamination/015.png,36.321987
padim_r18,bottle,1,gate,test,contamination,test/contamination/016.png,27.686386
padim_r18,bottle,1,gate,test,contamination,test/contamination/017.png,56.393902
padim_r18,bottle,1,gate,test,contamination,test/contamination/018.png,38.145126
padim_r18,bottle,1,gate,test,contamination,test/contamination/019.png,16.918167
padim_r18,bottle,1,gate,test,contamination,test/contamination/020.png,17.407747
padim_r18,bottle,1,gate,test,good,test/good/000.png,10.896977
padim_r18,bottle,1,gate,test,good,test/good/001.png,11.185750
padim_r18,bottle,1,gate,test,good,test/good/002.png,12.430770
padim_r18,bottle,1,gate,test,good,test/good/003.png,7.441488
padim_r18,bottle,1,gate,test,good,test/good/004.png,9.692631
padim_r18,bottle,1,gate,test,good,test/good/005.png,8.954982
padim_r18,bottle,1,gate,test,good,test/good/006.png,18.663410
padim_r18,bottle,1,gate,test,good,test/good/007.png,10.309358
padim_r18,bottle,1,gate,test,good,test/good/008.png,8.385103
padim_r18,bottle,1,gate,test,good,test/good/009.png,10.654691
padim_r18,bottle,1,gate,test,good,test/good/010.png,11.893890
padim_r18,bottle,1,gate,test,good,test/good/011.png,8.387089
padim_r18,bottle,1,gate,test,good,test/good/012.png,9.519274
padim_r18,bottle,1,gate,test,good,test/good/013.png,9.666972
padim_r18,bottle,1,gate,test,good,test/good/014.png,10.823871
padim_r18,bottle,1,gate,test,good,test/good/015.png,16.407976
padim_r18,bottle,1,gate,test,good,test/good/016.png,12.062296
padim_r18,bottle,1,gate,test,good,test/good/017.png,9.491698
padim_r18,bottle,1,gate,test,good,test/good/018.png,10.420585
padim_r18,bottle,1,gate,test,good,test/good/019.png,12.512567
padim_r18,bottle,2,full,test,broken_large,test/broken_large/000.png,29.729252
padim_r18,bottle,2,full,test,broken_large,test/broken_large/001.png,28.736620
padim_r18,bottle,2,full,test,broken_large,test/broken_large/002.png,24.406513
padim_r18,bottle,2,full,test,broken_large,test/broken_large/003.png,27.350849
padim_r18,bottle,2,full,test,broken_large,test/broken_large/004.png,30.158005
padim_r18,bottle,2,full,test,broken_large,test/broken_large/005.png,28.073072
padim_r18,bottle,2,full,test,broken_large,test/broken_large/006.png,32.745621
padim_r18,bottle,2,full,test,broken_large,test/broken_large/007.png,24.790199
padim_r18,bottle,2,full,test,broken_large,test/broken_large/008.png,32.840771
padim_r18,bottle,2,full,test,broken_large,test/broken_large/009.png,26.719269
padim_r18,bottle,2,full,test,broken_large,test/broken_large/010.png,26.226330
padim_r18,bottle,2,full,test,broken_large,test/broken_large/011.png,29.019285
padim_r18,bottle,2,full,test,broken_large,test/broken_large/012.png,30.324770
padim_r18,bottle,2,full,test,broken_large,test/broken_large/013.png,24.117464
padim_r18,bottle,2,full,test,broken_large,test/broken_large/014.png,33.410110
padim_r18,bottle,2,full,test,broken_large,test/broken_large/015.png,28.180317
padim_r18,bottle,2,full,test,broken_large,test/broken_large/016.png,27.205694
padim_r18,bottle,2,full,test,broken_large,test/broken_large/017.png,28.639807
padim_r18,bottle,2,full,test,broken_large,test/broken_large/018.png,27.786163
padim_r18,bottle,2,full,test,broken_large,test/broken_large/019.png,32.748638
padim_r18,bottle,2,full,test,broken_small,test/broken_small/000.png,23.794529
padim_r18,bottle,2,full,test,broken_small,test/broken_small/001.png,25.548531
padim_r18,bottle,2,full,test,broken_small,test/broken_small/002.png,26.165499
padim_r18,bottle,2,full,test,broken_small,test/broken_small/003.png,32.184994
padim_r18,bottle,2,full,test,broken_small,test/broken_small/004.png,39.195049
padim_r18,bottle,2,full,test,broken_small,test/broken_small/005.png,28.845234
padim_r18,bottle,2,full,test,broken_small,test/broken_small/006.png,29.636402
padim_r18,bottle,2,full,test,broken_small,test/broken_small/007.png,21.114328
padim_r18,bottle,2,full,test,broken_small,test/broken_small/008.png,23.706501
padim_r18,bottle,2,full,test,broken_small,test/broken_small/009.png,30.953440
padim_r18,bottle,2,full,test,broken_small,test/broken_small/010.png,29.343510
padim_r18,bottle,2,full,test,broken_small,test/broken_small/011.png,26.789312
padim_r18,bottle,2,full,test,broken_small,test/broken_small/012.png,32.221088
padim_r18,bottle,2,full,test,broken_small,test/broken_small/013.png,26.893909
padim_r18,bottle,2,full,test,broken_small,test/broken_small/014.png,26.692890
padim_r18,bottle,2,full,test,broken_small,test/broken_small/015.png,24.830231
padim_r18,bottle,2,full,test,broken_small,test/broken_small/016.png,29.204170
padim_r18,bottle,2,full,test,broken_small,test/broken_small/017.png,30.368658
padim_r18,bottle,2,full,test,broken_small,test/broken_small/018.png,38.644188
padim_r18,bottle,2,full,test,broken_small,test/broken_small/019.png,31.753689
padim_r18,bottle,2,full,test,broken_small,test/broken_small/020.png,29.853559
padim_r18,bottle,2,full,test,broken_small,test/broken_small/021.png,31.787519
padim_r18,bottle,2,full,test,contamination,test/contamination/000.png,23.461840
padim_r18,bottle,2,full,test,contamination,test/contamination/001.png,21.205372
padim_r18,bottle,2,full,test,contamination,test/contamination/002.png,34.469608
padim_r18,bottle,2,full,test,contamination,test/contamination/003.png,15.814395
padim_r18,bottle,2,full,test,contamination,test/contamination/004.png,20.140335
padim_r18,bottle,2,full,test,contamination,test/contamination/005.png,29.539064
padim_r18,bottle,2,full,test,contamination,test/contamination/006.png,24.482952
padim_r18,bottle,2,full,test,contamination,test/contamination/007.png,48.399048
padim_r18,bottle,2,full,test,contamination,test/contamination/008.png,29.034039
padim_r18,bottle,2,full,test,contamination,test/contamination/009.png,24.149736
padim_r18,bottle,2,full,test,contamination,test/contamination/010.png,30.802608
padim_r18,bottle,2,full,test,contamination,test/contamination/011.png,23.227999
padim_r18,bottle,2,full,test,contamination,test/contamination/012.png,15.858285
padim_r18,bottle,2,full,test,contamination,test/contamination/013.png,29.567762
padim_r18,bottle,2,full,test,contamination,test/contamination/014.png,23.438416
padim_r18,bottle,2,full,test,contamination,test/contamination/015.png,27.569309
padim_r18,bottle,2,full,test,contamination,test/contamination/016.png,22.205387
padim_r18,bottle,2,full,test,contamination,test/contamination/017.png,57.513290
padim_r18,bottle,2,full,test,contamination,test/contamination/018.png,37.707878
padim_r18,bottle,2,full,test,contamination,test/contamination/019.png,17.348658
padim_r18,bottle,2,full,test,contamination,test/contamination/020.png,19.020233
padim_r18,bottle,2,full,test,good,test/good/000.png,10.832784
padim_r18,bottle,2,full,test,good,test/good/001.png,12.297016
padim_r18,bottle,2,full,test,good,test/good/002.png,10.945844
padim_r18,bottle,2,full,test,good,test/good/003.png,7.387424
padim_r18,bottle,2,full,test,good,test/good/004.png,9.925022
padim_r18,bottle,2,full,test,good,test/good/005.png,7.945307
padim_r18,bottle,2,full,test,good,test/good/006.png,16.337767
padim_r18,bottle,2,full,test,good,test/good/007.png,9.855128
padim_r18,bottle,2,full,test,good,test/good/008.png,7.948508
padim_r18,bottle,2,full,test,good,test/good/009.png,9.376870
padim_r18,bottle,2,full,test,good,test/good/010.png,10.525878
padim_r18,bottle,2,full,test,good,test/good/011.png,7.915871
padim_r18,bottle,2,full,test,good,test/good/012.png,10.611400
padim_r18,bottle,2,full,test,good,test/good/013.png,9.165904
padim_r18,bottle,2,full,test,good,test/good/014.png,10.019849
padim_r18,bottle,2,full,test,good,test/good/015.png,14.323795
padim_r18,bottle,2,full,test,good,test/good/016.png,14.227095
padim_r18,bottle,2,full,test,good,test/good/017.png,9.021599
padim_r18,bottle,2,full,test,good,test/good/018.png,10.291124
padim_r18,bottle,2,full,test,good,test/good/019.png,11.229607
padim_r18,bottle,2,gate,calibration,good,train/good/000.png,10.971334
padim_r18,bottle,2,gate,calibration,good,train/good/011.png,8.346978
padim_r18,bottle,2,gate,calibration,good,train/good/026.png,9.186539
padim_r18,bottle,2,gate,calibration,good,train/good/032.png,9.862038
padim_r18,bottle,2,gate,calibration,good,train/good/038.png,12.754551
padim_r18,bottle,2,gate,calibration,good,train/good/039.png,14.043148
padim_r18,bottle,2,gate,calibration,good,train/good/042.png,18.881454
padim_r18,bottle,2,gate,calibration,good,train/good/045.png,13.593447
padim_r18,bottle,2,gate,calibration,good,train/good/053.png,10.580503
padim_r18,bottle,2,gate,calibration,good,train/good/059.png,13.798629
padim_r18,bottle,2,gate,calibration,good,train/good/066.png,8.354241
padim_r18,bottle,2,gate,calibration,good,train/good/067.png,7.466381
padim_r18,bottle,2,gate,calibration,good,train/good/071.png,10.210150
padim_r18,bottle,2,gate,calibration,good,train/good/075.png,8.026865
padim_r18,bottle,2,gate,calibration,good,train/good/081.png,13.775713
padim_r18,bottle,2,gate,calibration,good,train/good/093.png,8.112375
padim_r18,bottle,2,gate,calibration,good,train/good/096.png,9.710422
padim_r18,bottle,2,gate,calibration,good,train/good/098.png,8.133865
padim_r18,bottle,2,gate,calibration,good,train/good/104.png,9.483162
padim_r18,bottle,2,gate,calibration,good,train/good/126.png,9.179635
padim_r18,bottle,2,gate,calibration,good,train/good/132.png,18.497372
padim_r18,bottle,2,gate,calibration,good,train/good/135.png,12.910503
padim_r18,bottle,2,gate,calibration,good,train/good/136.png,9.254138
padim_r18,bottle,2,gate,calibration,good,train/good/140.png,15.183967
padim_r18,bottle,2,gate,calibration,good,train/good/146.png,8.869043
padim_r18,bottle,2,gate,calibration,good,train/good/148.png,14.693664
padim_r18,bottle,2,gate,calibration,good,train/good/150.png,12.384670
padim_r18,bottle,2,gate,calibration,good,train/good/151.png,8.494678
padim_r18,bottle,2,gate,calibration,good,train/good/155.png,9.417040
padim_r18,bottle,2,gate,calibration,good,train/good/161.png,10.473300
padim_r18,bottle,2,gate,calibration,good,train/good/162.png,10.365878
padim_r18,bottle,2,gate,calibration,good,train/good/163.png,9.544280
padim_r18,bottle,2,gate,calibration,good,train/good/168.png,8.057786
padim_r18,bottle,2,gate,calibration,good,train/good/170.png,11.605996
padim_r18,bottle,2,gate,calibration,good,train/good/176.png,8.831784
padim_r18,bottle,2,gate,calibration,good,train/good/182.png,13.301398
padim_r18,bottle,2,gate,calibration,good,train/good/186.png,9.209575
padim_r18,bottle,2,gate,calibration,good,train/good/189.png,8.446434
padim_r18,bottle,2,gate,calibration,good,train/good/200.png,10.123995
padim_r18,bottle,2,gate,calibration,good,train/good/203.png,8.347286
padim_r18,bottle,2,gate,calibration,good,train/good/206.png,12.630625
padim_r18,bottle,2,gate,calibration,good,train/good/208.png,8.781333
padim_r18,bottle,2,gate,test,broken_large,test/broken_large/000.png,29.866348
padim_r18,bottle,2,gate,test,broken_large,test/broken_large/001.png,28.813538
padim_r18,bottle,2,gate,test,broken_large,test/broken_large/002.png,24.384174
padim_r18,bottle,2,gate,test,broken_large,test/broken_large/003.png,30.522104
padim_r18,bottle,2,gate,test,broken_large,test/broken_large/004.png,30.326101
padim_r18,bottle,2,gate,test,broken_large,test/broken_large/005.png,28.361465
padim_r18,bottle,2,gate,test,broken_large,test/broken_large/006.png,32.845913
padim_r18,bottle,2,gate,test,broken_large,test/broken_large/007.png,24.926228
padim_r18,bottle,2,gate,test,broken_large,test/broken_large/008.png,32.896446
padim_r18,bottle,2,gate,test,broken_large,test/broken_large/009.png,27.165169
padim_r18,bottle,2,gate,test,broken_large,test/broken_large/010.png,26.303516
padim_r18,bottle,2,gate,test,broken_large,test/broken_large/011.png,29.285654
padim_r18,bottle,2,gate,test,broken_large,test/broken_large/012.png,30.491058
padim_r18,bottle,2,gate,test,broken_large,test/broken_large/013.png,24.481298
padim_r18,bottle,2,gate,test,broken_large,test/broken_large/014.png,33.522160
padim_r18,bottle,2,gate,test,broken_large,test/broken_large/015.png,28.131775
padim_r18,bottle,2,gate,test,broken_large,test/broken_large/016.png,27.310537
padim_r18,bottle,2,gate,test,broken_large,test/broken_large/017.png,28.643772
padim_r18,bottle,2,gate,test,broken_large,test/broken_large/018.png,27.958710
padim_r18,bottle,2,gate,test,broken_large,test/broken_large/019.png,32.812660
padim_r18,bottle,2,gate,test,broken_small,test/broken_small/000.png,23.744799
padim_r18,bottle,2,gate,test,broken_small,test/broken_small/001.png,25.799032
padim_r18,bottle,2,gate,test,broken_small,test/broken_small/002.png,26.596121
padim_r18,bottle,2,gate,test,broken_small,test/broken_small/003.png,32.333366
padim_r18,bottle,2,gate,test,broken_small,test/broken_small/004.png,39.247944
padim_r18,bottle,2,gate,test,broken_small,test/broken_small/005.png,28.985762
padim_r18,bottle,2,gate,test,broken_small,test/broken_small/006.png,29.677927
padim_r18,bottle,2,gate,test,broken_small,test/broken_small/007.png,21.236418
padim_r18,bottle,2,gate,test,broken_small,test/broken_small/008.png,23.883793
padim_r18,bottle,2,gate,test,broken_small,test/broken_small/009.png,31.203005
padim_r18,bottle,2,gate,test,broken_small,test/broken_small/010.png,29.581537
padim_r18,bottle,2,gate,test,broken_small,test/broken_small/011.png,26.976460
padim_r18,bottle,2,gate,test,broken_small,test/broken_small/012.png,32.262482
padim_r18,bottle,2,gate,test,broken_small,test/broken_small/013.png,26.882038
padim_r18,bottle,2,gate,test,broken_small,test/broken_small/014.png,26.952391
padim_r18,bottle,2,gate,test,broken_small,test/broken_small/015.png,24.814629
padim_r18,bottle,2,gate,test,broken_small,test/broken_small/016.png,29.360432
padim_r18,bottle,2,gate,test,broken_small,test/broken_small/017.png,30.779137
padim_r18,bottle,2,gate,test,broken_small,test/broken_small/018.png,38.913960
padim_r18,bottle,2,gate,test,broken_small,test/broken_small/019.png,31.868574
padim_r18,bottle,2,gate,test,broken_small,test/broken_small/020.png,29.901997
padim_r18,bottle,2,gate,test,broken_small,test/broken_small/021.png,31.830263
padim_r18,bottle,2,gate,test,contamination,test/contamination/000.png,23.490177
padim_r18,bottle,2,gate,test,contamination,test/contamination/001.png,21.481920
padim_r18,bottle,2,gate,test,contamination,test/contamination/002.png,34.408478
padim_r18,bottle,2,gate,test,contamination,test/contamination/003.png,16.013838
padim_r18,bottle,2,gate,test,contamination,test/contamination/004.png,20.287922
padim_r18,bottle,2,gate,test,contamination,test/contamination/005.png,29.440992
padim_r18,bottle,2,gate,test,contamination,test/contamination/006.png,24.706766
padim_r18,bottle,2,gate,test,contamination,test/contamination/007.png,48.297066
padim_r18,bottle,2,gate,test,contamination,test/contamination/008.png,29.063026
padim_r18,bottle,2,gate,test,contamination,test/contamination/009.png,24.243896
padim_r18,bottle,2,gate,test,contamination,test/contamination/010.png,30.797604
padim_r18,bottle,2,gate,test,contamination,test/contamination/011.png,23.297554
padim_r18,bottle,2,gate,test,contamination,test/contamination/012.png,16.168049
padim_r18,bottle,2,gate,test,contamination,test/contamination/013.png,29.523050
padim_r18,bottle,2,gate,test,contamination,test/contamination/014.png,23.297707
padim_r18,bottle,2,gate,test,contamination,test/contamination/015.png,28.080475
padim_r18,bottle,2,gate,test,contamination,test/contamination/016.png,22.190351
padim_r18,bottle,2,gate,test,contamination,test/contamination/017.png,57.498066
padim_r18,bottle,2,gate,test,contamination,test/contamination/018.png,37.976608
padim_r18,bottle,2,gate,test,contamination,test/contamination/019.png,17.917877
padim_r18,bottle,2,gate,test,contamination,test/contamination/020.png,18.999949
padim_r18,bottle,2,gate,test,good,test/good/000.png,10.539378
padim_r18,bottle,2,gate,test,good,test/good/001.png,12.527411
padim_r18,bottle,2,gate,test,good,test/good/002.png,11.085974
padim_r18,bottle,2,gate,test,good,test/good/003.png,7.597210
padim_r18,bottle,2,gate,test,good,test/good/004.png,11.262775
padim_r18,bottle,2,gate,test,good,test/good/005.png,8.077799
padim_r18,bottle,2,gate,test,good,test/good/006.png,16.144377
padim_r18,bottle,2,gate,test,good,test/good/007.png,9.804327
padim_r18,bottle,2,gate,test,good,test/good/008.png,8.132583
padim_r18,bottle,2,gate,test,good,test/good/009.png,9.798491
padim_r18,bottle,2,gate,test,good,test/good/010.png,11.013011
padim_r18,bottle,2,gate,test,good,test/good/011.png,8.001746
padim_r18,bottle,2,gate,test,good,test/good/012.png,10.657012
padim_r18,bottle,2,gate,test,good,test/good/013.png,9.058321
padim_r18,bottle,2,gate,test,good,test/good/014.png,10.325959
padim_r18,bottle,2,gate,test,good,test/good/015.png,14.477186
padim_r18,bottle,2,gate,test,good,test/good/016.png,14.272408
padim_r18,bottle,2,gate,test,good,test/good/017.png,9.160075
padim_r18,bottle,2,gate,test,good,test/good/018.png,10.314654
padim_r18,bottle,2,gate,test,good,test/good/019.png,11.120002
padim_r18,grid,0,full,test,bent,test/bent/000.png,11.181559
padim_r18,grid,0,full,test,bent,test/bent/001.png,13.229556
padim_r18,grid,0,full,test,bent,test/bent/002.png,10.404940
padim_r18,grid,0,full,test,bent,test/bent/003.png,14.496776
padim_r18,grid,0,full,test,bent,test/bent/004.png,11.746087
padim_r18,grid,0,full,test,bent,test/bent/005.png,12.296746
padim_r18,grid,0,full,test,bent,test/bent/006.png,12.475567
padim_r18,grid,0,full,test,bent,test/bent/007.png,10.849405
padim_r18,grid,0,full,test,bent,test/bent/008.png,11.233201
padim_r18,grid,0,full,test,bent,test/bent/009.png,11.375687
padim_r18,grid,0,full,test,bent,test/bent/010.png,12.807490
padim_r18,grid,0,full,test,bent,test/bent/011.png,12.290174
padim_r18,grid,0,full,test,broken,test/broken/000.png,11.461617
padim_r18,grid,0,full,test,broken,test/broken/001.png,12.437508
padim_r18,grid,0,full,test,broken,test/broken/002.png,13.629827
padim_r18,grid,0,full,test,broken,test/broken/003.png,17.699511
padim_r18,grid,0,full,test,broken,test/broken/004.png,18.502415
padim_r18,grid,0,full,test,broken,test/broken/005.png,12.706428
padim_r18,grid,0,full,test,broken,test/broken/006.png,13.526240
padim_r18,grid,0,full,test,broken,test/broken/007.png,13.010724
padim_r18,grid,0,full,test,broken,test/broken/008.png,15.574442
padim_r18,grid,0,full,test,broken,test/broken/009.png,14.868426
padim_r18,grid,0,full,test,broken,test/broken/010.png,12.089482
padim_r18,grid,0,full,test,broken,test/broken/011.png,14.903267
padim_r18,grid,0,full,test,glue,test/glue/000.png,10.381565
padim_r18,grid,0,full,test,glue,test/glue/001.png,12.358617
padim_r18,grid,0,full,test,glue,test/glue/002.png,12.350977
padim_r18,grid,0,full,test,glue,test/glue/003.png,10.370493
padim_r18,grid,0,full,test,glue,test/glue/004.png,12.899447
padim_r18,grid,0,full,test,glue,test/glue/005.png,12.972177
padim_r18,grid,0,full,test,glue,test/glue/006.png,9.343154
padim_r18,grid,0,full,test,glue,test/glue/007.png,9.367543
padim_r18,grid,0,full,test,glue,test/glue/008.png,8.041539
padim_r18,grid,0,full,test,glue,test/glue/009.png,9.837919
padim_r18,grid,0,full,test,glue,test/glue/010.png,12.718924
padim_r18,grid,0,full,test,good,test/good/000.png,8.902247
padim_r18,grid,0,full,test,good,test/good/001.png,9.075153
padim_r18,grid,0,full,test,good,test/good/002.png,9.677624
padim_r18,grid,0,full,test,good,test/good/003.png,8.761234
padim_r18,grid,0,full,test,good,test/good/004.png,8.482905
padim_r18,grid,0,full,test,good,test/good/005.png,9.372182
padim_r18,grid,0,full,test,good,test/good/006.png,10.569006
padim_r18,grid,0,full,test,good,test/good/007.png,9.863252
padim_r18,grid,0,full,test,good,test/good/008.png,8.949762
padim_r18,grid,0,full,test,good,test/good/009.png,8.980829
padim_r18,grid,0,full,test,good,test/good/010.png,9.124762
padim_r18,grid,0,full,test,good,test/good/011.png,9.204252
padim_r18,grid,0,full,test,good,test/good/012.png,8.582587
padim_r18,grid,0,full,test,good,test/good/013.png,8.916390
padim_r18,grid,0,full,test,good,test/good/014.png,9.355539
padim_r18,grid,0,full,test,good,test/good/015.png,9.252217
padim_r18,grid,0,full,test,good,test/good/016.png,9.446356
padim_r18,grid,0,full,test,good,test/good/017.png,9.113788
padim_r18,grid,0,full,test,good,test/good/018.png,9.895163
padim_r18,grid,0,full,test,good,test/good/019.png,10.457702
padim_r18,grid,0,full,test,good,test/good/020.png,9.034888
padim_r18,grid,0,full,test,metal_contamination,test/metal_contamination/000.png,15.341505
padim_r18,grid,0,full,test,metal_contamination,test/metal_contamination/001.png,12.180413
padim_r18,grid,0,full,test,metal_contamination,test/metal_contamination/002.png,13.756778
padim_r18,grid,0,full,test,metal_contamination,test/metal_contamination/003.png,15.066606
padim_r18,grid,0,full,test,metal_contamination,test/metal_contamination/004.png,14.831747
padim_r18,grid,0,full,test,metal_contamination,test/metal_contamination/005.png,15.550278
padim_r18,grid,0,full,test,metal_contamination,test/metal_contamination/006.png,12.450333
padim_r18,grid,0,full,test,metal_contamination,test/metal_contamination/007.png,11.263043
padim_r18,grid,0,full,test,metal_contamination,test/metal_contamination/008.png,11.045633
padim_r18,grid,0,full,test,metal_contamination,test/metal_contamination/009.png,10.434584
padim_r18,grid,0,full,test,metal_contamination,test/metal_contamination/010.png,15.595259
padim_r18,grid,0,full,test,thread,test/thread/000.png,13.221233
padim_r18,grid,0,full,test,thread,test/thread/001.png,17.779179
padim_r18,grid,0,full,test,thread,test/thread/002.png,9.818802
padim_r18,grid,0,full,test,thread,test/thread/003.png,8.038502
padim_r18,grid,0,full,test,thread,test/thread/004.png,11.593668
padim_r18,grid,0,full,test,thread,test/thread/005.png,11.180604
padim_r18,grid,0,full,test,thread,test/thread/006.png,9.815516
padim_r18,grid,0,full,test,thread,test/thread/007.png,10.434704
padim_r18,grid,0,full,test,thread,test/thread/008.png,10.464802
padim_r18,grid,0,full,test,thread,test/thread/009.png,11.738426
padim_r18,grid,0,full,test,thread,test/thread/010.png,13.519208
padim_r18,grid,0,gate,calibration,good,train/good/000.png,8.028681
padim_r18,grid,0,gate,calibration,good,train/good/006.png,10.550960
padim_r18,grid,0,gate,calibration,good,train/good/013.png,9.405637
padim_r18,grid,0,gate,calibration,good,train/good/017.png,9.757807
padim_r18,grid,0,gate,calibration,good,train/good/018.png,10.877496
padim_r18,grid,0,gate,calibration,good,train/good/025.png,10.352979
padim_r18,grid,0,gate,calibration,good,train/good/033.png,10.104193
padim_r18,grid,0,gate,calibration,good,train/good/036.png,9.734684
padim_r18,grid,0,gate,calibration,good,train/good/039.png,9.531794
padim_r18,grid,0,gate,calibration,good,train/good/041.png,10.268570
padim_r18,grid,0,gate,calibration,good,train/good/065.png,10.325665
padim_r18,grid,0,gate,calibration,good,train/good/068.png,10.471320
padim_r18,grid,0,gate,calibration,good,train/good/070.png,10.572401
padim_r18,grid,0,gate,calibration,good,train/good/071.png,10.827900
padim_r18,grid,0,gate,calibration,good,train/good/074.png,10.937412
padim_r18,grid,0,gate,calibration,good,train/good/075.png,9.144729
padim_r18,grid,0,gate,calibration,good,train/good/092.png,8.685805
padim_r18,grid,0,gate,calibration,good,train/good/093.png,9.630664
padim_r18,grid,0,gate,calibration,good,train/good/094.png,9.024364
padim_r18,grid,0,gate,calibration,good,train/good/097.png,9.729444
padim_r18,grid,0,gate,calibration,good,train/good/098.png,8.787603
padim_r18,grid,0,gate,calibration,good,train/good/103.png,9.576690
padim_r18,grid,0,gate,calibration,good,train/good/111.png,9.971863
padim_r18,grid,0,gate,calibration,good,train/good/116.png,8.740215
padim_r18,grid,0,gate,calibration,good,train/good/123.png,9.314035
padim_r18,grid,0,gate,calibration,good,train/good/124.png,8.912707
padim_r18,grid,0,gate,calibration,good,train/good/126.png,10.183521
padim_r18,grid,0,gate,calibration,good,train/good/130.png,8.994558
padim_r18,grid,0,gate,calibration,good,train/good/132.png,9.400753
padim_r18,grid,0,gate,calibration,good,train/good/133.png,9.835333
padim_r18,grid,0,gate,calibration,good,train/good/138.png,8.734603
padim_r18,grid,0,gate,calibration,good,train/good/140.png,8.893186
padim_r18,grid,0,gate,calibration,good,train/good/142.png,9.002540
padim_r18,grid,0,gate,calibration,good,train/good/148.png,10.441930
padim_r18,grid,0,gate,calibration,good,train/good/149.png,9.312388
padim_r18,grid,0,gate,calibration,good,train/good/157.png,9.514207
padim_r18,grid,0,gate,calibration,good,train/good/160.png,8.855093
padim_r18,grid,0,gate,calibration,good,train/good/161.png,9.739741
padim_r18,grid,0,gate,calibration,good,train/good/164.png,10.120476
padim_r18,grid,0,gate,calibration,good,train/good/165.png,10.033775
padim_r18,grid,0,gate,calibration,good,train/good/167.png,8.465519
padim_r18,grid,0,gate,calibration,good,train/good/173.png,9.164789
padim_r18,grid,0,gate,calibration,good,train/good/194.png,10.944029
padim_r18,grid,0,gate,calibration,good,train/good/200.png,9.516463
padim_r18,grid,0,gate,calibration,good,train/good/201.png,8.747631
padim_r18,grid,0,gate,calibration,good,train/good/214.png,9.308738
padim_r18,grid,0,gate,calibration,good,train/good/223.png,10.246478
padim_r18,grid,0,gate,calibration,good,train/good/227.png,8.714303
padim_r18,grid,0,gate,calibration,good,train/good/229.png,9.798579
padim_r18,grid,0,gate,calibration,good,train/good/235.png,8.980871
padim_r18,grid,0,gate,calibration,good,train/good/239.png,9.602891
padim_r18,grid,0,gate,calibration,good,train/good/246.png,9.829356
padim_r18,grid,0,gate,calibration,good,train/good/249.png,9.540162
padim_r18,grid,0,gate,test,bent,test/bent/000.png,11.264985
padim_r18,grid,0,gate,test,bent,test/bent/001.png,13.368682
padim_r18,grid,0,gate,test,bent,test/bent/002.png,10.440880
padim_r18,grid,0,gate,test,bent,test/bent/003.png,14.645072
padim_r18,grid,0,gate,test,bent,test/bent/004.png,11.822323
padim_r18,grid,0,gate,test,bent,test/bent/005.png,12.390254
padim_r18,grid,0,gate,test,bent,test/bent/006.png,12.569291
padim_r18,grid,0,gate,test,bent,test/bent/007.png,11.138592
padim_r18,grid,0,gate,test,bent,test/bent/008.png,11.495656
padim_r18,grid,0,gate,test,bent,test/bent/009.png,11.610074
padim_r18,grid,0,gate,test,bent,test/bent/010.png,12.926117
padim_r18,grid,0,gate,test,bent,test/bent/011.png,12.459760
padim_r18,grid,0,gate,test,broken,test/broken/000.png,11.650134
padim_r18,grid,0,gate,test,broken,test/broken/001.png,12.501350
padim_r18,grid,0,gate,test,broken,test/broken/002.png,13.787916
padim_r18,grid,0,gate,test,broken,test/broken/003.png,17.926468
padim_r18,grid,0,gate,test,broken,test/broken/004.png,18.807274
padim_r18,grid,0,gate,test,broken,test/broken/005.png,12.735118
padim_r18,grid,0,gate,test,broken,test/broken/006.png,13.578611
padim_r18,grid,0,gate,test,broken,test/broken/007.png,13.060645
padim_r18,grid,0,gate,test,broken,test/broken/008.png,15.934132
padim_r18,grid,0,gate,test,broken,test/broken/009.png,14.962550
padim_r18,grid,0,gate,test,broken,test/broken/010.png,12.310294
padim_r18,grid,0,gate,test,broken,test/broken/011.png,15.127376
padim_r18,grid,0,gate,test,glue,test/glue/000.png,10.451459
padim_r18,grid,0,gate,test,glue,test/glue/001.png,12.350151
padim_r18,grid,0,gate,test,glue,test/glue/002.png,12.303931
padim_r18,grid,0,gate,test,glue,test/glue/003.png,10.389908
padim_r18,grid,0,gate,test,glue,test/glue/004.png,12.829872
padim_r18,grid,0,gate,test,glue,test/glue/005.png,13.161800
padim_r18,grid,0,gate,test,glue,test/glue/006.png,9.468507
padim_r18,grid,0,gate,test,glue,test/glue/007.png,9.758685
padim_r18,grid,0,gate,test,glue,test/glue/008.png,8.612259
padim_r18,grid,0,gate,test,glue,test/glue/009.png,9.857562
padim_r18,grid,0,gate,test,glue,test/glue/010.png,12.860219
padim_r18,grid,0,gate,test,good,test/good/000.png,8.836795
padim_r18,grid,0,gate,test,good,test/good/001.png,9.237522
padim_r18,grid,0,gate,test,good,test/good/002.png,9.826338
padim_r18,grid,0,gate,test,good,test/good/003.png,9.715730
padim_r18,grid,0,gate,test,good,test/good/004.png,8.494172
padim_r18,grid,0,gate,test,good,test/good/005.png,9.651977
padim_r18,grid,0,gate,test,good,test/good/006.png,10.637969
padim_r18,grid,0,gate,test,good,test/good/007.png,10.105263
padim_r18,grid,0,gate,test,good,test/good/008.png,9.113108
padim_r18,grid,0,gate,test,good,test/good/009.png,9.225808
padim_r18,grid,0,gate,test,good,test/good/010.png,9.570880
padim_r18,grid,0,gate,test,good,test/good/011.png,9.407009
padim_r18,grid,0,gate,test,good,test/good/012.png,9.015335
padim_r18,grid,0,gate,test,good,test/good/013.png,9.296111
padim_r18,grid,0,gate,test,good,test/good/014.png,9.544975
padim_r18,grid,0,gate,test,good,test/good/015.png,9.337069
padim_r18,grid,0,gate,test,good,test/good/016.png,9.560154
padim_r18,grid,0,gate,test,good,test/good/017.png,9.244654
padim_r18,grid,0,gate,test,good,test/good/018.png,9.798009
padim_r18,grid,0,gate,test,good,test/good/019.png,10.779152
padim_r18,grid,0,gate,test,good,test/good/020.png,9.149617
padim_r18,grid,0,gate,test,metal_contamination,test/metal_contamination/000.png,15.883399
padim_r18,grid,0,gate,test,metal_contamination,test/metal_contamination/001.png,12.215987
padim_r18,grid,0,gate,test,metal_contamination,test/metal_contamination/002.png,13.859316
padim_r18,grid,0,gate,test,metal_contamination,test/metal_contamination/003.png,15.171178
padim_r18,grid,0,gate,test,metal_contamination,test/metal_contamination/004.png,14.818602
padim_r18,grid,0,gate,test,metal_contamination,test/metal_contamination/005.png,15.556334
padim_r18,grid,0,gate,test,metal_contamination,test/metal_contamination/006.png,12.584327
padim_r18,grid,0,gate,test,metal_contamination,test/metal_contamination/007.png,11.351245
padim_r18,grid,0,gate,test,metal_contamination,test/metal_contamination/008.png,11.160332
padim_r18,grid,0,gate,test,metal_contamination,test/metal_contamination/009.png,11.356282
padim_r18,grid,0,gate,test,metal_contamination,test/metal_contamination/010.png,15.716869
padim_r18,grid,0,gate,test,thread,test/thread/000.png,13.391269
padim_r18,grid,0,gate,test,thread,test/thread/001.png,18.260033
padim_r18,grid,0,gate,test,thread,test/thread/002.png,9.734949
padim_r18,grid,0,gate,test,thread,test/thread/003.png,8.242512
padim_r18,grid,0,gate,test,thread,test/thread/004.png,11.757268
padim_r18,grid,0,gate,test,thread,test/thread/005.png,11.231365
padim_r18,grid,0,gate,test,thread,test/thread/006.png,9.876801
padim_r18,grid,0,gate,test,thread,test/thread/007.png,10.600014
padim_r18,grid,0,gate,test,thread,test/thread/008.png,10.797833
padim_r18,grid,0,gate,test,thread,test/thread/009.png,11.949842
padim_r18,grid,0,gate,test,thread,test/thread/010.png,13.726785
padim_r18,grid,1,full,test,bent,test/bent/000.png,11.910483
padim_r18,grid,1,full,test,bent,test/bent/001.png,14.249762
padim_r18,grid,1,full,test,bent,test/bent/002.png,10.762517
padim_r18,grid,1,full,test,bent,test/bent/003.png,14.247921
padim_r18,grid,1,full,test,bent,test/bent/004.png,11.968738
padim_r18,grid,1,full,test,bent,test/bent/005.png,11.866114
padim_r18,grid,1,full,test,bent,test/bent/006.png,12.251587
padim_r18,grid,1,full,test,bent,test/bent/007.png,10.859009
padim_r18,grid,1,full,test,bent,test/bent/008.png,11.653311
padim_r18,grid,1,full,test,bent,test/bent/009.png,11.472415
padim_r18,grid,1,full,test,bent,test/bent/010.png,12.547742
padim_r18,grid,1,full,test,bent,test/bent/011.png,12.617730
padim_r18,grid,1,full,test,broken,test/broken/000.png,15.460118
padim_r18,grid,1,full,test,broken,test/broken/001.png,16.149910
padim_r18,grid,1,full,test,broken,test/broken/002.png,12.887836
padim_r18,grid,1,full,test,broken,test/broken/003.png,16.122581
padim_r18,grid,1,full,test,broken,test/broken/004.png,22.529192
padim_r18,grid,1,full,test,broken,test/broken/005.png,12.097157
padim_r18,grid,1,full,test,broken,test/broken/006.png,16.055151
padim_r18,grid,1,full,test,broken,test/broken/007.png,13.157640
padim_r18,grid,1,full,test,broken,test/broken/008.png,14.371599
padim_r18,grid,1,full,test,broken,test/broken/009.png,21.561466
padim_r18,grid,1,full,test,broken,test/broken/010.png,11.835006
padim_r18,grid,1,full,test,broken,test/broken/011.png,14.663461
padim_r18,grid,1,full,test,glue,test/glue/000.png,10.310992
padim_r18,grid,1,full,test,glue,test/glue/001.png,12.529949
padim_r18,grid,1,full,test,glue,test/glue/002.png,12.924415
padim_r18,grid,1,full,test,glue,test/glue/003.png,11.174398
padim_r18,grid,1,full,test,glue,test/glue/004.png,14.556245
padim_r18,grid,1,full,test,glue,test/glue/005.png,18.822880
padim_r18,grid,1,full,test,glue,test/glue/006.png,9.524527
padim_r18,grid,1,full,test,glue,test/glue/007.png,9.889268
padim_r18,grid,1,full,test,glue,test/glue/008.png,8.155181
padim_r18,grid,1,full,test,glue,test/glue/009.png,10.911633
padim_r18,grid,1,full,test,glue,test/glue/010.png,13.784701
padim_r18,grid,1,full,test,good,test/good/000.png,9.117783
padim_r18,grid,1,full,test,good,test/good/001.png,9.008485
padim_r18,grid,1,full,test,good,test/good/002.png,9.866823
padim_r18,grid,1,full,test,good,test/good/003.png,8.719304
padim_r18,grid,1,full,test,good,test/good/004.png,9.400185
padim_r18,grid,1,full,test,good,test/good/005.png,10.169295
padim_r18,grid,1,full,test,good,test/good/006.png,11.252081
padim_r18,grid,1,full,test,good,test/good/007.png,9.164860
padim_r18,grid,1,full,test,good,test/good/008.png,8.780420
padim_r18,grid,1,full,test,good,test/good/009.png,8.996309
padim_r18,grid,1,full,test,good,test/good/010.png,8.621244
padim_r18,grid,1,full,test,good,test/good/011.png,10.084269
padim_r18,grid,1,full,test,good,test/good/012.png,8.609622
padim_r18,grid,1,full,test,good,test/good/013.png,9.742092
padim_r18,grid,1,full,test,good,test/good/014.png,9.257112
padim_r18,grid,1,full,test,good,test/good/015.png,9.395014
padim_r18,grid,1,full,test,good,test/good/016.png,9.468589
padim_r18,grid,1,full,test,good,test/good/017.png,10.187723
padim_r18,grid,1,full,test,good,test/good/018.png,9.726759
padim_r18,grid,1,full,test,good,test/good/019.png,10.116794
padim_r18,grid,1,full,test,good,test/good/020.png,11.029632
padim_r18,grid,1,full,test,metal_contamination,test/metal_contamination/000.png,18.778669
padim_r18,grid,1,full,test,metal_contamination,test/metal_contamination/001.png,13.777983
padim_r18,grid,1,full,test,metal_contamination,test/metal_contamination/002.png,16.535410
padim_r18,grid,1,full,test,metal_contamination,test/metal_contamination/003.png,17.845545
padim_r18,grid,1,full,test,metal_contamination,test/metal_contamination/004.png,16.329918
padim_r18,grid,1,full,test,metal_contamination,test/metal_contamination/005.png,14.812796
padim_r18,grid,1,full,test,metal_contamination,test/metal_contamination/006.png,13.566720
padim_r18,grid,1,full,test,metal_contamination,test/metal_contamination/007.png,13.045805
padim_r18,grid,1,full,test,metal_contamination,test/metal_contamination/008.png,12.916944
padim_r18,grid,1,full,test,metal_contamination,test/metal_contamination/009.png,11.857946
padim_r18,grid,1,full,test,metal_contamination,test/metal_contamination/010.png,15.738759
padim_r18,grid,1,full,test,thread,test/thread/000.png,13.503757
padim_r18,grid,1,full,test,thread,test/thread/001.png,15.297495
padim_r18,grid,1,full,test,thread,test/thread/002.png,10.044036
padim_r18,grid,1,full,test,thread,test/thread/003.png,9.487364
padim_r18,grid,1,full,test,thread,test/thread/004.png,13.112755
padim_r18,grid,1,full,test,thread,test/thread/005.png,14.480027
padim_r18,grid,1,full,test,thread,test/thread/006.png,12.743744
padim_r18,grid,1,full,test,thread,test/thread/007.png,10.658875
padim_r18,grid,1,full,test,thread,test/thread/008.png,11.312369
padim_r18,grid,1,full,test,thread,test/thread/009.png,13.618539
padim_r18,grid,1,full,test,thread,test/thread/010.png,13.701489
padim_r18,grid,1,gate,calibration,good,train/good/001.png,9.664658
padim_r18,grid,1,gate,calibration,good,train/good/005.png,8.481709
padim_r18,grid,1,gate,calibration,good,train/good/006.png,9.968583
padim_r18,grid,1,gate,calibration,good,train/good/007.png,8.949521
padim_r18,grid,1,gate,calibration,good,train/good/008.png,9.364648
padim_r18,grid,1,gate,calibration,good,train/good/013.png,10.040353
padim_r18,grid,1,gate,calibration,good,train/good/014.png,10.506786
padim_r18,grid,1,gate,calibration,good,train/good/019.png,9.833302
padim_r18,grid,1,gate,calibration,good,train/good/021.png,9.900700
padim_r18,grid,1,gate,calibration,good,train/good/022.png,9.641205
padim_r18,grid,1,gate,calibration,good,train/good/023.png,10.316446
padim_r18,grid,1,gate,calibration,good,train/good/024.png,12.045970
padim_r18,grid,1,gate,calibration,good,train/good/029.png,10.592913
padim_r18,grid,1,gate,calibration,good,train/good/032.png,9.253280
padim_r18,grid,1,gate,calibration,good,train/good/043.png,9.904859
padim_r18,grid,1,gate,calibration,good,train/good/048.png,9.918015
padim_r18,grid,1,gate,calibration,good,train/good/059.png,9.033601
padim_r18,grid,1,gate,calibration,good,train/good/063.png,10.897147
padim_r18,grid,1,gate,calibration,good,train/good/067.png,10.515221
padim_r18,grid,1,gate,calibration,good,train/good/073.png,9.193194
padim_r18,grid,1,gate,calibration,good,train/good/078.png,9.701644
padim_r18,grid,1,gate,calibration,good,train/good/084.png,8.859334
padim_r18,grid,1,gate,calibration,good,train/good/088.png,9.822815
padim_r18,grid,1,gate,calibration,good,train/good/096.png,8.997066
padim_r18,grid,1,gate,calibration,good,train/good/099.png,10.391975
padim_r18,grid,1,gate,calibration,good,train/good/105.png,8.752012
padim_r18,grid,1,gate,calibration,good,train/good/106.png,9.654481
padim_r18,grid,1,gate,calibration,good,train/good/108.png,10.407834
padim_r18,grid,1,gate,calibration,good,train/good/111.png,9.421929
padim_r18,grid,1,gate,calibration,good,train/good/123.png,9.144990
padim_r18,grid,1,gate,calibration,good,train/good/124.png,9.197489
padim_r18,grid,1,gate,calibration,good,train/good/126.png,9.975981
padim_r18,grid,1,gate,calibration,good,train/good/133.png,9.204635
padim_r18,grid,1,gate,calibration,good,train/good/135.png,9.023067
padim_r18,grid,1,gate,calibration,good,train/good/136.png,8.942988
padim_r18,grid,1,gate,calibration,good,train/good/145.png,8.867217
padim_r18,grid,1,gate,calibration,good,train/good/150.png,8.321782
padim_r18,grid,1,gate,calibration,good,train/good/160.png,10.127107
padim_r18,grid,1,gate,calibration,good,train/good/171.png,9.676011
padim_r18,grid,1,gate,calibration,good,train/good/172.png,9.011155
padim_r18,grid,1,gate,calibration,good,train/good/175.png,10.481470
padim_r18,grid,1,gate,calibration,good,train/good/180.png,8.419533
padim_r18,grid,1,gate,calibration,good,train/good/191.png,10.045949
padim_r18,grid,1,gate,calibration,good,train/good/195.png,10.140084
padim_r18,grid,1,gate,calibration,good,train/good/197.png,10.426937
padim_r18,grid,1,gate,calibration,good,train/good/201.png,9.181637
padim_r18,grid,1,gate,calibration,good,train/good/214.png,9.621367
padim_r18,grid,1,gate,calibration,good,train/good/217.png,8.998239
padim_r18,grid,1,gate,calibration,good,train/good/229.png,9.574876
padim_r18,grid,1,gate,calibration,good,train/good/237.png,9.388070
padim_r18,grid,1,gate,calibration,good,train/good/244.png,9.782508
padim_r18,grid,1,gate,calibration,good,train/good/258.png,10.092261
padim_r18,grid,1,gate,calibration,good,train/good/259.png,9.993205
padim_r18,grid,1,gate,test,bent,test/bent/000.png,12.022134
padim_r18,grid,1,gate,test,bent,test/bent/001.png,14.545917
padim_r18,grid,1,gate,test,bent,test/bent/002.png,10.935658
padim_r18,grid,1,gate,test,bent,test/bent/003.png,14.502934
padim_r18,grid,1,gate,test,bent,test/bent/004.png,12.215069
padim_r18,grid,1,gate,test,bent,test/bent/005.png,12.017668
padim_r18,grid,1,gate,test,bent,test/bent/006.png,12.550314
padim_r18,grid,1,gate,test,bent,test/bent/007.png,10.990913
padim_r18,grid,1,gate,test,bent,test/bent/008.png,11.878042
padim_r18,grid,1,gate,test,bent,test/bent/009.png,11.508914
padim_r18,grid,1,gate,test,bent,test/bent/010.png,12.632638
padim_r18,grid,1,gate,test,bent,test/bent/011.png,12.895943
padim_r18,grid,1,gate,test,broken,test/broken/000.png,15.656188
padim_r18,grid,1,gate,test,broken,test/broken/001.png,16.173374
padim_r18,grid,1,gate,test,broken,test/broken/002.png,13.159168
padim_r18,grid,1,gate,test,broken,test/broken/003.png,16.494755
padim_r18,grid,1,gate,test,broken,test/broken/004.png,22.934185
padim_r18,grid,1,gate,test,broken,test/broken/005.png,12.273574
padim_r18,grid,1,gate,test,broken,test/broken/006.png,16.131439
padim_r18,grid,1,gate,test,broken,test/broken/007.png,13.354132
padim_r18,grid,1,gate,test,broken,test/broken/008.png,14.397767
padim_r18,grid,1,gate,test,broken,test/broken/009.png,21.644808
padim_r18,grid,1,gate,test,broken,test/broken/010.png,11.903499
padim_r18,grid,1,gate,test,broken,test/broken/011.png,14.788372
padim_r18,grid,1,gate,test,glue,test/glue/000.png,10.315197
padim_r18,grid,1,gate,test,glue,test/glue/001.png,13.061543
padim_r18,grid,1,gate,test,glue,test/glue/002.png,13.079890
padim_r18,grid,1,gate,test,glue,test/glue/003.png,11.248646
padim_r18,grid,1,gate,test,glue,test/glue/004.png,14.567251
padim_r18,grid,1,gate,test,glue,test/glue/005.png,18.948133
padim_r18,grid,1,gate,test,glue,test/glue/006.png,9.727921
padim_r18,grid,1,gate,test,glue,test/glue/007.png,10.131156
padim_r18,grid,1,gate,test,glue,test/glue/008.png,8.636333
padim_r18,grid,1,gate,test,glue,test/glue/009.png,11.107160
padim_r18,grid,1,gate,test,glue,test/glue/010.png,13.889883
padim_r18,grid,1,gate,test,good,test/good/000.png,9.505640
padim_r18,grid,1,gate,test,good,test/good/001.png,9.314201
padim_r18,grid,1,gate,test,good,test/good/002.png,10.057915
padim_r18,grid,1,gate,test,good,test/good/003.png,9.132607
padim_r18,grid,1,gate,test,good,test/good/004.png,9.426729
padim_r18,grid,1,gate,test,good,test/good/005.png,10.463948
padim_r18,grid,1,gate,test,good,test/good/006.png,11.683274
padim_r18,grid,1,gate,test,good,test/good/007.png,9.330687
padim_r18,grid,1,gate,test,good,test/good/008.png,8.732433
padim_r18,grid,1,gate,test,good,test/good/009.png,9.145387
padim_r18,grid,1,gate,test,good,test/good/010.png,8.562748
padim_r18,grid,1,gate,test,good,test/good/011.png,10.105894
padim_r18,grid,1,gate,test,good,test/good/012.png,8.581928
padim_r18,grid,1,gate,test,good,test/good/013.png,10.011147
padim_r18,grid,1,gate,test,good,test/good/014.png,9.523369
padim_r18,grid,1,gate,test,good,test/good/015.png,9.477303
padim_r18,grid,1,gate,test,good,test/good/016.png,10.011914
padim_r18,grid,1,gate,test,good,test/good/017.png,10.563662
padim_r18,grid,1,gate,test,good,test/good/018.png,9.817536
padim_r18,grid,1,gate,test,good,test/good/019.png,10.188677
padim_r18,grid,1,gate,test,good,test/good/020.png,11.295311
padim_r18,grid,1,gate,test,metal_contamination,test/metal_contamination/000.png,18.778584
padim_r18,grid,1,gate,test,metal_contamination,test/metal_contamination/001.png,13.885974
padim_r18,grid,1,gate,test,metal_contamination,test/metal_contamination/002.png,16.775707
padim_r18,grid,1,gate,test,metal_contamination,test/metal_contamination/003.png,18.283369
padim_r18,grid,1,gate,test,metal_contamination,test/metal_contamination/004.png,16.648817
padim_r18,grid,1,gate,test,metal_contamination,test/metal_contamination/005.png,15.084580
padim_r18,grid,1,gate,test,metal_contamination,test/metal_contamination/006.png,13.839130
padim_r18,grid,1,gate,test,metal_contamination,test/metal_contamination/007.png,13.191211
padim_r18,grid,1,gate,test,metal_contamination,test/metal_contamination/008.png,13.180358
padim_r18,grid,1,gate,test,metal_contamination,test/metal_contamination/009.png,12.217161
padim_r18,grid,1,gate,test,metal_contamination,test/metal_contamination/010.png,15.943135
padim_r18,grid,1,gate,test,thread,test/thread/000.png,13.938791
padim_r18,grid,1,gate,test,thread,test/thread/001.png,15.408209
padim_r18,grid,1,gate,test,thread,test/thread/002.png,10.283683
padim_r18,grid,1,gate,test,thread,test/thread/003.png,9.788978
padim_r18,grid,1,gate,test,thread,test/thread/004.png,13.295023
padim_r18,grid,1,gate,test,thread,test/thread/005.png,14.724315
padim_r18,grid,1,gate,test,thread,test/thread/006.png,13.018794
padim_r18,grid,1,gate,test,thread,test/thread/007.png,10.722464
padim_r18,grid,1,gate,test,thread,test/thread/008.png,11.223356
padim_r18,grid,1,gate,test,thread,test/thread/009.png,13.853911
padim_r18,grid,1,gate,test,thread,test/thread/010.png,13.823791
padim_r18,grid,2,full,test,bent,test/bent/000.png,11.602438
padim_r18,grid,2,full,test,bent,test/bent/001.png,14.765201
padim_r18,grid,2,full,test,bent,test/bent/002.png,11.362286
padim_r18,grid,2,full,test,bent,test/bent/003.png,13.906062
padim_r18,grid,2,full,test,bent,test/bent/004.png,9.671001
padim_r18,grid,2,full,test,bent,test/bent/005.png,11.319281
padim_r18,grid,2,full,test,bent,test/bent/006.png,13.036563
padim_r18,grid,2,full,test,bent,test/bent/007.png,10.090936
padim_r18,grid,2,full,test,bent,test/bent/008.png,10.300056
padim_r18,grid,2,full,test,bent,test/bent/009.png,10.215019
padim_r18,grid,2,full,test,bent,test/bent/010.png,13.014099
padim_r18,grid,2,full,test,bent,test/bent/011.png,12.322732
padim_r18,grid,2,full,test,broken,test/broken/000.png,13.088181
padim_r18,grid,2,full,test,broken,test/broken/001.png,17.017637
padim_r18,grid,2,full,test,broken,test/broken/002.png,10.832777
padim_r18,grid,2,full,test,broken,test/broken/003.png,14.005701
padim_r18,grid,2,full,test,broken,test/broken/004.png,14.075078
padim_r18,grid,2,full,test,broken,test/broken/005.png,10.702627
padim_r18,grid,2,full,test,broken,test/broken/006.png,12.941244
padim_r18,grid,2,full,test,broken,test/broken/007.png,11.859405
padim_r18,grid,2,full,test,broken,test/broken/008.png,11.828284
padim_r18,grid,2,full,test,broken,test/broken/009.png,17.450264
padim_r18,grid,2,full,test,broken,test/broken/010.png,12.733403
padim_r18,grid,2,full,test,broken,test/broken/011.png,12.097727
padim_r18,grid,2,full,test,glue,test/glue/000.png,9.688860
padim_r18,grid,2,full,test,glue,test/glue/001.png,10.659457
padim_r18,grid,2,full,test,glue,test/glue/002.png,10.175176
padim_r18,grid,2,full,test,glue,test/glue/003.png,11.295738
padim_r18,grid,2,full,test,glue,test/glue/004.png,11.234847
padim_r18,grid,2,full,test,glue,test/glue/005.png,13.304443
padim_r18,grid,2,full,test,glue,test/glue/006.png,9.787997
padim_r18,grid,2,full,test,glue,test/glue/007.png,9.997691
padim_r18,grid,2,full,test,glue,test/glue/008.png,8.095810
padim_r18,grid,2,full,test,glue,test/glue/009.png,10.873463
padim_r18,grid,2,full,test,glue,test/glue/010.png,13.979934
padim_r18,grid,2,full,test,good,test/good/000.png,9.051539
padim_r18,grid,2,full,test,good,test/good/001.png,9.854708
padim_r18,grid,2,full,test,good,test/good/002.png,10.125763
padim_r18,grid,2,full,test,good,test/good/003.png,8.770494
padim_r18,grid,2,full,test,good,test/good/004.png,9.118599
padim_r18,grid,2,full,test,good,test/good/005.png,9.455812
padim_r18,grid,2,full,test,good,test/good/006.png,11.287943
padim_r18,grid,2,full,test,good,test/good/007.png,9.786333
padim_r18,grid,2,full,test,good,test/good/008.png,8.826784
padim_r18,grid,2,full,test,good,test/good/009.png,9.286509
padim_r18,grid,2,full,test,good,test/good/010.png,9.562703
padim_r18,grid,2,full,test,good,test/good/011.png,8.765845
padim_r18,grid,2,full,test,good,test/good/012.png,9.036414
padim_r18,grid,2,full,test,good,test/good/013.png,8.924660
padim_r18,grid,2,full,test,good,test/good/014.png,9.748131
padim_r18,grid,2,full,test,good,test/good/015.png,8.980041
padim_r18,grid,2,full,test,good,test/good/016.png,9.555718
padim_r18,grid,2,full,test,good,test/good/017.png,9.178264
padim_r18,grid,2,full,test,good,test/good/018.png,10.259172
padim_r18,grid,2,full,test,good,test/good/019.png,11.102548
padim_r18,grid,2,full,test,good,test/good/020.png,10.122890
padim_r18,grid,2,full,test,metal_contamination,test/metal_contamination/000.png,11.331215
padim_r18,grid,2,full,test,metal_contamination,test/metal_contamination/001.png,13.068913
padim_r18,grid,2,full,test,metal_contamination,test/metal_contamination/002.png,14.915047
padim_r18,grid,2,full,test,metal_contamination,test/metal_contamination/003.png,13.375463
padim_r18,grid,2,full,test,metal_contamination,test/metal_contamination/004.png,13.463166
padim_r18,grid,2,full,test,metal_contamination,test/metal_contamination/005.png,12.632611
padim_r18,grid,2,full,test,metal_contamination,test/metal_contamination/006.png,9.857193
padim_r18,grid,2,full,test,metal_contamination,test/metal_contamination/007.png,11.058806
padim_r18,grid,2,full,test,metal_contamination,test/metal_contamination/008.png,12.093263
padim_r18,grid,2,full,test,metal_contamination,test/metal_contamination/009.png,10.279828
padim_r18,grid,2,full,test,metal_contamination,test/metal_contamination/010.png,14.223265
padim_r18,grid,2,full,test,thread,test/thread/000.png,13.161582
padim_r18,grid,2,full,test,thread,test/thread/001.png,17.342014
padim_r18,grid,2,full,test,thread,test/thread/002.png,9.482841
padim_r18,grid,2,full,test,thread,test/thread/003.png,8.344787
padim_r18,grid,2,full,test,thread,test/thread/004.png,12.766758
padim_r18,grid,2,full,test,thread,test/thread/005.png,15.858927
padim_r18,grid,2,full,test,thread,test/thread/006.png,10.200715
padim_r18,grid,2,full,test,thread,test/thread/007.png,8.674104
padim_r18,grid,2,full,test,thread,test/thread/008.png,10.194478
padim_r18,grid,2,full,test,thread,test/thread/009.png,11.766620
padim_r18,grid,2,full,test,thread,test/thread/010.png,12.031659
padim_r18,grid,2,gate,calibration,good,train/good/005.png,8.674283
padim_r18,grid,2,gate,calibration,good,train/good/011.png,9.922183
padim_r18,grid,2,gate,calibration,good,train/good/026.png,8.970434
padim_r18,grid,2,gate,calibration,good,train/good/031.png,10.717337
padim_r18,grid,2,gate,calibration,good,train/good/038.png,11.337866
padim_r18,grid,2,gate,calibration,good,train/good/039.png,9.353132
padim_r18,grid,2,gate,calibration,good,train/good/042.png,10.362769
padim_r18,grid,2,gate,calibration,good,train/good/047.png,9.869349
padim_r18,grid,2,gate,calibration,good,train/good/048.png,9.742968
padim_r18,grid,2,gate,calibration,good,train/good/052.png,10.011373
padim_r18,grid,2,gate,calibration,good,train/good/053.png,10.414845
padim_r18,grid,2,gate,calibration,good,train/good/067.png,9.115604
padim_r18,grid,2,gate,calibration,good,train/good/071.png,9.366296
padim_r18,grid,2,gate,calibration,good,train/good/074.png,10.039571
padim_r18,grid,2,gate,calibration,good,train/good/078.png,9.285883
padim_r18,grid,2,gate,calibration,good,train/good/089.png,8.477972
padim_r18,grid,2,gate,calibration,good,train/good/093.png,9.523203
padim_r18,grid,2,gate,calibration,good,train/good/097.png,8.709037
padim_r18,grid,2,gate,calibration,good,train/good/098.png,8.513753
padim_r18,grid,2,gate,calibration,good,train/good/110.png,9.147723
padim_r18,grid,2,gate,calibration,good,train/good/112.png,9.520896
padim_r18,grid,2,gate,calibration,good,train/good/118.png,9.288188
padim_r18,grid,2,gate,calibration,good,train/good/120.png,8.647086
padim_r18,grid,2,gate,calibration,good,train/good/129.png,9.117501
padim_r18,grid,2,gate,calibration,good,train/good/132.png,10.818931
padim_r18,grid,2,gate,calibration,good,train/good/138.png,10.099932
padim_r18,grid,2,gate,calibration,good,train/good/139.png,9.858907
padim_r18,grid,2,gate,calibration,good,train/good/140.png,9.249218
padim_r18,grid,2,gate,calibration,good,train/good/141.png,8.257422
padim_r18,grid,2,gate,calibration,good,train/good/146.png,8.023803
padim_r18,grid,2,gate,calibration,good,train/good/148.png,9.093463
padim_r18,grid,2,gate,calibration,good,train/good/150.png,8.911873
padim_r18,grid,2,gate,calibration,good,train/good/151.png,9.668591
padim_r18,grid,2,gate,calibration,good,train/good/154.png,10.025743
padim_r18,grid,2,gate,calibration,good,train/good/161.png,9.347213
padim_r18,grid,2,gate,calibration,good,train/good/171.png,9.865651
padim_r18,grid,2,gate,calibration,good,train/good/173.png,8.786020
padim_r18,grid,2,gate,calibration,good,train/good/174.png,8.924689
padim_r18,grid,2,gate,calibration,good,train/good/204.png,10.093932
padim_r18,grid,2,gate,calibration,good,train/good/209.png,8.996938
padim_r18,grid,2,gate,calibration,good,train/good/217.png,9.356356
padim_r18,grid,2,gate,calibration,good,train/good/222.png,8.515027
padim_r18,grid,2,gate,calibration,good,train/good/223.png,9.626776
padim_r18,grid,2,gate,calibration,good,train/good/227.png,8.910300
padim_r18,grid,2,gate,calibration,good,train/good/233.png,9.937337
padim_r18,grid,2,gate,calibration,good,train/good/236.png,8.162241
padim_r18,grid,2,gate,calibration,good,train/good/247.png,10.196355
padim_r18,grid,2,gate,calibration,good,train/good/249.png,10.226522
padim_r18,grid,2,gate,calibration,good,train/good/250.png,9.308226
padim_r18,grid,2,gate,calibration,good,train/good/251.png,10.622135
padim_r18,grid,2,gate,calibration,good,train/good/257.png,10.686565
padim_r18,grid,2,gate,calibration,good,train/good/258.png,9.313686
padim_r18,grid,2,gate,calibration,good,train/good/259.png,9.236912
padim_r18,grid,2,gate,test,bent,test/bent/000.png,11.903414
padim_r18,grid,2,gate,test,bent,test/bent/001.png,14.775123
padim_r18,grid,2,gate,test,bent,test/bent/002.png,11.383969
padim_r18,grid,2,gate,test,bent,test/bent/003.png,13.909032
padim_r18,grid,2,gate,test,bent,test/bent/004.png,9.907143
padim_r18,grid,2,gate,test,bent,test/bent/005.png,11.427866
padim_r18,grid,2,gate,test,bent,test/bent/006.png,13.028576
padim_r18,grid,2,gate,test,bent,test/bent/007.png,10.107042
padim_r18,grid,2,gate,test,bent,test/bent/008.png,10.530997
padim_r18,grid,2,gate,test,bent,test/bent/009.png,10.492169
padim_r18,grid,2,gate,test,bent,test/bent/010.png,12.994892
padim_r18,grid,2,gate,test,bent,test/bent/011.png,12.515779
padim_r18,grid,2,gate,test,broken,test/broken/000.png,13.141252
padim_r18,grid,2,gate,test,broken,test/broken/001.png,17.131933
padim_r18,grid,2,gate,test,broken,test/broken/002.png,11.046358
padim_r18,grid,2,gate,test,broken,test/broken/003.png,14.090620
padim_r18,grid,2,gate,test,broken,test/broken/004.png,14.146829
padim_r18,grid,2,gate,test,broken,test/broken/005.png,10.744789
padim_r18,grid,2,gate,test,broken,test/broken/006.png,13.065334
padim_r18,grid,2,gate,test,broken,test/broken/007.png,12.079030
padim_r18,grid,2,gate,test,broken,test/broken/008.png,11.895208
padim_r18,grid,2,gate,test,broken,test/broken/009.png,17.573206
padim_r18,grid,2,gate,test,broken,test/broken/010.png,12.696184
padim_r18,grid,2,gate,test,broken,test/broken/011.png,12.290943
padim_r18,grid,2,gate,test,glue,test/glue/000.png,10.290627
padim_r18,grid,2,gate,test,glue,test/glue/001.png,10.754850
padim_r18,grid,2,gate,test,glue,test/glue/002.png,10.292867
padim_r18,grid,2,gate,test,glue,test/glue/003.png,11.408950
padim_r18,grid,2,gate,test,glue,test/glue/004.png,11.192554
padim_r18,grid,2,gate,test,glue,test/glue/005.png,13.357718
padim_r18,grid,2,gate,test,glue,test/glue/006.png,10.280165
padim_r18,grid,2,gate,test,glue,test/glue/007.png,9.785407
padim_r18,grid,2,gate,test,glue,test/glue/008.png,8.255776
padim_r18,grid,2,gate,test,glue,test/glue/009.png,11.124949
padim_r18,grid,2,gate,test,glue,test/glue/010.png,14.059534
padim_r18,grid,2,gate,test,good,test/good/000.png,9.165395
padim_r18,grid,2,gate,test,good,test/good/001.png,10.067384
padim_r18,grid,2,gate,test,good,test/good/002.png,10.316273
padim_r18,grid,2,gate,test,good,test/good/003.png,10.086218
padim_r18,grid,2,gate,test,good,test/good/004.png,9.167619
padim_r18,grid,2,gate,test,good,test/good/005.png,9.537621
padim_r18,grid,2,gate,test,good,test/good/006.png,11.455053
padim_r18,grid,2,gate,test,good,test/good/007.png,9.972793
padim_r18,grid,2,gate,test,good,test/good/008.png,8.960032
padim_r18,grid,2,gate,test,good,test/good/009.png,9.272776
padim_r18,grid,2,gate,test,good,test/good/010.png,9.892015
padim_r18,grid,2,gate,test,good,test/good/011.png,8.899439
padim_r18,grid,2,gate,test,good,test/good/012.png,9.038838
padim_r18,grid,2,gate,test,good,test/good/013.png,9.133670
padim_r18,grid,2,gate,test,good,test/good/014.png,9.965086
padim_r18,grid,2,gate,test,good,test/good/015.png,8.985279
padim_r18,grid,2,gate,test,good,test/good/016.png,9.661166
padim_r18,grid,2,gate,test,good,test/good/017.png,9.482479
padim_r18,grid,2,gate,test,good,test/good/018.png,10.563985
padim_r18,grid,2,gate,test,good,test/good/019.png,11.204164
padim_r18,grid,2,gate,test,good,test/good/020.png,10.184443
padim_r18,grid,2,gate,test,metal_contamination,test/metal_contamination/000.png,11.428313
padim_r18,grid,2,gate,test,metal_contamination,test/metal_contamination/001.png,13.267762
padim_r18,grid,2,gate,test,metal_contamination,test/metal_contamination/002.png,15.082669
padim_r18,grid,2,gate,test,metal_contamination,test/metal_contamination/003.png,13.549437
padim_r18,grid,2,gate,test,metal_contamination,test/metal_contamination/004.png,13.567097
padim_r18,grid,2,gate,test,metal_contamination,test/metal_contamination/005.png,12.675721
padim_r18,grid,2,gate,test,metal_contamination,test/metal_contamination/006.png,9.902573
padim_r18,grid,2,gate,test,metal_contamination,test/metal_contamination/007.png,11.112995
padim_r18,grid,2,gate,test,metal_contamination,test/metal_contamination/008.png,12.361986
padim_r18,grid,2,gate,test,metal_contamination,test/metal_contamination/009.png,11.631894
padim_r18,grid,2,gate,test,metal_contamination,test/metal_contamination/010.png,14.468847
padim_r18,grid,2,gate,test,thread,test/thread/000.png,13.248438
padim_r18,grid,2,gate,test,thread,test/thread/001.png,17.288895
padim_r18,grid,2,gate,test,thread,test/thread/002.png,9.658233
padim_r18,grid,2,gate,test,thread,test/thread/003.png,8.961375
padim_r18,grid,2,gate,test,thread,test/thread/004.png,12.893597
padim_r18,grid,2,gate,test,thread,test/thread/005.png,16.042028
padim_r18,grid,2,gate,test,thread,test/thread/006.png,10.393035
padim_r18,grid,2,gate,test,thread,test/thread/007.png,8.824894
padim_r18,grid,2,gate,test,thread,test/thread/008.png,10.270153
padim_r18,grid,2,gate,test,thread,test/thread/009.png,11.909298
padim_r18,grid,2,gate,test,thread,test/thread/010.png,11.995863
padim_r18,metal_nut,0,full,test,bent,test/bent/000.png,34.459949
padim_r18,metal_nut,0,full,test,bent,test/bent/001.png,18.304821
padim_r18,metal_nut,0,full,test,bent,test/bent/002.png,16.922752
padim_r18,metal_nut,0,full,test,bent,test/bent/003.png,19.342089
padim_r18,metal_nut,0,full,test,bent,test/bent/004.png,16.195084
padim_r18,metal_nut,0,full,test,bent,test/bent/005.png,25.554888
padim_r18,metal_nut,0,full,test,bent,test/bent/006.png,16.010223
padim_r18,metal_nut,0,full,test,bent,test/bent/007.png,15.157232
padim_r18,metal_nut,0,full,test,bent,test/bent/008.png,25.559992
padim_r18,metal_nut,0,full,test,bent,test/bent/009.png,29.758465
padim_r18,metal_nut,0,full,test,bent,test/bent/010.png,18.679983
padim_r18,metal_nut,0,full,test,bent,test/bent/011.png,35.067558
padim_r18,metal_nut,0,full,test,bent,test/bent/012.png,15.894218
padim_r18,metal_nut,0,full,test,bent,test/bent/013.png,29.690531
padim_r18,metal_nut,0,full,test,bent,test/bent/014.png,16.159433
padim_r18,metal_nut,0,full,test,bent,test/bent/015.png,17.191425
padim_r18,metal_nut,0,full,test,bent,test/bent/016.png,19.610418
padim_r18,metal_nut,0,full,test,bent,test/bent/017.png,15.645908
padim_r18,metal_nut,0,full,test,bent,test/bent/018.png,29.415291
padim_r18,metal_nut,0,full,test,bent,test/bent/019.png,16.742136
padim_r18,metal_nut,0,full,test,bent,test/bent/020.png,16.890516
padim_r18,metal_nut,0,full,test,bent,test/bent/021.png,19.153097
padim_r18,metal_nut,0,full,test,bent,test/bent/022.png,17.094450
padim_r18,metal_nut,0,full,test,bent,test/bent/023.png,25.062700
padim_r18,metal_nut,0,full,test,bent,test/bent/024.png,20.879774
padim_r18,metal_nut,0,full,test,color,test/color/000.png,18.264332
padim_r18,metal_nut,0,full,test,color,test/color/001.png,14.084444
padim_r18,metal_nut,0,full,test,color,test/color/002.png,22.457954
padim_r18,metal_nut,0,full,test,color,test/color/003.png,17.024611
padim_r18,metal_nut,0,full,test,color,test/color/004.png,14.090501
padim_r18,metal_nut,0,full,test,color,test/color/005.png,16.547014
padim_r18,metal_nut,0,full,test,color,test/color/006.png,23.833939
padim_r18,metal_nut,0,full,test,color,test/color/007.png,21.715252
padim_r18,metal_nut,0,full,test,color,test/color/008.png,23.657665
padim_r18,metal_nut,0,full,test,color,test/color/009.png,20.680508
padim_r18,metal_nut,0,full,test,color,test/color/010.png,21.113132
padim_r18,metal_nut,0,full,test,color,test/color/011.png,18.998310
padim_r18,metal_nut,0,full,test,color,test/color/012.png,17.645433
padim_r18,metal_nut,0,full,test,color,test/color/013.png,18.568615
padim_r18,metal_nut,0,full,test,color,test/color/014.png,19.301865
padim_r18,metal_nut,0,full,test,color,test/color/015.png,17.483021
padim_r18,metal_nut,0,full,test,color,test/color/016.png,21.533567
padim_r18,metal_nut,0,full,test,color,test/color/017.png,15.218537
padim_r18,metal_nut,0,full,test,color,test/color/018.png,15.315698
padim_r18,metal_nut,0,full,test,color,test/color/019.png,26.738699
padim_r18,metal_nut,0,full,test,color,test/color/020.png,19.376980
padim_r18,metal_nut,0,full,test,color,test/color/021.png,17.101309
padim_r18,metal_nut,0,full,test,flip,test/flip/000.png,22.668541
padim_r18,metal_nut,0,full,test,flip,test/flip/001.png,21.362720
padim_r18,metal_nut,0,full,test,flip,test/flip/002.png,21.971504
padim_r18,metal_nut,0,full,test,flip,test/flip/003.png,22.919327
padim_r18,metal_nut,0,full,test,flip,test/flip/004.png,20.156881
padim_r18,metal_nut,0,full,test,flip,test/flip/005.png,21.882032
padim_r18,metal_nut,0,full,test,flip,test/flip/006.png,20.617817
padim_r18,metal_nut,0,full,test,flip,test/flip/007.png,21.136614
padim_r18,metal_nut,0,full,test,flip,test/flip/008.png,22.164236
padim_r18,metal_nut,0,full,test,flip,test/flip/009.png,21.417507
padim_r18,metal_nut,0,full,test,flip,test/flip/010.png,20.307686
padim_r18,metal_nut,0,full,test,flip,test/flip/011.png,22.101725
padim_r18,metal_nut,0,full,test,flip,test/flip/012.png,22.049191
padim_r18,metal_nut,0,full,test,flip,test/flip/013.png,23.096601
padim_r18,metal_nut,0,full,test,flip,test/flip/014.png,23.449745
padim_r18,metal_nut,0,full,test,flip,test/flip/015.png,22.489279
padim_r18,metal_nut,0,full,test,flip,test/flip/016.png,23.931780
padim_r18,metal_nut,0,full,test,flip,test/flip/017.png,21.766245
padim_r18,metal_nut,0,full,test,flip,test/flip/018.png,21.737720
padim_r18,metal_nut,0,full,test,flip,test/flip/019.png,23.269432
padim_r18,metal_nut,0,full,test,flip,test/flip/020.png,20.916052
padim_r18,metal_nut,0,full,test,flip,test/flip/021.png,21.786036
padim_r18,metal_nut,0,full,test,flip,test/flip/022.png,23.206591
padim_r18,metal_nut,0,full,test,good,test/good/000.png,11.716086
padim_r18,metal_nut,0,full,test,good,test/good/001.png,10.409345
padim_r18,metal_nut,0,full,test,good,test/good/002.png,10.779487
padim_r18,metal_nut,0,full,test,good,test/good/003.png,11.551238
padim_r18,metal_nut,0,full,test,good,test/good/004.png,12.038439
padim_r18,metal_nut,0,full,test,good,test/good/005.png,12.664229
padim_r18,metal_nut,0,full,test,good,test/good/006.png,12.772099
padim_r18,metal_nut,0,full,test,good,test/good/007.png,12.483152
padim_r18,metal_nut,0,full,test,good,test/good/008.png,12.934001
padim_r18,metal_nut,0,full,test,good,test/good/009.png,11.528775
padim_r18,metal_nut,0,full,test,good,test/good/010.png,13.010155
padim_r18,metal_nut,0,full,test,good,test/good/011.png,12.356286
padim_r18,metal_nut,0,full,test,good,test/good/012.png,12.692242
padim_r18,metal_nut,0,full,test,good,test/good/013.png,12.118042
padim_r18,metal_nut,0,full,test,good,test/good/014.png,10.883876
padim_r18,metal_nut,0,full,test,good,test/good/015.png,13.705253
padim_r18,metal_nut,0,full,test,good,test/good/016.png,17.730511
padim_r18,metal_nut,0,full,test,good,test/good/017.png,10.520924
padim_r18,metal_nut,0,full,test,good,test/good/018.png,9.738530
padim_r18,metal_nut,0,full,test,good,test/good/019.png,10.373209
padim_r18,metal_nut,0,full,test,good,test/good/020.png,10.744441
padim_r18,metal_nut,0,full,test,good,test/good/021.png,10.864565
padim_r18,metal_nut,0,full,test,scratch,test/scratch/000.png,13.306239
padim_r18,metal_nut,0,full,test,scratch,test/scratch/001.png,17.183348
padim_r18,metal_nut,0,full,test,scratch,test/scratch/002.png,14.541211
padim_r18,metal_nut,0,full,test,scratch,test/scratch/003.png,15.309537
padim_r18,metal_nut,0,full,test,scratch,test/scratch/004.png,15.431371
padim_r18,metal_nut,0,full,test,scratch,test/scratch/005.png,17.341307
padim_r18,metal_nut,0,full,test,scratch,test/scratch/006.png,15.300708
padim_r18,metal_nut,0,full,test,scratch,test/scratch/007.png,24.992886
padim_r18,metal_nut,0,full,test,scratch,test/scratch/008.png,19.548496
padim_r18,metal_nut,0,full,test,scratch,test/scratch/009.png,15.170226
padim_r18,metal_nut,0,full,test,scratch,test/scratch/010.png,18.967224
padim_r18,metal_nut,0,full,test,scratch,test/scratch/011.png,17.859142
padim_r18,metal_nut,0,full,test,scratch,test/scratch/012.png,14.886793
padim_r18,metal_nut,0,full,test,scratch,test/scratch/013.png,17.242943
padim_r18,metal_nut,0,full,test,scratch,test/scratch/014.png,15.895097
padim_r18,metal_nut,0,full,test,scratch,test/scratch/015.png,22.869072
padim_r18,metal_nut,0,full,test,scratch,test/scratch/016.png,17.645281
padim_r18,metal_nut,0,full,test,scratch,test/scratch/017.png,17.517485
padim_r18,metal_nut,0,full,test,scratch,test/scratch/018.png,16.562113
padim_r18,metal_nut,0,full,test,scratch,test/scratch/019.png,16.261328
padim_r18,metal_nut,0,full,test,scratch,test/scratch/020.png,13.209678
padim_r18,metal_nut,0,full,test,scratch,test/scratch/021.png,16.600445
padim_r18,metal_nut,0,full,test,scratch,test/scratch/022.png,12.204334
padim_r18,metal_nut,0,gate,calibration,good,train/good/000.png,13.274809
padim_r18,metal_nut,0,gate,calibration,good,train/good/006.png,10.237316
padim_r18,metal_nut,0,gate,calibration,good,train/good/013.png,11.551090
padim_r18,metal_nut,0,gate,calibration,good,train/good/017.png,11.260555
padim_r18,metal_nut,0,gate,calibration,good,train/good/025.png,11.340394
padim_r18,metal_nut,0,gate,calibration,good,train/good/036.png,12.068893
padim_r18,metal_nut,0,gate,calibration,good,train/good/039.png,11.261788
padim_r18,metal_nut,0,gate,calibration,good,train/good/041.png,11.484305
padim_r18,metal_nut,0,gate,calibration,good,train/good/054.png,11.068064
padim_r18,metal_nut,0,gate,calibration,good,train/good/060.png,11.739548
padim_r18,metal_nut,0,gate,calibration,good,train/good/065.png,12.372094
padim_r18,metal_nut,0,gate,calibration,good,train/good/070.png,11.905072
padim_r18,metal_nut,0,gate,calibration,good,train/good/071.png,12.718669
padim_r18,metal_nut,0,gate,calibration,good,train/good/072.png,12.383998
padim_r18,metal_nut,0,gate,calibration,good,train/good/074.png,10.980590
padim_r18,metal_nut,0,gate,calibration,good,train/good/075.png,13.413306
padim_r18,metal_nut,0,gate,calibration,good,train/good/080.png,11.151345
padim_r18,metal_nut,0,gate,calibration,good,train/good/090.png,11.430407
padim_r18,metal_nut,0,gate,calibration,good,train/good/093.png,9.787889
padim_r18,metal_nut,0,gate,calibration,good,train/good/094.png,11.650517
padim_r18,metal_nut,0,gate,calibration,good,train/good/097.png,10.447028
padim_r18,metal_nut,0,gate,calibration,good,train/good/102.png,13.817493
padim_r18,metal_nut,0,gate,calibration,good,train/good/105.png,12.537360
padim_r18,metal_nut,0,gate,calibration,good,train/good/106.png,9.947419
padim_r18,metal_nut,0,gate,calibration,good,train/good/117.png,12.594719
padim_r18,metal_nut,0,gate,calibration,good,train/good/119.png,10.373816
padim_r18,metal_nut,0,gate,calibration,good,train/good/122.png,12.239055
padim_r18,metal_nut,0,gate,calibration,good,train/good/123.png,19.349985
padim_r18,metal_nut,0,gate,calibration,good,train/good/131.png,12.201461
padim_r18,metal_nut,0,gate,calibration,good,train/good/149.png,10.722794
padim_r18,metal_nut,0,gate,calibration,good,train/good/150.png,11.659030
padim_r18,metal_nut,0,gate,calibration,good,train/good/155.png,13.511456
padim_r18,metal_nut,0,gate,calibration,good,train/good/159.png,11.664836
padim_r18,metal_nut,0,gate,calibration,good,train/good/173.png,13.509687
padim_r18,metal_nut,0,gate,calibration,good,train/good/175.png,11.017352
padim_r18,metal_nut,0,gate,calibration,good,train/good/178.png,12.415468
padim_r18,metal_nut,0,gate,calibration,good,train/good/185.png,11.471619
padim_r18,metal_nut,0,gate,calibration,good,train/good/188.png,12.363901
padim_r18,metal_nut,0,gate,calibration,good,train/good/194.png,11.371264
padim_r18,metal_nut,0,gate,calibration,good,train/good/196.png,12.151533
padim_r18,metal_nut,0,gate,calibration,good,train/good/197.png,14.250577
padim_r18,metal_nut,0,gate,calibration,good,train/good/210.png,11.630059
padim_r18,metal_nut,0,gate,calibration,good,train/good/213.png,11.023296
padim_r18,metal_nut,0,gate,calibration,good,train/good/217.png,10.868187
padim_r18,metal_nut,0,gate,test,bent,test/bent/000.png,34.514843
padim_r18,metal_nut,0,gate,test,bent,test/bent/001.png,18.570330
padim_r18,metal_nut,0,gate,test,bent,test/bent/002.png,17.141790
padim_r18,metal_nut,0,gate,test,bent,test/bent/003.png,19.434851
padim_r18,metal_nut,0,gate,test,bent,test/bent/004.png,16.371098
padim_r18,metal_nut,0,gate,test,bent,test/bent/005.png,25.714113
padim_r18,metal_nut,0,gate,test,bent,test/bent/006.png,16.072945
padim_r18,metal_nut,0,gate,test,bent,test/bent/007.png,15.383828
padim_r18,metal_nut,0,gate,test,bent,test/bent/008.png,25.610155
padim_r18,metal_nut,0,gate,test,bent,test/bent/009.png,30.288143
padim_r18,metal_nut,0,gate,test,bent,test/bent/010.png,18.749603
padim_r18,metal_nut,0,gate,test,bent,test/bent/011.png,35.448055
padim_r18,metal_nut,0,gate,test,bent,test/bent/012.png,16.159790
padim_r18,metal_nut,0,gate,test,bent,test/bent/013.png,29.759247
padim_r18,metal_nut,0,gate,test,bent,test/bent/014.png,16.316793
padim_r18,metal_nut,0,gate,test,bent,test/bent/015.png,17.400274
padim_r18,metal_nut,0,gate,test,bent,test/bent/016.png,20.109991
padim_r18,metal_nut,0,gate,test,bent,test/bent/017.png,16.343628
padim_r18,metal_nut,0,gate,test,bent,test/bent/018.png,29.417515
padim_r18,metal_nut,0,gate,test,bent,test/bent/019.png,16.930840
padim_r18,metal_nut,0,gate,test,bent,test/bent/020.png,17.563070
padim_r18,metal_nut,0,gate,test,bent,test/bent/021.png,19.633751
padim_r18,metal_nut,0,gate,test,bent,test/bent/022.png,17.746136
padim_r18,metal_nut,0,gate,test,bent,test/bent/023.png,25.153221
padim_r18,metal_nut,0,gate,test,bent,test/bent/024.png,21.187546
padim_r18,metal_nut,0,gate,test,color,test/color/000.png,18.795763
padim_r18,metal_nut,0,gate,test,color,test/color/001.png,14.442581
padim_r18,metal_nut,0,gate,test,color,test/color/002.png,22.671589
padim_r18,metal_nut,0,gate,test,color,test/color/003.png,17.076721
padim_r18,metal_nut,0,gate,test,color,test/color/004.png,14.070130
padim_r18,metal_nut,0,gate,test,color,test/color/005.png,16.726612
padim_r18,metal_nut,0,gate,test,color,test/color/006.png,24.130043
padim_r18,metal_nut,0,gate,test,color,test/color/007.png,21.987442
padim_r18,metal_nut,0,gate,test,color,test/color/008.png,23.998869
padim_r18,metal_nut,0,gate,test,color,test/color/009.png,21.168118
padim_r18,metal_nut,0,gate,test,color,test/color/010.png,21.772432
padim_r18,metal_nut,0,gate,test,color,test/color/011.png,19.408007
padim_r18,metal_nut,0,gate,test,color,test/color/012.png,17.938543
padim_r18,metal_nut,0,gate,test,color,test/color/013.png,18.597103
padim_r18,metal_nut,0,gate,test,color,test/color/014.png,19.372070
padim_r18,metal_nut,0,gate,test,color,test/color/015.png,17.595942
padim_r18,metal_nut,0,gate,test,color,test/color/016.png,21.470972
padim_r18,metal_nut,0,gate,test,color,test/color/017.png,15.131359
padim_r18,metal_nut,0,gate,test,color,test/color/018.png,15.330950
padim_r18,metal_nut,0,gate,test,color,test/color/019.png,27.122721
padim_r18,metal_nut,0,gate,test,color,test/color/020.png,19.719091
padim_r18,metal_nut,0,gate,test,color,test/color/021.png,17.477373
padim_r18,metal_nut,0,gate,test,flip,test/flip/000.png,22.883663
padim_r18,metal_nut,0,gate,test,flip,test/flip/001.png,21.442492
padim_r18,metal_nut,0,gate,test,flip,test/flip/002.png,21.990591
padim_r18,metal_nut,0,gate,test,flip,test/flip/003.png,23.717081
padim_r18,metal_nut,0,gate,test,flip,test/flip/004.png,20.742044
padim_r18,metal_nut,0,gate,test,flip,test/flip/005.png,22.177183
padim_r18,metal_nut,0,gate,test,flip,test/flip/006.png,21.372620
padim_r18,metal_nut,0,gate,test,flip,test/flip/007.png,21.386555
padim_r18,metal_nut,0,gate,test,flip,test/flip/008.png,22.392881
padim_r18,metal_nut,0,gate,test,flip,test/flip/009.png,21.659622
padim_r18,metal_nut,0,gate,test,flip,test/flip/010.png,20.754141
padim_r18,metal_nut,0,gate,test,flip,test/flip/011.png,22.646929
padim_r18,metal_nut,0,gate,test,flip,test/flip/012.png,22.428963
padim_r18,metal_nut,0,gate,test,flip,test/flip/013.png,23.121031
padim_r18,metal_nut,0,gate,test,flip,test/flip/014.png,23.695971
padim_r18,metal_nut,0,gate,test,flip,test/flip/015.png,22.502235
padim_r18,metal_nut,0,gate,test,flip,test/flip/016.png,24.003891
padim_r18,metal_nut,0,gate,test,flip,test/flip/017.png,22.021606
padim_r18,metal_nut,0,gate,test,flip,test/flip/018.png,21.809095
padim_r18,metal_nut,0,gate,test,flip,test/flip/019.png,23.666939
padim_r18,metal_nut,0,gate,test,flip,test/flip/020.png,21.652531
padim_r18,metal_nut,0,gate,test,flip,test/flip/021.png,21.995237
padim_r18,metal_nut,0,gate,test,flip,test/flip/022.png,23.151155
padim_r18,metal_nut,0,gate,test,good,test/good/000.png,12.353831
padim_r18,metal_nut,0,gate,test,good,test/good/001.png,10.512971
padim_r18,metal_nut,0,gate,test,good,test/good/002.png,10.846147
padim_r18,metal_nut,0,gate,test,good,test/good/003.png,11.651114
padim_r18,metal_nut,0,gate,test,good,test/good/004.png,12.085162
padim_r18,metal_nut,0,gate,test,good,test/good/005.png,13.119759
padim_r18,metal_nut,0,gate,test,good,test/good/006.png,13.198743
padim_r18,metal_nut,0,gate,test,good,test/good/007.png,12.743618
padim_r18,metal_nut,0,gate,test,good,test/good/008.png,13.467535
padim_r18,metal_nut,0,gate,test,good,test/good/009.png,11.519065
padim_r18,metal_nut,0,gate,test,good,test/good/010.png,13.099397
padim_r18,metal_nut,0,gate,test,good,test/good/011.png,13.423077
padim_r18,metal_nut,0,gate,test,good,test/good/012.png,12.920525
padim_r18,metal_nut,0,gate,test,good,test/good/013.png,12.597063
padim_r18,metal_nut,0,gate,test,good,test/good/014.png,11.713918
padim_r18,metal_nut,0,gate,test,good,test/good/015.png,13.676134
padim_r18,metal_nut,0,gate,test,good,test/good/016.png,17.726065
padim_r18,metal_nut,0,gate,test,good,test/good/017.png,10.846427
padim_r18,metal_nut,0,gate,test,good,test/good/018.png,13.513700
padim_r18,metal_nut,0,gate,test,good,test/good/019.png,10.708714
padim_r18,metal_nut,0,gate,test,good,test/good/020.png,11.334325
padim_r18,metal_nut,0,gate,test,good,test/good/021.png,10.945343
padim_r18,metal_nut,0,gate,test,scratch,test/scratch/000.png,13.493005
padim_r18,metal_nut,0,gate,test,scratch,test/scratch/001.png,17.420273
padim_r18,metal_nut,0,gate,test,scratch,test/scratch/002.png,14.963179
padim_r18,metal_nut,0,gate,test,scratch,test/scratch/003.png,15.747105
padim_r18,metal_nut,0,gate,test,scratch,test/scratch/004.png,15.919134
padim_r18,metal_nut,0,gate,test,scratch,test/scratch/005.png,17.452232
padim_r18,metal_nut,0,gate,test,scratch,test/scratch/006.png,15.268116
padim_r18,metal_nut,0,gate,test,scratch,test/scratch/007.png,24.899035
padim_r18,metal_nut,0,gate,test,scratch,test/scratch/008.png,19.946188
padim_r18,metal_nut,0,gate,test,scratch,test/scratch/009.png,15.342340
padim_r18,metal_nut,0,gate,test,scratch,test/scratch/010.png,19.342731
padim_r18,metal_nut,0,gate,test,scratch,test/scratch/011.png,18.008318
padim_r18,metal_nut,0,gate,test,scratch,test/scratch/012.png,15.053395
padim_r18,metal_nut,0,gate,test,scratch,test/scratch/013.png,17.342600
padim_r18,metal_nut,0,gate,test,scratch,test/scratch/014.png,16.189754
padim_r18,metal_nut,0,gate,test,scratch,test/scratch/015.png,23.178020
padim_r18,metal_nut,0,gate,test,scratch,test/scratch/016.png,17.856037
padim_r18,metal_nut,0,gate,test,scratch,test/scratch/017.png,17.772879
padim_r18,metal_nut,0,gate,test,scratch,test/scratch/018.png,17.124134
padim_r18,metal_nut,0,gate,test,scratch,test/scratch/019.png,16.421097
padim_r18,metal_nut,0,gate,test,scratch,test/scratch/020.png,13.381794
padim_r18,metal_nut,0,gate,test,scratch,test/scratch/021.png,16.705004
padim_r18,metal_nut,0,gate,test,scratch,test/scratch/022.png,12.239549
padim_r18,metal_nut,1,full,test,bent,test/bent/000.png,35.036880
padim_r18,metal_nut,1,full,test,bent,test/bent/001.png,17.310736
padim_r18,metal_nut,1,full,test,bent,test/bent/002.png,22.510628
padim_r18,metal_nut,1,full,test,bent,test/bent/003.png,16.239244
padim_r18,metal_nut,1,full,test,bent,test/bent/004.png,16.807880
padim_r18,metal_nut,1,full,test,bent,test/bent/005.png,25.853756
padim_r18,metal_nut,1,full,test,bent,test/bent/006.png,14.269825
padim_r18,metal_nut,1,full,test,bent,test/bent/007.png,15.170916
padim_r18,metal_nut,1,full,test,bent,test/bent/008.png,21.874084
padim_r18,metal_nut,1,full,test,bent,test/bent/009.png,28.527147
padim_r18,metal_nut,1,full,test,bent,test/bent/010.png,18.795055
padim_r18,metal_nut,1,full,test,bent,test/bent/011.png,37.958141
padim_r18,metal_nut,1,full,test,bent,test/bent/012.png,14.989952
padim_r18,metal_nut,1,full,test,bent,test/bent/013.png,30.533947
padim_r18,metal_nut,1,full,test,bent,test/bent/014.png,17.779623
padim_r18,metal_nut,1,full,test,bent,test/bent/015.png,17.758049
padim_r18,metal_nut,1,full,test,bent,test/bent/016.png,20.309401
padim_r18,metal_nut,1,full,test,bent,test/bent/017.png,18.237436
padim_r18,metal_nut,1,full,test,bent,test/bent/018.png,30.383566
padim_r18,metal_nut,1,full,test,bent,test/bent/019.png,17.245319
padim_r18,metal_nut,1,full,test,bent,test/bent/020.png,16.599743
padim_r18,metal_nut,1,full,test,bent,test/bent/021.png,17.964376
padim_r18,metal_nut,1,full,test,bent,test/bent/022.png,16.684229
padim_r18,metal_nut,1,full,test,bent,test/bent/023.png,22.132074
padim_r18,metal_nut,1,full,test,bent,test/bent/024.png,18.643572
padim_r18,metal_nut,1,full,test,color,test/color/000.png,21.485523
padim_r18,metal_nut,1,full,test,color,test/color/001.png,15.579783
padim_r18,metal_nut,1,full,test,color,test/color/002.png,22.223804
padim_r18,metal_nut,1,full,test,color,test/color/003.png,19.865940
padim_r18,metal_nut,1,full,test,color,test/color/004.png,14.457106
padim_r18,metal_nut,1,full,test,color,test/color/005.png,14.968569
padim_r18,metal_nut,1,full,test,color,test/color/006.png,22.258924
padim_r18,metal_nut,1,full,test,color,test/color/007.png,20.263737
padim_r18,metal_nut,1,full,test,color,test/color/008.png,22.173239
padim_r18,metal_nut,1,full,test,color,test/color/009.png,18.200203
padim_r18,metal_nut,1,full,test,color,test/color/010.png,19.633539
padim_r18,metal_nut,1,full,test,color,test/color/011.png,17.874922
padim_r18,metal_nut,1,full,test,color,test/color/012.png,21.586357
padim_r18,metal_nut,1,full,test,color,test/color/013.png,20.204411
padim_r18,metal_nut,1,full,test,color,test/color/014.png,18.412411
padim_r18,metal_nut,1,full,test,color,test/color/015.png,17.673565
padim_r18,metal_nut,1,full,test,color,test/color/016.png,17.896734
padim_r18,metal_nut,1,full,test,color,test/color/017.png,14.245184
padim_r18,metal_nut,1,full,test,color,test/color/018.png,16.503996
padim_r18,metal_nut,1,full,test,color,test/color/019.png,23.029051
padim_r18,metal_nut,1,full,test,color,test/color/020.png,22.871239
padim_r18,metal_nut,1,full,test,color,test/color/021.png,15.778292
padim_r18,metal_nut,1,full,test,flip,test/flip/000.png,22.185057
padim_r18,metal_nut,1,full,test,flip,test/flip/001.png,21.669785
padim_r18,metal_nut,1,full,test,flip,test/flip/002.png,20.203875
padim_r18,metal_nut,1,full,test,flip,test/flip/003.png,20.707012
padim_r18,metal_nut,1,full,test,flip,test/flip/004.png,21.761536
padim_r18,metal_nut,1,full,test,flip,test/flip/005.png,25.695835
padim_r18,metal_nut,1,full,test,flip,test/flip/006.png,22.614836
padim_r18,metal_nut,1,full,test,flip,test/flip/007.png,19.239712
padim_r18,metal_nut,1,full,test,flip,test/flip/008.png,23.568890
padim_r18,metal_nut,1,full,test,flip,test/flip/009.png,22.814569
padim_r18,metal_nut,1,full,test,flip,test/flip/010.png,25.931883
padim_r18,metal_nut,1,full,test,flip,test/flip/011.png,23.636703
padim_r18,metal_nut,1,full,test,flip,test/flip/012.png,21.968330
padim_r18,metal_nut,1,full,test,flip,test/flip/013.png,27.607460
padim_r18,metal_nut,1,full,test,flip,test/flip/014.png,22.517998
padim_r18,metal_nut,1,full,test,flip,test/flip/015.png,23.044724
padim_r18,metal_nut,1,full,test,flip,test/flip/016.png,19.065235
padim_r18,metal_nut,1,full,test,flip,test/flip/017.png,22.785862
padim_r18,metal_nut,1,full,test,flip,test/flip/018.png,22.175777
padim_r18,metal_nut,1,full,test,flip,test/flip/019.png,20.950415
padim_r18,metal_nut,1,full,test,flip,test/flip/020.png,21.496902
padim_r18,metal_nut,1,full,test,flip,test/flip/021.png,25.913305
padim_r18,metal_nut,1,full,test,flip,test/flip/022.png,22.745092
padim_r18,metal_nut,1,full,test,good,test/good/000.png,11.706402
padim_r18,metal_nut,1,full,test,good,test/good/001.png,9.769379
padim_r18,metal_nut,1,full,test,good,test/good/002.png,10.779722
padim_r18,metal_nut,1,full,test,good,test/good/003.png,11.718260
padim_r18,metal_nut,1,full,test,good,test/good/004.png,11.564677
padim_r18,metal_nut,1,full,test,good,test/good/005.png,11.435171
padim_r18,metal_nut,1,full,test,good,test/good/006.png,11.098632
padim_r18,metal_nut,1,full,test,good,test/good/007.png,11.546766
padim_r18,metal_nut,1,full,test,good,test/good/008.png,13.459779
padim_r18,metal_nut,1,full,test,good,test/good/009.png,11.160729
padim_r18,metal_nut,1,full,test,good,test/good/010.png,12.912220
padim_r18,metal_nut,1,full,test,good,test/good/011.png,11.858951
padim_r18,metal_nut,1,full,test,good,test/good/012.png,13.448056
padim_r18,metal_nut,1,full,test,good,test/good/013.png,13.115542
padim_r18,metal_nut,1,full,test,good,test/good/014.png,10.415401
padim_r18,metal_nut,1,full,test,good,test/good/015.png,11.850935
padim_r18,metal_nut,1,full,test,good,test/good/016.png,16.203075
padim_r18,metal_nut,1,full,test,good,test/good/017.png,9.882017
padim_r18,metal_nut,1,full,test,good,test/good/018.png,9.340198
padim_r18,metal_nut,1,full,test,good,test/good/019.png,9.154268
padim_r18,metal_nut,1,full,test,good,test/good/020.png,10.134860
padim_r18,metal_nut,1,full,test,good,test/good/021.png,9.800043
padim_r18,metal_nut,1,full,test,scratch,test/scratch/000.png,12.833946
padim_r18,metal_nut,1,full,test,scratch,test/scratch/001.png,15.564580
padim_r18,metal_nut,1,full,test,scratch,test/scratch/002.png,17.490999
padim_r18,metal_nut,1,full,test,scratch,test/scratch/003.png,14.244170
padim_r18,metal_nut,1,full,test,scratch,test/scratch/004.png,16.663021
padim_r18,metal_nut,1,full,test,scratch,test/scratch/005.png,15.688054
padim_r18,metal_nut,1,full,test,scratch,test/scratch/006.png,15.616305
padim_r18,metal_nut,1,full,test,scratch,test/scratch/007.png,24.914370
padim_r18,metal_nut,1,full,test,scratch,test/scratch/008.png,18.751984
padim_r18,metal_nut,1,full,test,scratch,test/scratch/009.png,16.245527
padim_r18,metal_nut,1,full,test,scratch,test/scratch/010.png,14.135772
padim_r18,metal_nut,1,full,test,scratch,test/scratch/011.png,17.862309
padim_r18,metal_nut,1,full,test,scratch,test/scratch/012.png,16.581820
padim_r18,metal_nut,1,full,test,scratch,test/scratch/013.png,17.242512
padim_r18,metal_nut,1,full,test,scratch,test/scratch/014.png,16.521395
padim_r18,metal_nut,1,full,test,scratch,test/scratch/015.png,19.639139
padim_r18,metal_nut,1,full,test,scratch,test/scratch/016.png,15.092826
padim_r18,metal_nut,1,full,test,scratch,test/scratch/017.png,15.249191
padim_r18,metal_nut,1,full,test,scratch,test/scratch/018.png,20.828718
padim_r18,metal_nut,1,full,test,scratch,test/scratch/019.png,14.828833
padim_r18,metal_nut,1,full,test,scratch,test/scratch/020.png,12.774812
padim_r18,metal_nut,1,full,test,scratch,test/scratch/021.png,15.300364
padim_r18,metal_nut,1,full,test,scratch,test/scratch/022.png,13.843484
padim_r18,metal_nut,1,gate,calibration,good,train/good/001.png,11.130187
padim_r18,metal_nut,1,gate,calibration,good,train/good/005.png,10.753269
padim_r18,metal_nut,1,gate,calibration,good,train/good/007.png,11.232163
padim_r18,metal_nut,1,gate,calibration,good,train/good/013.png,10.251327
padim_r18,metal_nut,1,gate,calibration,good,train/good/014.png,10.928905
padim_r18,metal_nut,1,gate,calibration,good,train/good/019.png,10.751896
padim_r18,metal_nut,1,gate,calibration,good,train/good/020.png,13.776621
padim_r18,metal_nut,1,gate,calibration,good,train/good/021.png,12.221855
padim_r18,metal_nut,1,gate,calibration,good,train/good/024.png,10.710409
padim_r18,metal_nut,1,gate,calibration,good,train/good/029.png,11.468482
padim_r18,metal_nut,1,gate,calibration,good,train/good/031.png,11.697462
padim_r18,metal_nut,1,gate,calibration,good,train/good/043.png,10.249337
padim_r18,metal_nut,1,gate,calibration,good,train/good/052.png,11.731603
padim_r18,metal_nut,1,gate,calibration,good,train/good/059.png,12.247740
padim_r18,metal_nut,1,gate,calibration,good,train/good/063.png,11.431736
padim_r18,metal_nut,1,gate,calibration,good,train/good/070.png,12.243168
padim_r18,metal_nut,1,gate,calibration,good,train/good/079.png,12.373347
padim_r18,metal_nut,1,gate,calibration,good,train/good/080.png,10.027862
padim_r18,metal_nut,1,gate,calibration,good,train/good/088.png,13.370304
padim_r18,metal_nut,1,gate,calibration,good,train/good/097.png,12.146621
padim_r18,metal_nut,1,gate,calibration,good,train/good/099.png,11.873419
padim_r18,metal_nut,1,gate,calibration,good,train/good/105.png,10.396984
padim_r18,metal_nut,1,gate,calibration,good,train/good/107.png,11.536682
padim_r18,metal_nut,1,gate,calibration,good,train/good/108.png,13.839647
padim_r18,metal_nut,1,gate,calibration,good,train/good/117.png,11.808469
padim_r18,metal_nut,1,gate,calibration,good,train/good/121.png,12.370681
padim_r18,metal_nut,1,gate,calibration,good,train/good/124.png,10.365235
padim_r18,metal_nut,1,gate,calibration,good,train/good/126.png,10.244916
padim_r18,metal_nut,1,gate,calibration,good,train/good/130.png,12.387781
padim_r18,metal_nut,1,gate,calibration,good,train/good/138.png,11.558128
padim_r18,metal_nut,1,gate,calibration,good,train/good/139.png,10.222136
padim_r18,metal_nut,1,gate,calibration,good,train/good/140.png,9.361471
padim_r18,metal_nut,1,gate,calibration,good,train/good/142.png,13.055161
padim_r18,metal_nut,1,gate,calibration,good,train/good/149.png,10.262578
padim_r18,metal_nut,1,gate,calibration,good,train/good/150.png,12.474940
padim_r18,metal_nut,1,gate,calibration,good,train/good/152.png,12.110808
padim_r18,metal_nut,1,gate,calibration,good,train/good/156.png,11.734902
padim_r18,metal_nut,1,gate,calibration,good,train/good/172.png,10.209357
padim_r18,metal_nut,1,gate,calibration,good,train/good/173.png,11.608156
padim_r18,metal_nut,1,gate,calibration,good,train/good/175.png,10.253417
padim_r18,metal_nut,1,gate,calibration,good,train/good/185.png,12.161236
padim_r18,metal_nut,1,gate,calibration,good,train/good/193.png,11.529046
padim_r18,metal_nut,1,gate,calibration,good,train/good/209.png,11.197722
padim_r18,metal_nut,1,gate,calibration,good,train/good/218.png,10.694034
padim_r18,metal_nut,1,gate,test,bent,test/bent/000.png,34.969738
padim_r18,metal_nut,1,gate,test,bent,test/bent/001.png,17.684380
padim_r18,metal_nut,1,gate,test,bent,test/bent/002.png,22.682449
padim_r18,metal_nut,1,gate,test,bent,test/bent/003.png,16.454763
padim_r18,metal_nut,1,gate,test,bent,test/bent/004.png,16.812389
padim_r18,metal_nut,1,gate,test,bent,test/bent/005.png,26.148384
padim_r18,metal_nut,1,gate,test,bent,test/bent/006.png,14.340928
padim_r18,metal_nut,1,gate,test,bent,test/bent/007.png,15.247738
padim_r18,metal_nut,1,gate,test,bent,test/bent/008.png,21.945896
padim_r18,metal_nut,1,gate,test,bent,test/bent/009.png,28.592028
padim_r18,metal_nut,1,gate,test,bent,test/bent/010.png,18.919748
padim_r18,metal_nut,1,gate,test,bent,test/bent/011.png,38.037613
padim_r18,metal_nut,1,gate,test,bent,test/bent/012.png,15.234421
padim_r18,metal_nut,1,gate,test,bent,test/bent/013.png,30.719391
padim_r18,metal_nut,1,gate,test,bent,test/bent/014.png,18.225788
padim_r18,metal_nut,1,gate,test,bent,test/bent/015.png,17.843576
padim_r18,metal_nut,1,gate,test,bent,test/bent/016.png,20.561665
padim_r18,metal_nut,1,gate,test,bent,test/bent/017.png,18.212673
padim_r18,metal_nut,1,gate,test,bent,test/bent/018.png,30.361176
padim_r18,metal_nut,1,gate,test,bent,test/bent/019.png,17.648222
padim_r18,metal_nut,1,gate,test,bent,test/bent/020.png,17.266085
padim_r18,metal_nut,1,gate,test,bent,test/bent/021.png,18.031363
padim_r18,metal_nut,1,gate,test,bent,test/bent/022.png,16.618210
padim_r18,metal_nut,1,gate,test,bent,test/bent/023.png,22.130697
padim_r18,metal_nut,1,gate,test,bent,test/bent/024.png,18.981352
padim_r18,metal_nut,1,gate,test,color,test/color/000.png,22.018555
padim_r18,metal_nut,1,gate,test,color,test/color/001.png,15.893373
padim_r18,metal_nut,1,gate,test,color,test/color/002.png,22.254442
padim_r18,metal_nut,1,gate,test,color,test/color/003.png,20.155140
padim_r18,metal_nut,1,gate,test,color,test/color/004.png,14.412979
padim_r18,metal_nut,1,gate,test,color,test/color/005.png,15.100648
padim_r18,metal_nut,1,gate,test,color,test/color/006.png,22.402964
padim_r18,metal_nut,1,gate,test,color,test/color/007.png,20.409740
padim_r18,metal_nut,1,gate,test,color,test/color/008.png,22.007849
padim_r18,metal_nut,1,gate,test,color,test/color/009.png,18.479864
padim_r18,metal_nut,1,gate,test,color,test/color/010.png,19.860695
padim_r18,metal_nut,1,gate,test,color,test/color/011.png,18.162008
padim_r18,metal_nut,1,gate,test,color,test/color/012.png,22.173946
padim_r18,metal_nut,1,gate,test,color,test/color/013.png,20.436026
padim_r18,metal_nut,1,gate,test,color,test/color/014.png,18.539181
padim_r18,metal_nut,1,gate,test,color,test/color/015.png,17.802986
padim_r18,metal_nut,1,gate,test,color,test/color/016.png,17.744341
padim_r18,metal_nut,1,gate,test,color,test/color/017.png,14.407742
padim_r18,metal_nut,1,gate,test,color,test/color/018.png,16.770105
padim_r18,metal_nut,1,gate,test,color,test/color/019.png,23.101576
padim_r18,metal_nut,1,gate,test,color,test/color/020.png,23.365574
padim_r18,metal_nut,1,gate,test,color,test/color/021.png,15.852557
padim_r18,metal_nut,1,gate,test,flip,test/flip/000.png,22.238728
padim_r18,metal_nut,1,gate,test,flip,test/flip/001.png,22.132805
padim_r18,metal_nut,1,gate,test,flip,test/flip/002.png,20.541910
padim_r18,metal_nut,1,gate,test,flip,test/flip/003.png,20.980146
padim_r18,metal_nut,1,gate,test,flip,test/flip/004.png,22.243906
padim_r18,metal_nut,1,gate,test,flip,test/flip/005.png,26.613976
padim_r18,metal_nut,1,gate,test,flip,test/flip/006.png,22.639040
padim_r18,metal_nut,1,gate,test,flip,test/flip/007.png,19.653851
padim_r18,metal_nut,1,gate,test,flip,test/flip/008.png,23.775291
padim_r18,metal_nut,1,gate,test,flip,test/flip/009.png,22.861565
padim_r18,metal_nut,1,gate,test,flip,test/flip/010.png,27.061073
padim_r18,metal_nut,1,gate,test,flip,test/flip/011.png,24.007875
padim_r18,metal_nut,1,gate,test,flip,test/flip/012.png,22.307764
padim_r18,metal_nut,1,gate,test,flip,test/flip/013.png,27.900852
padim_r18,metal_nut,1,gate,test,flip,test/flip/014.png,22.986231
padim_r18,metal_nut,1,gate,test,flip,test/flip/015.png,23.257252
padim_r18,metal_nut,1,gate,test,flip,test/flip/016.png,19.350431
padim_r18,metal_nut,1,gate,test,flip,test/flip/017.png,23.358185
padim_r18,metal_nut,1,gate,test,flip,test/flip/018.png,22.441080
padim_r18,metal_nut,1,gate,test,flip,test/flip/019.png,21.407009
padim_r18,metal_nut,1,gate,test,flip,test/flip/020.png,21.543293
padim_r18,metal_nut,1,gate,test,flip,test/flip/021.png,26.055414
padim_r18,metal_nut,1,gate,test,flip,test/flip/022.png,22.845716
padim_r18,metal_nut,1,gate,test,good,test/good/000.png,11.926426
padim_r18,metal_nut,1,gate,test,good,test/good/001.png,9.979847
padim_r18,metal_nut,1,gate,test,good,test/good/002.png,11.384523
padim_r18,metal_nut,1,gate,test,good,test/good/003.png,11.781046
padim_r18,metal_nut,1,gate,test,good,test/good/004.png,11.560880
padim_r18,metal_nut,1,gate,test,good,test/good/005.png,11.708957
padim_r18,metal_nut,1,gate,test,good,test/good/006.png,11.423670
padim_r18,metal_nut,1,gate,test,good,test/good/007.png,11.867085
padim_r18,metal_nut,1,gate,test,good,test/good/008.png,13.429626
padim_r18,metal_nut,1,gate,test,good,test/good/009.png,11.242674
padim_r18,metal_nut,1,gate,test,good,test/good/010.png,12.962299
padim_r18,metal_nut,1,gate,test,good,test/good/011.png,12.159321
padim_r18,metal_nut,1,gate,test,good,test/good/012.png,13.756799
padim_r18,metal_nut,1,gate,test,good,test/good/013.png,13.048500
padim_r18,metal_nut,1,gate,test,good,test/good/014.png,10.627085
padim_r18,metal_nut,1,gate,test,good,test/good/015.png,12.077934
padim_r18,metal_nut,1,gate,test,good,test/good/016.png,16.828888
padim_r18,metal_nut,1,gate,test,good,test/good/017.png,10.285754
padim_r18,metal_nut,1,gate,test,good,test/good/018.png,9.249829
padim_r18,metal_nut,1,gate,test,good,test/good/019.png,9.151510
padim_r18,metal_nut,1,gate,test,good,test/good/020.png,10.330036
padim_r18,metal_nut,1,gate,test,good,test/good/021.png,10.344206
padim_r18,metal_nut,1,gate,test,scratch,test/scratch/000.png,13.108048
padim_r18,metal_nut,1,gate,test,scratch,test/scratch/001.png,15.923137
padim_r18,metal_nut,1,gate,test,scratch,test/scratch/002.png,17.672688
padim_r18,metal_nut,1,gate,test,scratch,test/scratch/003.png,14.885759
padim_r18,metal_nut,1,gate,test,scratch,test/scratch/004.png,17.177677
padim_r18,metal_nut,1,gate,test,scratch,test/scratch/005.png,15.711137
padim_r18,metal_nut,1,gate,test,scratch,test/scratch/006.png,15.918157
padim_r18,metal_nut,1,gate,test,scratch,test/scratch/007.png,25.081535
padim_r18,metal_nut,1,gate,test,scratch,test/scratch/008.png,18.843935
padim_r18,metal_nut,1,gate,test,scratch,test/scratch/009.png,16.705488
padim_r18,metal_nut,1,gate,test,scratch,test/scratch/010.png,14.472358
padim_r18,metal_nut,1,gate,test,scratch,test/scratch/011.png,17.986530
padim_r18,metal_nut,1,gate,test,scratch,test/scratch/012.png,16.695942
padim_r18,metal_nut,1,gate,test,scratch,test/scratch/013.png,17.814220
padim_r18,metal_nut,1,gate,test,scratch,test/scratch/014.png,16.560436
padim_r18,metal_nut,1,gate,test,scratch,test/scratch/015.png,19.751925
padim_r18,metal_nut,1,gate,test,scratch,test/scratch/016.png,15.167634
padim_r18,metal_nut,1,gate,test,scratch,test/scratch/017.png,15.466839
padim_r18,metal_nut,1,gate,test,scratch,test/scratch/018.png,21.247240
padim_r18,metal_nut,1,gate,test,scratch,test/scratch/019.png,15.476788
padim_r18,metal_nut,1,gate,test,scratch,test/scratch/020.png,12.767306
padim_r18,metal_nut,1,gate,test,scratch,test/scratch/021.png,15.588866
padim_r18,metal_nut,1,gate,test,scratch,test/scratch/022.png,13.831196
padim_r18,metal_nut,2,full,test,bent,test/bent/000.png,33.761967
padim_r18,metal_nut,2,full,test,bent,test/bent/001.png,19.210712
padim_r18,metal_nut,2,full,test,bent,test/bent/002.png,16.347534
padim_r18,metal_nut,2,full,test,bent,test/bent/003.png,20.184904
padim_r18,metal_nut,2,full,test,bent,test/bent/004.png,17.026001
padim_r18,metal_nut,2,full,test,bent,test/bent/005.png,22.957941
padim_r18,metal_nut,2,full,test,bent,test/bent/006.png,15.042848
padim_r18,metal_nut,2,full,test,bent,test/bent/007.png,14.680238
padim_r18,metal_nut,2,full,test,bent,test/bent/008.png,23.840157
padim_r18,metal_nut,2,full,test,bent,test/bent/009.png,32.017059
padim_r18,metal_nut,2,full,test,bent,test/bent/010.png,18.811983
padim_r18,metal_nut,2,full,test,bent,test/bent/011.png,33.539978
padim_r18,metal_nut,2,full,test,bent,test/bent/012.png,16.771412
padim_r18,metal_nut,2,full,test,bent,test/bent/013.png,29.424259
padim_r18,metal_nut,2,full,test,bent,test/bent/014.png,17.790329
padim_r18,metal_nut,2,full,test,bent,test/bent/015.png,16.347303
padim_r18,metal_nut,2,full,test,bent,test/bent/016.png,20.147413
padim_r18,metal_nut,2,full,test,bent,test/bent/017.png,19.238829
padim_r18,metal_nut,2,full,test,bent,test/bent/018.png,29.298578
padim_r18,metal_nut,2,full,test,bent,test/bent/019.png,21.513578
padim_r18,metal_nut,2,full,test,bent,test/bent/020.png,18.310492
padim_r18,metal_nut,2,full,test,bent,test/bent/021.png,17.665611
padim_r18,metal_nut,2,full,test,bent,test/bent/022.png,17.506168
padim_r18,metal_nut,2,full,test,bent,test/bent/023.png,22.837738
padim_r18,metal_nut,2,full,test,bent,test/bent/024.png,23.755432
padim_r18,metal_nut,2,full,test,color,test/color/000.png,17.732912
padim_r18,metal_nut,2,full,test,color,test/color/001.png,16.646463
padim_r18,metal_nut,2,full,test,color,test/color/002.png,22.197674
padim_r18,metal_nut,2,full,test,color,test/color/003.png,19.528225
padim_r18,metal_nut,2,full,test,color,test/color/004.png,16.036886
padim_r18,metal_nut,2,full,test,color,test/color/005.png,14.344030
padim_r18,metal_nut,2,full,test,color,test/color/006.png,21.666845
padim_r18,metal_nut,2,full,test,color,test/color/007.png,21.158598
padim_r18,metal_nut,2,full,test,color,test/color/008.png,24.072933
padim_r18,metal_nut,2,full,test,color,test/color/009.png,21.291395
padim_r18,metal_nut,2,full,test,color,test/color/010.png,18.858629
padim_r18,metal_nut,2,full,test,color,test/color/011.png,19.509640
padim_r18,metal_nut,2,full,test,color,test/color/012.png,16.711456
padim_r18,metal_nut,2,full,test,color,test/color/013.png,16.476460
padim_r18,metal_nut,2,full,test,color,test/color/014.png,17.034836
padim_r18,metal_nut,2,full,test,color,test/color/015.png,18.542433
padim_r18,metal_nut,2,full,test,color,test/color/016.png,19.992748
padim_r18,metal_nut,2,full,test,color,test/color/017.png,14.577591
padim_r18,metal_nut,2,full,test,color,test/color/018.png,16.198294
padim_r18,metal_nut,2,full,test,color,test/color/019.png,17.761366
padim_r18,metal_nut,2,full,test,color,test/color/020.png,17.876057
padim_r18,metal_nut,2,full,test,color,test/color/021.png,20.984110
padim_r18,metal_nut,2,full,test,flip,test/flip/000.png,22.251944
padim_r18,metal_nut,2,full,test,flip,test/flip/001.png,25.378620
padim_r18,metal_nut,2,full,test,flip,test/flip/002.png,23.214584
padim_r18,metal_nut,2,full,test,flip,test/flip/003.png,22.280279
padim_r18,metal_nut,2,full,test,flip,test/flip/004.png,23.838976
padim_r18,metal_nut,2,full,test,flip,test/flip/005.png,23.188892
padim_r18,metal_nut,2,full,test,flip,test/flip/006.png,21.407942
padim_r18,metal_nut,2,full,test,flip,test/flip/007.png,22.612061
padim_r18,metal_nut,2,full,test,flip,test/flip/008.png,22.538017
padim_r18,metal_nut,2,full,test,flip,test/flip/009.png,20.798918
padim_r18,metal_nut,2,full,test,flip,test/flip/010.png,21.492199
padim_r18,metal_nut,2,full,test,flip,test/flip/011.png,22.782391
padim_r18,metal_nut,2,full,test,flip,test/flip/012.png,24.196085
padim_r18,metal_nut,2,full,test,flip,test/flip/013.png,23.347927
padim_r18,metal_nut,2,full,test,flip,test/flip/014.png,24.469360
padim_r18,metal_nut,2,full,test,flip,test/flip/015.png,21.343351
padim_r18,metal_nut,2,full,test,flip,test/flip/016.png,24.050974
padim_r18,metal_nut,2,full,test,flip,test/flip/017.png,22.223999
padim_r18,metal_nut,2,full,test,flip,test/flip/018.png,19.815216
padim_r18,metal_nut,2,full,test,flip,test/flip/019.png,21.202583
padim_r18,metal_nut,2,full,test,flip,test/flip/020.png,20.323170
padim_r18,metal_nut,2,full,test,flip,test/flip/021.png,21.001621
padim_r18,metal_nut,2,full,test,flip,test/flip/022.png,22.414293
padim_r18,metal_nut,2,full,test,good,test/good/000.png,13.049378
padim_r18,metal_nut,2,full,test,good,test/good/001.png,10.333063
padim_r18,metal_nut,2,full,test,good,test/good/002.png,11.928656
padim_r18,metal_nut,2,full,test,good,test/good/003.png,10.194054
padim_r18,metal_nut,2,full,test,good,test/good/004.png,11.042528
padim_r18,metal_nut,2,full,test,good,test/good/005.png,14.062101
padim_r18,metal_nut,2,full,test,good,test/good/006.png,11.616483
padim_r18,metal_nut,2,full,test,good,test/good/007.png,12.761844
padim_r18,metal_nut,2,full,test,good,test/good/008.png,12.425941
padim_r18,metal_nut,2,full,test,good,test/good/009.png,11.934784
padim_r18,metal_nut,2,full,test,good,test/good/010.png,13.384194
padim_r18,metal_nut,2,full,test,good,test/good/011.png,11.145022
padim_r18,metal_nut,2,full,test,good,test/good/012.png,13.130419
padim_r18,metal_nut,2,full,test,good,test/good/013.png,11.322334
padim_r18,metal_nut,2,full,test,good,test/good/014.png,11.512733
padim_r18,metal_nut,2,full,test,good,test/good/015.png,13.535861
padim_r18,metal_nut,2,full,test,good,test/good/016.png,15.805750
padim_r18,metal_nut,2,full,test,good,test/good/017.png,11.025402
padim_r18,metal_nut,2,full,test,good,test/good/018.png,10.179814
padim_r18,metal_nut,2,full,test,good,test/good/019.png,10.784204
padim_r18,metal_nut,2,full,test,good,test/good/020.png,9.675031
padim_r18,metal_nut,2,full,test,good,test/good/021.png,11.059036
padim_r18,metal_nut,2,full,test,scratch,test/scratch/000.png,14.265589
padim_r18,metal_nut,2,full,test,scratch,test/scratch/001.png,14.810998
padim_r18,metal_nut,2,full,test,scratch,test/scratch/002.png,13.852384
padim_r18,metal_nut,2,full,test,scratch,test/scratch/003.png,12.600829
padim_r18,metal_nut,2,full,test,scratch,test/scratch/004.png,17.360229
padim_r18,metal_nut,2,full,test,scratch,test/scratch/005.png,15.184319
padim_r18,metal_nut,2,full,test,scratch,test/scratch/006.png,15.375040
padim_r18,metal_nut,2,full,test,scratch,test/scratch/007.png,25.949177
padim_r18,metal_nut,2,full,test,scratch,test/scratch/008.png,19.166759
padim_r18,metal_nut,2,full,test,scratch,test/scratch/009.png,16.228453
padim_r18,metal_nut,2,full,test,scratch,test/scratch/010.png,16.939257
padim_r18,metal_nut,2,full,test,scratch,test/scratch/011.png,17.898972
padim_r18,metal_nut,2,full,test,scratch,test/scratch/012.png,17.688540
padim_r18,metal_nut,2,full,test,scratch,test/scratch/013.png,18.638123
padim_r18,metal_nut,2,full,test,scratch,test/scratch/014.png,14.366745
padim_r18,metal_nut,2,full,test,scratch,test/scratch/015.png,28.008041
padim_r18,metal_nut,2,full,test,scratch,test/scratch/016.png,17.643524
padim_r18,metal_nut,2,full,test,scratch,test/scratch/017.png,16.107708
padim_r18,metal_nut,2,full,test,scratch,test/scratch/018.png,24.229330
padim_r18,metal_nut,2,full,test,scratch,test/scratch/019.png,17.773087
padim_r18,metal_nut,2,full,test,scratch,test/scratch/020.png,13.343243
padim_r18,metal_nut,2,full,test,scratch,test/scratch/021.png,13.087015
padim_r18,metal_nut,2,full,test,scratch,test/scratch/022.png,13.892761
padim_r18,metal_nut,2,gate,calibration,good,train/good/000.png,11.617075
padim_r18,metal_nut,2,gate,calibration,good,train/good/011.png,13.222510
padim_r18,metal_nut,2,gate,calibration,good,train/good/026.png,9.636946
padim_r18,metal_nut,2,gate,calibration,good,train/good/032.png,10.998955
padim_r18,metal_nut,2,gate,calibration,good,train/good/038.png,11.006129
padim_r18,metal_nut,2,gate,calibration,good,train/good/039.png,12.543956
padim_r18,metal_nut,2,gate,calibration,good,train/good/042.png,11.062591
padim_r18,metal_nut,2,gate,calibration,good,train/good/045.png,11.323826
padim_r18,metal_nut,2,gate,calibration,good,train/good/048.png,11.610397
padim_r18,metal_nut,2,gate,calibration,good,train/good/052.png,13.823473
padim_r18,metal_nut,2,gate,calibration,good,train/good/061.png,12.007854
padim_r18,metal_nut,2,gate,calibration,good,train/good/067.png,14.792419
padim_r18,metal_nut,2,gate,calibration,good,train/good/069.png,12.193911
padim_r18,metal_nut,2,gate,calibration,good,train/good/071.png,12.853810
padim_r18,metal_nut,2,gate,calibration,good,train/good/074.png,11.700425
padim_r18,metal_nut,2,gate,calibration,good,train/good/078.png,12.796686
padim_r18,metal_nut,2,gate,calibration,good,train/good/081.png,10.181484
padim_r18,metal_nut,2,gate,calibration,good,train/good/086.png,12.949883
padim_r18,metal_nut,2,gate,calibration,good,train/good/089.png,11.218763
padim_r18,metal_nut,2,gate,calibration,good,train/good/093.png,9.919702
padim_r18,metal_nut,2,gate,calibration,good,train/good/104.png,10.351906
padim_r18,metal_nut,2,gate,calibration,good,train/good/107.png,10.723460
padim_r18,metal_nut,2,gate,calibration,good,train/good/108.png,13.846595
padim_r18,metal_nut,2,gate,calibration,good,train/good/114.png,10.671327
padim_r18,metal_nut,2,gate,calibration,good,train/good/118.png,9.948142
padim_r18,metal_nut,2,gate,calibration,good,train/good/119.png,11.380765
padim_r18,metal_nut,2,gate,calibration,good,train/good/123.png,12.830159
padim_r18,metal_nut,2,gate,calibration,good,train/good/126.png,11.028271
padim_r18,metal_nut,2,gate,calibration,good,train/good/129.png,10.441737
padim_r18,metal_nut,2,gate,calibration,good,train/good/141.png,11.138205
padim_r18,metal_nut,2,gate,calibration,good,train/good/145.png,10.970173
padim_r18,metal_nut,2,gate,calibration,good,train/good/147.png,11.300922
padim_r18,metal_nut,2,gate,calibration,good,train/good/162.png,11.390739
padim_r18,metal_nut,2,gate,calibration,good,train/good/170.png,11.035722
padim_r18,metal_nut,2,gate,calibration,good,train/good/179.png,10.752571
padim_r18,metal_nut,2,gate,calibration,good,train/good/186.png,12.269547
padim_r18,metal_nut,2,gate,calibration,good,train/good/190.png,11.561846
padim_r18,metal_nut,2,gate,calibration,good,train/good/194.png,11.286341
padim_r18,metal_nut,2,gate,calibration,good,train/good/199.png,10.952831
padim_r18,metal_nut,2,gate,calibration,good,train/good/206.png,10.695151
padim_r18,metal_nut,2,gate,calibration,good,train/good/207.png,15.419406
padim_r18,metal_nut,2,gate,calibration,good,train/good/211.png,10.708723
padim_r18,metal_nut,2,gate,calibration,good,train/good/214.png,10.042969
padim_r18,metal_nut,2,gate,calibration,good,train/good/217.png,11.091647
padim_r18,metal_nut,2,gate,test,bent,test/bent/000.png,33.769600
padim_r18,metal_nut,2,gate,test,bent,test/bent/001.png,19.275286
padim_r18,metal_nut,2,gate,test,bent,test/bent/002.png,17.059977
padim_r18,metal_nut,2,gate,test,bent,test/bent/003.png,20.260818
padim_r18,metal_nut,2,gate,test,bent,test/bent/004.png,17.372730
padim_r18,metal_nut,2,gate,test,bent,test/bent/005.png,23.197262
padim_r18,metal_nut,2,gate,test,bent,test/bent/006.png,15.096325
padim_r18,metal_nut,2,gate,test,bent,test/bent/007.png,14.795591
padim_r18,metal_nut,2,gate,test,bent,test/bent/008.png,23.814640
padim_r18,metal_nut,2,gate,test,bent,test/bent/009.png,32.015743
padim_r18,metal_nut,2,gate,test,bent,test/bent/010.png,19.000969
padim_r18,metal_nut,2,gate,test,bent,test/bent/011.png,33.669815
padim_r18,metal_nut,2,gate,test,bent,test/bent/012.png,17.036818
padim_r18,metal_nut,2,gate,test,bent,test/bent/013.png,29.379293
padim_r18,metal_nut,2,gate,test,bent,test/bent/014.png,18.003210
padim_r18,metal_nut,2,gate,test,bent,test/bent/015.png,16.621607
padim_r18,metal_nut,2,gate,test,bent,test/bent/016.png,20.503101
padim_r18,metal_nut,2,gate,test,bent,test/bent/017.png,19.686489
padim_r18,metal_nut,2,gate,test,bent,test/bent/018.png,29.343399
padim_r18,metal_nut,2,gate,test,bent,test/bent/019.png,21.523497
padim_r18,metal_nut,2,gate,test,bent,test/bent/020.png,18.633722
padim_r18,metal_nut,2,gate,test,bent,test/bent/021.png,17.852247
padim_r18,metal_nut,2,gate,test,bent,test/bent/022.png,17.446770
padim_r18,metal_nut,2,gate,test,bent,test/bent/023.png,22.767059
padim_r18,metal_nut,2,gate,test,bent,test/bent/024.png,23.717556
padim_r18,metal_nut,2,gate,test,color,test/color/000.png,17.667477
padim_r18,metal_nut,2,gate,test,color,test/color/001.png,17.240925
padim_r18,metal_nut,2,gate,test,color,test/color/002.png,22.195374
padim_r18,metal_nut,2,gate,test,color,test/color/003.png,19.660343
padim_r18,metal_nut,2,gate,test,color,test/color/004.png,16.140387
padim_r18,metal_nut,2,gate,test,color,test/color/005.png,14.491114
padim_r18,metal_nut,2,gate,test,color,test/color/006.png,21.850691
padim_r18,metal_nut,2,gate,test,color,test/color/007.png,21.548368
padim_r18,metal_nut,2,gate,test,color,test/color/008.png,24.036787
padim_r18,metal_nut,2,gate,test,color,test/color/009.png,21.349821
padim_r18,metal_nut,2,gate,test,color,test/color/010.png,18.745499
padim_r18,metal_nut,2,gate,test,color,test/color/011.png,19.769632
padim_r18,metal_nut,2,gate,test,color,test/color/012.png,17.123323
padim_r18,metal_nut,2,gate,test,color,test/color/013.png,16.517759
padim_r18,metal_nut,2,gate,test,color,test/color/014.png,17.274143
padim_r18,metal_nut,2,gate,test,color,test/color/015.png,18.662899
padim_r18,metal_nut,2,gate,test,color,test/color/016.png,19.853172
padim_r18,metal_nut,2,gate,test,color,test/color/017.png,14.594666
padim_r18,metal_nut,2,gate,test,color,test/color/018.png,16.279755
padim_r18,metal_nut,2,gate,test,color,test/color/019.png,17.782358
padim_r18,metal_nut,2,gate,test,color,test/color/020.png,17.927198
padim_r18,metal_nut,2,gate,test,color,test/color/021.png,20.908857
padim_r18,metal_nut,2,gate,test,flip,test/flip/000.png,22.249662
padim_r18,metal_nut,2,gate,test,flip,test/flip/001.png,25.555029
padim_r18,metal_nut,2,gate,test,flip,test/flip/002.png,23.488161
padim_r18,metal_nut,2,gate,test,flip,test/flip/003.png,22.627396
padim_r18,metal_nut,2,gate,test,flip,test/flip/004.png,23.978907
padim_r18,metal_nut,2,gate,test,flip,test/flip/005.png,23.331394
padim_r18,metal_nut,2,gate,test,flip,test/flip/006.png,21.581934
padim_r18,metal_nut,2,gate,test,flip,test/flip/007.png,22.827955
padim_r18,metal_nut,2,gate,test,flip,test/flip/008.png,22.730169
padim_r18,metal_nut,2,gate,test,flip,test/flip/009.png,20.786846
padim_r18,metal_nut,2,gate,test,flip,test/flip/010.png,21.846350
padim_r18,metal_nut,2,gate,test,flip,test/flip/011.png,22.993620
padim_r18,metal_nut,2,gate,test,flip,test/flip/012.png,24.119507
padim_r18,metal_nut,2,gate,test,flip,test/flip/013.png,23.396038
padim_r18,metal_nut,2,gate,test,flip,test/flip/014.png,24.524372
padim_r18,metal_nut,2,gate,test,flip,test/flip/015.png,21.619848
padim_r18,metal_nut,2,gate,test,flip,test/flip/016.png,24.266294
padim_r18,metal_nut,2,gate,test,flip,test/flip/017.png,22.380239
padim_r18,metal_nut,2,gate,test,flip,test/flip/018.png,20.030872
padim_r18,metal_nut,2,gate,test,flip,test/flip/019.png,21.676384
padim_r18,metal_nut,2,gate,test,flip,test/flip/020.png,20.298510
padim_r18,metal_nut,2,gate,test,flip,test/flip/021.png,20.975346
padim_r18,metal_nut,2,gate,test,flip,test/flip/022.png,22.516426
padim_r18,metal_nut,2,gate,test,good,test/good/000.png,13.012094
padim_r18,metal_nut,2,gate,test,good,test/good/001.png,10.588880
padim_r18,metal_nut,2,gate,test,good,test/good/002.png,12.349124
padim_r18,metal_nut,2,gate,test,good,test/good/003.png,10.277884
padim_r18,metal_nut,2,gate,test,good,test/good/004.png,11.056524
padim_r18,metal_nut,2,gate,test,good,test/good/005.png,14.389112
padim_r18,metal_nut,2,gate,test,good,test/good/006.png,11.943320
padim_r18,metal_nut,2,gate,test,good,test/good/007.png,13.018785
padim_r18,metal_nut,2,gate,test,good,test/good/008.png,12.529557
padim_r18,metal_nut,2,gate,test,good,test/good/009.png,11.998069
padim_r18,metal_nut,2,gate,test,good,test/good/010.png,13.724142
padim_r18,metal_nut,2,gate,test,good,test/good/011.png,11.389782
padim_r18,metal_nut,2,gate,test,good,test/good/012.png,13.992861
padim_r18,metal_nut,2,gate,test,good,test/good/013.png,11.547159
padim_r18,metal_nut,2,gate,test,good,test/good/014.png,11.619136
padim_r18,metal_nut,2,gate,test,good,test/good/015.png,14.204485
padim_r18,metal_nut,2,gate,test,good,test/good/016.png,15.941489
padim_r18,metal_nut,2,gate,test,good,test/good/017.png,11.180902
padim_r18,metal_nut,2,gate,test,good,test/good/018.png,10.934854
padim_r18,metal_nut,2,gate,test,good,test/good/019.png,10.736990
padim_r18,metal_nut,2,gate,test,good,test/good/020.png,9.896186
padim_r18,metal_nut,2,gate,test,good,test/good/021.png,11.393637
padim_r18,metal_nut,2,gate,test,scratch,test/scratch/000.png,14.390186
padim_r18,metal_nut,2,gate,test,scratch,test/scratch/001.png,14.927923
padim_r18,metal_nut,2,gate,test,scratch,test/scratch/002.png,14.533284
padim_r18,metal_nut,2,gate,test,scratch,test/scratch/003.png,12.630795
padim_r18,metal_nut,2,gate,test,scratch,test/scratch/004.png,17.597225
padim_r18,metal_nut,2,gate,test,scratch,test/scratch/005.png,15.369494
padim_r18,metal_nut,2,gate,test,scratch,test/scratch/006.png,15.289585
padim_r18,metal_nut,2,gate,test,scratch,test/scratch/007.png,26.184652
padim_r18,metal_nut,2,gate,test,scratch,test/scratch/008.png,19.526403
padim_r18,metal_nut,2,gate,test,scratch,test/scratch/009.png,16.599916
padim_r18,metal_nut,2,gate,test,scratch,test/scratch/010.png,17.091230
padim_r18,metal_nut,2,gate,test,scratch,test/scratch/011.png,18.152233
padim_r18,metal_nut,2,gate,test,scratch,test/scratch/012.png,18.034115
padim_r18,metal_nut,2,gate,test,scratch,test/scratch/013.png,18.691582
padim_r18,metal_nut,2,gate,test,scratch,test/scratch/014.png,14.409673
padim_r18,metal_nut,2,gate,test,scratch,test/scratch/015.png,28.364773
padim_r18,metal_nut,2,gate,test,scratch,test/scratch/016.png,17.721788
padim_r18,metal_nut,2,gate,test,scratch,test/scratch/017.png,16.287439
padim_r18,metal_nut,2,gate,test,scratch,test/scratch/018.png,24.388809
padim_r18,metal_nut,2,gate,test,scratch,test/scratch/019.png,17.907650
padim_r18,metal_nut,2,gate,test,scratch,test/scratch/020.png,13.680378
padim_r18,metal_nut,2,gate,test,scratch,test/scratch/021.png,13.207892
padim_r18,metal_nut,2,gate,test,scratch,test/scratch/022.png,14.249166
padim_r18,screw,0,full,test,good,test/good/000.png,12.856923
padim_r18,screw,0,full,test,good,test/good/001.png,18.501909
padim_r18,screw,0,full,test,good,test/good/002.png,17.592976
padim_r18,screw,0,full,test,good,test/good/003.png,14.040130
padim_r18,screw,0,full,test,good,test/good/004.png,11.720333
padim_r18,screw,0,full,test,good,test/good/005.png,13.679667
padim_r18,screw,0,full,test,good,test/good/006.png,12.250519
padim_r18,screw,0,full,test,good,test/good/007.png,14.678266
padim_r18,screw,0,full,test,good,test/good/008.png,14.721744
padim_r18,screw,0,full,test,good,test/good/009.png,12.721412
padim_r18,screw,0,full,test,good,test/good/010.png,13.588942
padim_r18,screw,0,full,test,good,test/good/011.png,18.001633
padim_r18,screw,0,full,test,good,test/good/012.png,13.631794
padim_r18,screw,0,full,test,good,test/good/013.png,13.696296
padim_r18,screw,0,full,test,good,test/good/014.png,18.968409
padim_r18,screw,0,full,test,good,test/good/015.png,17.420458
padim_r18,screw,0,full,test,good,test/good/016.png,16.123028
padim_r18,screw,0,full,test,good,test/good/017.png,15.475935
padim_r18,screw,0,full,test,good,test/good/018.png,16.154919
padim_r18,screw,0,full,test,good,test/good/019.png,18.793089
padim_r18,screw,0,full,test,good,test/good/020.png,16.206055
padim_r18,screw,0,full,test,good,test/good/021.png,12.602712
padim_r18,screw,0,full,test,good,test/good/022.png,15.752022
padim_r18,screw,0,full,test,good,test/good/023.png,15.665676
padim_r18,screw,0,full,test,good,test/good/024.png,19.505701
padim_r18,screw,0,full,test,good,test/good/025.png,11.008821
padim_r18,screw,0,full,test,good,test/good/026.png,16.029854
padim_r18,screw,0,full,test,good,test/good/027.png,13.061584
padim_r18,screw,0,full,test,good,test/good/028.png,14.086580
padim_r18,screw,0,full,test,good,test/good/029.png,16.543678
padim_r18,screw,0,full,test,good,test/good/030.png,12.180759
padim_r18,screw,0,full,test,good,test/good/031.png,16.949406
padim_r18,screw,0,full,test,good,test/good/032.png,14.463374
padim_r18,screw,0,full,test,good,test/good/033.png,12.405369
padim_r18,screw,0,full,test,good,test/good/034.png,14.309521
padim_r18,screw,0,full,test,good,test/good/035.png,13.894387
padim_r18,screw,0,full,test,good,test/good/036.png,14.346354
padim_r18,screw,0,full,test,good,test/good/037.png,14.609795
padim_r18,screw,0,full,test,good,test/good/038.png,13.322066
padim_r18,screw,0,full,test,good,test/good/039.png,17.036207
padim_r18,screw,0,full,test,good,test/good/040.png,13.039618
padim_r18,screw,0,full,test,manipulated_front,test/manipulated_front/000.png,18.621059
padim_r18,screw,0,full,test,manipulated_front,test/manipulated_front/001.png,22.167240
padim_r18,screw,0,full,test,manipulated_front,test/manipulated_front/002.png,18.821650
padim_r18,screw,0,full,test,manipulated_front,test/manipulated_front/003.png,22.962593
padim_r18,screw,0,full,test,manipulated_front,test/manipulated_front/004.png,20.118757
padim_r18,screw,0,full,test,manipulated_front,test/manipulated_front/005.png,31.237251
padim_r18,screw,0,full,test,manipulated_front,test/manipulated_front/006.png,18.062216
padim_r18,screw,0,full,test,manipulated_front,test/manipulated_front/007.png,21.431118
padim_r18,screw,0,full,test,manipulated_front,test/manipulated_front/008.png,21.041842
padim_r18,screw,0,full,test,manipulated_front,test/manipulated_front/009.png,17.102528
padim_r18,screw,0,full,test,manipulated_front,test/manipulated_front/010.png,19.942965
padim_r18,screw,0,full,test,manipulated_front,test/manipulated_front/011.png,18.285192
padim_r18,screw,0,full,test,manipulated_front,test/manipulated_front/012.png,20.525082
padim_r18,screw,0,full,test,manipulated_front,test/manipulated_front/013.png,18.641783
padim_r18,screw,0,full,test,manipulated_front,test/manipulated_front/014.png,19.582653
padim_r18,screw,0,full,test,manipulated_front,test/manipulated_front/015.png,21.394424
padim_r18,screw,0,full,test,manipulated_front,test/manipulated_front/016.png,18.925087
padim_r18,screw,0,full,test,manipulated_front,test/manipulated_front/017.png,15.878289
padim_r18,screw,0,full,test,manipulated_front,test/manipulated_front/018.png,19.382261
padim_r18,screw,0,full,test,manipulated_front,test/manipulated_front/019.png,16.382858
padim_r18,screw,0,full,test,manipulated_front,test/manipulated_front/020.png,15.247789
padim_r18,screw,0,full,test,manipulated_front,test/manipulated_front/021.png,16.063410
padim_r18,screw,0,full,test,manipulated_front,test/manipulated_front/022.png,20.801867
padim_r18,screw,0,full,test,manipulated_front,test/manipulated_front/023.png,22.982790
padim_r18,screw,0,full,test,scratch_head,test/scratch_head/000.png,16.578894
padim_r18,screw,0,full,test,scratch_head,test/scratch_head/001.png,16.220097
padim_r18,screw,0,full,test,scratch_head,test/scratch_head/002.png,17.358633
padim_r18,screw,0,full,test,scratch_head,test/scratch_head/003.png,14.024580
padim_r18,screw,0,full,test,scratch_head,test/scratch_head/004.png,16.885511
padim_r18,screw,0,full,test,scratch_head,test/scratch_head/005.png,16.944376
padim_r18,screw,0,full,test,scratch_head,test/scratch_head/006.png,17.572905
padim_r18,screw,0,full,test,scratch_head,test/scratch_head/007.png,20.771776
padim_r18,screw,0,full,test,scratch_head,test/scratch_head/008.png,16.440437
padim_r18,screw,0,full,test,scratch_head,test/scratch_head/009.png,18.383339
padim_r18,screw,0,full,test,scratch_head,test/scratch_head/010.png,15.298317
padim_r18,screw,0,full,test,scratch_head,test/scratch_head/011.png,19.797192
padim_r18,screw,0,full,test,scratch_head,test/scratch_head/012.png,17.921862
padim_r18,screw,0,full,test,scratch_head,test/scratch_head/013.png,18.762417
padim_r18,screw,0,full,test,scratch_head,test/scratch_head/014.png,20.318352
padim_r18,screw,0,full,test,scratch_head,test/scratch_head/015.png,22.902107
padim_r18,screw,0,full,test,scratch_head,test/scratch_head/016.png,17.275698
padim_r18,screw,0,full,test,scratch_head,test/scratch_head/017.png,19.805550
padim_r18,screw,0,full,test,scratch_head,test/scratch_head/018.png,21.355934
padim_r18,screw,0,full,test,scratch_head,test/scratch_head/019.png,18.339828
padim_r18,screw,0,full,test,scratch_head,test/scratch_head/020.png,16.541727
padim_r18,screw,0,full,test,scratch_head,test/scratch_head/021.png,16.845221
padim_r18,screw,0,full,test,scratch_head,test/scratch_head/022.png,20.205647
padim_r18,screw,0,full,test,scratch_head,test/scratch_head/023.png,16.275116
padim_r18,screw,0,full,test,scratch_neck,test/scratch_neck/000.png,15.235173
padim_r18,screw,0,full,test,scratch_neck,test/scratch_neck/001.png,18.798845
padim_r18,screw,0,full,test,scratch_neck,test/scratch_neck/002.png,13.324072
padim_r18,screw,0,full,test,scratch_neck,test/scratch_neck/003.png,20.850191
padim_r18,screw,0,full,test,scratch_neck,test/scratch_neck/004.png,23.120251
padim_r18,screw,0,full,test,scratch_neck,test/scratch_neck/005.png,16.297945
padim_r18,screw,0,full,test,scratch_neck,test/scratch_neck/006.png,19.852007
padim_r18,screw,0,full,test,scratch_neck,test/scratch_neck/007.png,16.987707
padim_r18,screw,0,full,test,scratch_neck,test/scratch_neck/008.png,21.840240
padim_r18,screw,0,full,test,scratch_neck,test/scratch_neck/009.png,21.089350
padim_r18,screw,0,full,test,scratch_neck,test/scratch_neck/010.png,16.015491
padim_r18,screw,0,full,test,scratch_neck,test/scratch_neck/011.png,16.951288
padim_r18,screw,0,full,test,scratch_neck,test/scratch_neck/012.png,16.139191
padim_r18,screw,0,full,test,scratch_neck,test/scratch_neck/013.png,22.703949
padim_r18,screw,0,full,test,scratch_neck,test/scratch_neck/014.png,20.038729
padim_r18,screw,0,full,test,scratch_neck,test/scratch_neck/015.png,17.941141
padim_r18,screw,0,full,test,scratch_neck,test/scratch_neck/016.png,20.606461
padim_r18,screw,0,full,test,scratch_neck,test/scratch_neck/017.png,14.746961
padim_r18,screw,0,full,test,scratch_neck,test/scratch_neck/018.png,17.116646
padim_r18,screw,0,full,test,scratch_neck,test/scratch_neck/019.png,18.033789
padim_r18,screw,0,full,test,scratch_neck,test/scratch_neck/020.png,19.373878
padim_r18,screw,0,full,test,scratch_neck,test/scratch_neck/021.png,13.283710
padim_r18,screw,0,full,test,scratch_neck,test/scratch_neck/022.png,15.939200
padim_r18,screw,0,full,test,scratch_neck,test/scratch_neck/023.png,15.489368
padim_r18,screw,0,full,test,scratch_neck,test/scratch_neck/024.png,23.766087
padim_r18,screw,0,full,test,thread_side,test/thread_side/000.png,12.981174
padim_r18,screw,0,full,test,thread_side,test/thread_side/001.png,18.598646
padim_r18,screw,0,full,test,thread_side,test/thread_side/002.png,20.324316
padim_r18,screw,0,full,test,thread_side,test/thread_side/003.png,20.405031
padim_r18,screw,0,full,test,thread_side,test/thread_side/004.png,15.307387
padim_r18,screw,0,full,test,thread_side,test/thread_side/005.png,17.199551
padim_r18,screw,0,full,test,thread_side,test/thread_side/006.png,14.574518
padim_r18,screw,0,full,test,thread_side,test/thread_side/007.png,16.759369
padim_r18,screw,0,full,test,thread_side,test/thread_side/008.png,14.136421
padim_r18,screw,0,full,test,thread_side,test/thread_side/009.png,15.188133
padim_r18,screw,0,full,test,thread_side,test/thread_side/010.png,21.850983
padim_r18,screw,0,full,test,thread_side,test/thread_side/011.png,16.760151
padim_r18,screw,0,full,test,thread_side,test/thread_side/012.png,13.159262
padim_r18,screw,0,full,test,thread_side,test/thread_side/013.png,14.353337
padim_r18,screw,0,full,test,thread_side,test/thread_side/014.png,13.997671
padim_r18,screw,0,full,test,thread_side,test/thread_side/015.png,15.045676
padim_r18,screw,0,full,test,thread_side,test/thread_side/016.png,14.929875
padim_r18,screw,0,full,test,thread_side,test/thread_side/017.png,15.672090
padim_r18,screw,0,full,test,thread_side,test/thread_side/018.png,16.294910
padim_r18,screw,0,full,test,thread_side,test/thread_side/019.png,16.601412
padim_r18,screw,0,full,test,thread_side,test/thread_side/020.png,16.398542
padim_r18,screw,0,full,test,thread_side,test/thread_side/021.png,14.493160
padim_r18,screw,0,full,test,thread_side,test/thread_side/022.png,18.883476
padim_r18,screw,0,full,test,thread_top,test/thread_top/000.png,16.379379
padim_r18,screw,0,full,test,thread_top,test/thread_top/001.png,14.589449
padim_r18,screw,0,full,test,thread_top,test/thread_top/002.png,15.043931
padim_r18,screw,0,full,test,thread_top,test/thread_top/003.png,14.933276
padim_r18,screw,0,full,test,thread_top,test/thread_top/004.png,13.587991
padim_r18,screw,0,full,test,thread_top,test/thread_top/005.png,15.301529
padim_r18,screw,0,full,test,thread_top,test/thread_top/006.png,18.048374
padim_r18,screw,0,full,test,thread_top,test/thread_top/007.png,20.974707
padim_r18,screw,0,full,test,thread_top,test/thread_top/008.png,19.975904
padim_r18,screw,0,full,test,thread_top,test/thread_top/009.png,13.237796
padim_r18,screw,0,full,test,thread_top,test/thread_top/010.png,17.341249
padim_r18,screw,0,full,test,thread_top,test/thread_top/011.png,15.160804
padim_r18,screw,0,full,test,thread_top,test/thread_top/012.png,16.087456
padim_r18,screw,0,full,test,thread_top,test/thread_top/013.png,16.739908
padim_r18,screw,0,full,test,thread_top,test/thread_top/014.png,12.467350
padim_r18,screw,0,full,test,thread_top,test/thread_top/015.png,15.695683
padim_r18,screw,0,full,test,thread_top,test/thread_top/016.png,16.719736
padim_r18,screw,0,full,test,thread_top,test/thread_top/017.png,16.564894
padim_r18,screw,0,full,test,thread_top,test/thread_top/018.png,15.295073
padim_r18,screw,0,full,test,thread_top,test/thread_top/019.png,22.259485
padim_r18,screw,0,full,test,thread_top,test/thread_top/020.png,15.488370
padim_r18,screw,0,full,test,thread_top,test/thread_top/021.png,13.221701
padim_r18,screw,0,full,test,thread_top,test/thread_top/022.png,16.725578
padim_r18,screw,0,gate,calibration,good,train/good/000.png,16.156082
padim_r18,screw,0,gate,calibration,good,train/good/005.png,15.874455
padim_r18,screw,0,gate,calibration,good,train/good/010.png,12.910285
padim_r18,screw,0,gate,calibration,good,train/good/018.png,17.022915
padim_r18,screw,0,gate,calibration,good,train/good/031.png,16.856607
padim_r18,screw,0,gate,calibration,good,train/good/033.png,12.553075
padim_r18,screw,0,gate,calibration,good,train/good/036.png,17.735846
padim_r18,screw,0,gate,calibration,good,train/good/039.png,18.596895
padim_r18,screw,0,gate,calibration,good,train/good/041.png,19.980118
padim_r18,screw,0,gate,calibration,good,train/good/044.png,17.390501
padim_r18,screw,0,gate,calibration,good,train/good/045.png,13.084509
padim_r18,screw,0,gate,calibration,good,train/good/047.png,18.421875
padim_r18,screw,0,gate,calibration,good,train/good/063.png,12.169251
padim_r18,screw,0,gate,calibration,good,train/good/070.png,13.172249
padim_r18,screw,0,gate,calibration,good,train/good/071.png,12.146086
padim_r18,screw,0,gate,calibration,good,train/good/075.png,21.142477
padim_r18,screw,0,gate,calibration,good,train/good/084.png,12.204575
padim_r18,screw,0,gate,calibration,good,train/good/090.png,20.079313
padim_r18,screw,0,gate,calibration,good,train/good/093.png,14.136964
padim_r18,screw,0,gate,calibration,good,train/good/098.png,15.307662
padim_r18,screw,0,gate,calibration,good,train/good/111.png,13.585601
padim_r18,screw,0,gate,calibration,good,train/good/116.png,12.848871
padim_r18,screw,0,gate,calibration,good,train/good/117.png,13.378228
padim_r18,screw,0,gate,calibration,good,train/good/121.png,13.819832
padim_r18,screw,0,gate,calibration,good,train/good/124.png,12.208469
padim_r18,screw,0,gate,calibration,good,train/good/133.png,14.141770
padim_r18,screw,0,gate,calibration,good,train/good/144.png,12.564604
padim_r18,screw,0,gate,calibration,good,train/good/145.png,19.178169
padim_r18,screw,0,gate,calibration,good,train/good/147.png,16.439774
padim_r18,screw,0,gate,calibration,good,train/good/148.png,14.671815
padim_r18,screw,0,gate,calibration,good,train/good/149.png,14.438132
padim_r18,screw,0,gate,calibration,good,train/good/150.png,12.055554
padim_r18,screw,0,gate,calibration,good,train/good/159.png,13.361746
padim_r18,screw,0,gate,calibration,good,train/good/161.png,12.833567
padim_r18,screw,0,gate,calibration,good,train/good/162.png,18.212641
padim_r18,screw,0,gate,calibration,good,train/good/167.png,19.077185
padim_r18,screw,0,gate,calibration,good,train/good/168.png,13.230426
padim_r18,screw,0,gate,calibration,good,train/good/174.png,17.807058
padim_r18,screw,0,gate,calibration,good,train/good/189.png,14.507361
padim_r18,screw,0,gate,calibration,good,train/good/197.png,14.785073
padim_r18,screw,0,gate,calibration,good,train/good/203.png,12.533276
padim_r18,screw,0,gate,calibration,good,train/good/205.png,15.609685
padim_r18,screw,0,gate,calibration,good,train/good/208.png,17.078585
padim_r18,screw,0,gate,calibration,good,train/good/219.png,21.400793
padim_r18,screw,0,gate,calibration,good,train/good/223.png,13.131185
padim_r18,screw,0,gate,calibration,good,train/good/229.png,12.169675
padim_r18,screw,0,gate,calibration,good,train/good/230.png,14.214077
padim_r18,screw,0,gate,calibration,good,train/good/233.png,15.337119
padim_r18,screw,0,gate,calibration,good,train/good/234.png,18.364485
padim_r18,screw,0,gate,calibration,good,train/good/247.png,23.387117
padim_r18,screw,0,gate,calibration,good,train/good/252.png,19.687464
padim_r18,screw,0,gate,calibration,good,train/good/257.png,12.608540
padim_r18,screw,0,gate,calibration,good,train/good/279.png,12.134085
padim_r18,screw,0,gate,calibration,good,train/good/280.png,12.319098
padim_r18,screw,0,gate,calibration,good,train/good/281.png,14.851516
padim_r18,screw,0,gate,calibration,good,train/good/284.png,14.288168
padim_r18,screw,0,gate,calibration,good,train/good/291.png,16.664785
padim_r18,screw,0,gate,calibration,good,train/good/295.png,14.299920
padim_r18,screw,0,gate,calibration,good,train/good/301.png,14.835704
padim_r18,screw,0,gate,calibration,good,train/good/302.png,11.969583
padim_r18,screw,0,gate,calibration,good,train/good/305.png,13.609276
padim_r18,screw,0,gate,calibration,good,train/good/309.png,14.320585
padim_r18,screw,0,gate,calibration,good,train/good/310.png,11.766622
padim_r18,screw,0,gate,calibration,good,train/good/318.png,17.461933
padim_r18,screw,0,gate,test,good,test/good/000.png,13.178299
padim_r18,screw,0,gate,test,good,test/good/001.png,19.299089
padim_r18,screw,0,gate,test,good,test/good/002.png,17.291700
padim_r18,screw,0,gate,test,good,test/good/003.png,14.421611
padim_r18,screw,0,gate,test,good,test/good/004.png,12.665762
padim_r18,screw,0,gate,test,good,test/good/005.png,15.279214
padim_r18,screw,0,gate,test,good,test/good/006.png,12.181385
padim_r18,screw,0,gate,test,good,test/good/007.png,14.148205
padim_r18,screw,0,gate,test,good,test/good/008.png,14.967441
padim_r18,screw,0,gate,test,good,test/good/009.png,12.480278
padim_r18,screw,0,gate,test,good,test/good/010.png,13.321276
padim_r18,screw,0,gate,test,good,test/good/011.png,18.116480
padim_r18,screw,0,gate,test,good,test/good/012.png,13.931195
padim_r18,screw,0,gate,test,good,test/good/013.png,13.630084
padim_r18,screw,0,gate,test,good,test/good/014.png,19.380241
padim_r18,screw,0,gate,test,good,test/good/015.png,18.140991
padim_r18,screw,0,gate,test,good,test/good/016.png,16.582594
padim_r18,screw,0,gate,test,good,test/good/017.png,16.240801
padim_r18,screw,0,gate,test,good,test/good/018.png,15.959795
padim_r18,screw,0,gate,test,good,test/good/019.png,18.414553
padim_r18,screw,0,gate,test,good,test/good/020.png,19.387270
padim_r18,screw,0,gate,test,good,test/good/021.png,12.591279
padim_r18,screw,0,gate,test,good,test/good/022.png,16.751690
padim_r18,screw,0,gate,test,good,test/good/023.png,20.416395
padim_r18,screw,0,gate,test,good,test/good/024.png,20.492466
padim_r18,screw,0,gate,test,good,test/good/025.png,11.233135
padim_r18,screw,0,gate,test,good,test/good/026.png,16.479321
padim_r18,screw,0,gate,test,good,test/good/027.png,13.504113
padim_r18,screw,0,gate,test,good,test/good/028.png,14.271866
padim_r18,screw,0,gate,test,good,test/good/029.png,19.410189
padim_r18,screw,0,gate,test,good,test/good/030.png,12.864470
padim_r18,screw,0,gate,test,good,test/good/031.png,17.800560
padim_r18,screw,0,gate,test,good,test/good/032.png,14.411458
padim_r18,screw,0,gate,test,good,test/good/033.png,11.863026
padim_r18,screw,0,gate,test,good,test/good/034.png,14.416574
padim_r18,screw,0,gate,test,good,test/good/035.png,17.393555
padim_r18,screw,0,gate,test,good,test/good/036.png,14.480627
padim_r18,screw,0,gate,test,good,test/good/037.png,17.364475
padim_r18,screw,0,gate,test,good,test/good/038.png,14.828082
padim_r18,screw,0,gate,test,good,test/good/039.png,17.116266
padim_r18,screw,0,gate,test,good,test/good/040.png,12.885987
padim_r18,screw,0,gate,test,manipulated_front,test/manipulated_front/000.png,18.994814
padim_r18,screw,0,gate,test,manipulated_front,test/manipulated_front/001.png,22.338808
padim_r18,screw,0,gate,test,manipulated_front,test/manipulated_front/002.png,19.094273
padim_r18,screw,0,gate,test,manipulated_front,test/manipulated_front/003.png,23.601204
padim_r18,screw,0,gate,test,manipulated_front,test/manipulated_front/004.png,20.194714
padim_r18,screw,0,gate,test,manipulated_front,test/manipulated_front/005.png,31.632877
padim_r18,screw,0,gate,test,manipulated_front,test/manipulated_front/006.png,17.888044
padim_r18,screw,0,gate,test,manipulated_front,test/manipulated_front/007.png,21.135338
padim_r18,screw,0,gate,test,manipulated_front,test/manipulated_front/008.png,21.218102
padim_r18,screw,0,gate,test,manipulated_front,test/manipulated_front/009.png,17.143951
padim_r18,screw,0,gate,test,manipulated_front,test/manipulated_front/010.png,20.672985
padim_r18,screw,0,gate,test,manipulated_front,test/manipulated_front/011.png,18.603374
padim_r18,screw,0,gate,test,manipulated_front,test/manipulated_front/012.png,20.895178
padim_r18,screw,0,gate,test,manipulated_front,test/manipulated_front/013.png,18.734871
padim_r18,screw,0,gate,test,manipulated_front,test/manipulated_front/014.png,20.148787
padim_r18,screw,0,gate,test,manipulated_front,test/manipulated_front/015.png,21.636873
padim_r18,screw,0,gate,test,manipulated_front,test/manipulated_front/016.png,19.312422
padim_r18,screw,0,gate,test,manipulated_front,test/manipulated_front/017.png,16.156767
padim_r18,screw,0,gate,test,manipulated_front,test/manipulated_front/018.png,19.634832
padim_r18,screw,0,gate,test,manipulated_front,test/manipulated_front/019.png,16.209352
padim_r18,screw,0,gate,test,manipulated_front,test/manipulated_front/020.png,16.598175
padim_r18,screw,0,gate,test,manipulated_front,test/manipulated_front/021.png,15.946197
padim_r18,screw,0,gate,test,manipulated_front,test/manipulated_front/022.png,21.066986
padim_r18,screw,0,gate,test,manipulated_front,test/manipulated_front/023.png,23.984020
padim_r18,screw,0,gate,test,scratch_head,test/scratch_head/000.png,16.544312
padim_r18,screw,0,gate,test,scratch_head,test/scratch_head/001.png,17.151997
padim_r18,screw,0,gate,test,scratch_head,test/scratch_head/002.png,17.701839
padim_r18,screw,0,gate,test,scratch_head,test/scratch_head/003.png,13.912791
padim_r18,screw,0,gate,test,scratch_head,test/scratch_head/004.png,17.048002
padim_r18,screw,0,gate,test,scratch_head,test/scratch_head/005.png,18.740492
padim_r18,screw,0,gate,test,scratch_head,test/scratch_head/006.png,17.686394
padim_r18,screw,0,gate,test,scratch_head,test/scratch_head/007.png,21.763309
padim_r18,screw,0,gate,test,scratch_head,test/scratch_head/008.png,16.510422
padim_r18,screw,0,gate,test,scratch_head,test/scratch_head/009.png,18.740849
padim_r18,screw,0,gate,test,scratch_head,test/scratch_head/010.png,15.853979
padim_r18,screw,0,gate,test,scratch_head,test/scratch_head/011.png,20.203871
padim_r18,screw,0,gate,test,scratch_head,test/scratch_head/012.png,18.125957
padim_r18,screw,0,gate,test,scratch_head,test/scratch_head/013.png,18.706545
padim_r18,screw,0,gate,test,scratch_head,test/scratch_head/014.png,20.155674
padim_r18,screw,0,gate,test,scratch_head,test/scratch_head/015.png,22.876923
padim_r18,screw,0,gate,test,scratch_head,test/scratch_head/016.png,18.823151
padim_r18,screw,0,gate,test,scratch_head,test/scratch_head/017.png,19.874699
padim_r18,screw,0,gate,test,scratch_head,test/scratch_head/018.png,21.910778
padim_r18,screw,0,gate,test,scratch_head,test/scratch_head/019.png,18.432514
padim_r18,screw,0,gate,test,scratch_head,test/scratch_head/020.png,16.772594
padim_r18,screw,0,gate,test,scratch_head,test/scratch_head/021.png,17.389000
padim_r18,screw,0,gate,test,scratch_head,test/scratch_head/022.png,20.070658
padim_r18,screw,0,gate,test,scratch_head,test/scratch_head/023.png,16.319962
padim_r18,screw,0,gate,test,scratch_neck,test/scratch_neck/000.png,15.363120
padim_r18,screw,0,gate,test,scratch_neck,test/scratch_neck/001.png,18.894522
padim_r18,screw,0,gate,test,scratch_neck,test/scratch_neck/002.png,13.422545
padim_r18,screw,0,gate,test,scratch_neck,test/scratch_neck/003.png,21.887732
padim_r18,screw,0,gate,test,scratch_neck,test/scratch_neck/004.png,23.513720
padim_r18,screw,0,gate,test,scratch_neck,test/scratch_neck/005.png,16.527113
padim_r18,screw,0,gate,test,scratch_neck,test/scratch_neck/006.png,19.773050
padim_r18,screw,0,gate,test,scratch_neck,test/scratch_neck/007.png,18.229422
padim_r18,screw,0,gate,test,scratch_neck,test/scratch_neck/008.png,22.097294
padim_r18,screw,0,gate,test,scratch_neck,test/scratch_neck/009.png,21.168587
padim_r18,screw,0,gate,test,scratch_neck,test/scratch_neck/010.png,16.061449
padim_r18,screw,0,gate,test,scratch_neck,test/scratch_neck/011.png,17.251917
padim_r18,screw,0,gate,test,scratch_neck,test/scratch_neck/012.png,16.398756
padim_r18,screw,0,gate,test,scratch_neck,test/scratch_neck/013.png,23.252111
padim_r18,screw,0,gate,test,scratch_neck,test/scratch_neck/014.png,21.250732
padim_r18,screw,0,gate,test,scratch_neck,test/scratch_neck/015.png,19.857988
padim_r18,screw,0,gate,test,scratch_neck,test/scratch_neck/016.png,20.864929
padim_r18,screw,0,gate,test,scratch_neck,test/scratch_neck/017.png,14.748954
padim_r18,screw,0,gate,test,scratch_neck,test/scratch_neck/018.png,17.309834
padim_r18,screw,0,gate,test,scratch_neck,test/scratch_neck/019.png,18.392313
padim_r18,screw,0,gate,test,scratch_neck,test/scratch_neck/020.png,19.816198
padim_r18,screw,0,gate,test,scratch_neck,test/scratch_neck/021.png,13.494735
padim_r18,screw,0,gate,test,scratch_neck,test/scratch_neck/022.png,16.279165
padim_r18,screw,0,gate,test,scratch_neck,test/scratch_neck/023.png,15.822351
padim_r18,screw,0,gate,test,scratch_neck,test/scratch_neck/024.png,23.884323
padim_r18,screw,0,gate,test,thread_side,test/thread_side/000.png,13.445253
padim_r18,screw,0,gate,test,thread_side,test/thread_side/001.png,18.608322
padim_r18,screw,0,gate,test,thread_side,test/thread_side/002.png,20.012924
padim_r18,screw,0,gate,test,thread_side,test/thread_side/003.png,20.351952
padim_r18,screw,0,gate,test,thread_side,test/thread_side/004.png,16.303574
padim_r18,screw,0,gate,test,thread_side,test/thread_side/005.png,17.447145
padim_r18,screw,0,gate,test,thread_side,test/thread_side/006.png,14.983866
padim_r18,screw,0,gate,test,thread_side,test/thread_side/007.png,17.031013
padim_r18,screw,0,gate,test,thread_side,test/thread_side/008.png,13.974739
padim_r18,screw,0,gate,test,thread_side,test/thread_side/009.png,18.814976
padim_r18,screw,0,gate,test,thread_side,test/thread_side/010.png,22.057453
padim_r18,screw,0,gate,test,thread_side,test/thread_side/011.png,18.905098
padim_r18,screw,0,gate,test,thread_side,test/thread_side/012.png,12.924717
padim_r18,screw,0,gate,test,thread_side,test/thread_side/013.png,14.953743
padim_r18,screw,0,gate,test,thread_side,test/thread_side/014.png,14.556342
padim_r18,screw,0,gate,test,thread_side,test/thread_side/015.png,16.173847
padim_r18,screw,0,gate,test,thread_side,test/thread_side/016.png,15.615263
padim_r18,screw,0,gate,test,thread_side,test/thread_side/017.png,20.453796
padim_r18,screw,0,gate,test,thread_side,test/thread_side/018.png,16.202959
padim_r18,screw,0,gate,test,thread_side,test/thread_side/019.png,16.603142
padim_r18,screw,0,gate,test,thread_side,test/thread_side/020.png,16.066322
padim_r18,screw,0,gate,test,thread_side,test/thread_side/021.png,14.445917
padim_r18,screw,0,gate,test,thread_side,test/thread_side/022.png,19.286657
padim_r18,screw,0,gate,test,thread_top,test/thread_top/000.png,16.699339
padim_r18,screw,0,gate,test,thread_top,test/thread_top/001.png,14.542205
padim_r18,screw,0,gate,test,thread_top,test/thread_top/002.png,15.006436
padim_r18,screw,0,gate,test,thread_top,test/thread_top/003.png,14.933479
padim_r18,screw,0,gate,test,thread_top,test/thread_top/004.png,13.720224
padim_r18,screw,0,gate,test,thread_top,test/thread_top/005.png,14.947316
padim_r18,screw,0,gate,test,thread_top,test/thread_top/006.png,17.889568
padim_r18,screw,0,gate,test,thread_top,test/thread_top/007.png,21.133112
padim_r18,screw,0,gate,test,thread_top,test/thread_top/008.png,20.008669
padim_r18,screw,0,gate,test,thread_top,test/thread_top/009.png,13.354376
padim_r18,screw,0,gate,test,thread_top,test/thread_top/010.png,17.534143
padim_r18,screw,0,gate,test,thread_top,test/thread_top/011.png,15.293950
padim_r18,screw,0,gate,test,thread_top,test/thread_top/012.png,17.449341
padim_r18,screw,0,gate,test,thread_top,test/thread_top/013.png,17.689224
padim_r18,screw,0,gate,test,thread_top,test/thread_top/014.png,12.690215
padim_r18,screw,0,gate,test,thread_top,test/thread_top/015.png,16.431303
padim_r18,screw,0,gate,test,thread_top,test/thread_top/016.png,21.363396
padim_r18,screw,0,gate,test,thread_top,test/thread_top/017.png,16.787994
padim_r18,screw,0,gate,test,thread_top,test/thread_top/018.png,16.561274
padim_r18,screw,0,gate,test,thread_top,test/thread_top/019.png,22.368597
padim_r18,screw,0,gate,test,thread_top,test/thread_top/020.png,16.164785
padim_r18,screw,0,gate,test,thread_top,test/thread_top/021.png,13.218302
padim_r18,screw,0,gate,test,thread_top,test/thread_top/022.png,17.289246
padim_r18,screw,1,full,test,good,test/good/000.png,12.812189
padim_r18,screw,1,full,test,good,test/good/001.png,18.308033
padim_r18,screw,1,full,test,good,test/good/002.png,17.434248
padim_r18,screw,1,full,test,good,test/good/003.png,15.056393
padim_r18,screw,1,full,test,good,test/good/004.png,11.931653
padim_r18,screw,1,full,test,good,test/good/005.png,14.173106
padim_r18,screw,1,full,test,good,test/good/006.png,11.453073
padim_r18,screw,1,full,test,good,test/good/007.png,14.522166
padim_r18,screw,1,full,test,good,test/good/008.png,15.244672
padim_r18,screw,1,full,test,good,test/good/009.png,12.513031
padim_r18,screw,1,full,test,good,test/good/010.png,13.461267
padim_r18,screw,1,full,test,good,test/good/011.png,15.932219
padim_r18,screw,1,full,test,good,test/good/012.png,14.330915
padim_r18,screw,1,full,test,good,test/good/013.png,13.994212
padim_r18,screw,1,full,test,good,test/good/014.png,16.700941
padim_r18,screw,1,full,test,good,test/good/015.png,16.739075
padim_r18,screw,1,full,test,good,test/good/016.png,15.461760
padim_r18,screw,1,full,test,good,test/good/017.png,15.426767
padim_r18,screw,1,full,test,good,test/good/018.png,18.436657
padim_r18,screw,1,full,test,good,test/good/019.png,19.458645
padim_r18,screw,1,full,test,good,test/good/020.png,14.745106
padim_r18,screw,1,full,test,good,test/good/021.png,12.725061
padim_r18,screw,1,full,test,good,test/good/022.png,16.011543
padim_r18,screw,1,full,test,good,test/good/023.png,15.682539
padim_r18,screw,1,full,test,good,test/good/024.png,16.608709
padim_r18,screw,1,full,test,good,test/good/025.png,12.894647
padim_r18,screw,1,full,test,good,test/good/026.png,15.583476
padim_r18,screw,1,full,test,good,test/good/027.png,12.749696
padim_r18,screw,1,full,test,good,test/good/028.png,14.111231
padim_r18,screw,1,full,test,good,test/good/029.png,15.199777
padim_r18,screw,1,full,test,good,test/good/030.png,12.396293
padim_r18,screw,1,full,test,good,test/good/031.png,16.950239
padim_r18,screw,1,full,test,good,test/good/032.png,13.958229
padim_r18,screw,1,full,test,good,test/good/033.png,13.196969
padim_r18,screw,1,full,test,good,test/good/034.png,14.716336
padim_r18,screw,1,full,test,good,test/good/035.png,13.378629
padim_r18,screw,1,full,test,good,test/good/036.png,13.941477
padim_r18,screw,1,full,test,good,test/good/037.png,14.059329
padim_r18,screw,1,full,test,good,test/good/038.png,13.308903
padim_r18,screw,1,full,test,good,test/good/039.png,17.266401
padim_r18,screw,1,full,test,good,test/good/040.png,12.287221
padim_r18,screw,1,full,test,manipulated_front,test/manipulated_front/000.png,20.123114
padim_r18,screw,1,full,test,manipulated_front,test/manipulated_front/001.png,19.152388
padim_r18,screw,1,full,test,manipulated_front,test/manipulated_front/002.png,21.018436
padim_r18,screw,1,full,test,manipulated_front,test/manipulated_front/003.png,24.072926
padim_r18,screw,1,full,test,manipulated_front,test/manipulated_front/004.png,21.076588
padim_r18,screw,1,full,test,manipulated_front,test/manipulated_front/005.png,30.731203
padim_r18,screw,1,full,test,manipulated_front,test/manipulated_front/006.png,20.146540
padim_r18,screw,1,full,test,manipulated_front,test/manipulated_front/007.png,24.546932
padim_r18,screw,1,full,test,manipulated_front,test/manipulated_front/008.png,17.973959
padim_r18,screw,1,full,test,manipulated_front,test/manipulated_front/009.png,19.959906
padim_r18,screw,1,full,test,manipulated_front,test/manipulated_front/010.png,21.888958
padim_r18,screw,1,full,test,manipulated_front,test/manipulated_front/011.png,19.582664
padim_r18,screw,1,full,test,manipulated_front,test/manipulated_front/012.png,20.794407
padim_r18,screw,1,full,test,manipulated_front,test/manipulated_front/013.png,17.831032
padim_r18,screw,1,full,test,manipulated_front,test/manipulated_front/014.png,19.717953
padim_r18,screw,1,full,test,manipulated_front,test/manipulated_front/015.png,19.802158
padim_r18,screw,1,full,test,manipulated_front,test/manipulated_front/016.png,19.348351
padim_r18,screw,1,full,test,manipulated_front,test/manipulated_front/017.png,16.059612
padim_r18,screw,1,full,test,manipulated_front,test/manipulated_front/018.png,19.720053
padim_r18,screw,1,full,test,manipulated_front,test/manipulated_front/019.png,17.944910
padim_r18,screw,1,full,test,manipulated_front,test/manipulated_front/020.png,16.189457
padim_r18,screw,1,full,test,manipulated_front,test/manipulated_front/021.png,15.453424
padim_r18,screw,1,full,test,manipulated_front,test/manipulated_front/022.png,19.125147
padim_r18,screw,1,full,test,manipulated_front,test/manipulated_front/023.png,25.725430
padim_r18,screw,1,full,test,scratch_head,test/scratch_head/000.png,17.212494
padim_r18,screw,1,full,test,scratch_head,test/scratch_head/001.png,19.428852
padim_r18,screw,1,full,test,scratch_head,test/scratch_head/002.png,17.997856
padim_r18,screw,1,full,test,scratch_head,test/scratch_head/003.png,14.103695
padim_r18,screw,1,full,test,scratch_head,test/scratch_head/004.png,18.359674
padim_r18,screw,1,full,test,scratch_head,test/scratch_head/005.png,17.718855
padim_r18,screw,1,full,test,scratch_head,test/scratch_head/006.png,17.412880
padim_r18,screw,1,full,test,scratch_head,test/scratch_head/007.png,19.561722
padim_r18,screw,1,full,test,scratch_head,test/scratch_head/008.png,16.335167
padim_r18,screw,1,full,test,scratch_head,test/scratch_head/009.png,18.006338
padim_r18,screw,1,full,test,scratch_head,test/scratch_head/010.png,17.280006
padim_r18,screw,1,full,test,scratch_head,test/scratch_head/011.png,19.986086
padim_r18,screw,1,full,test,scratch_head,test/scratch_head/012.png,17.161589
padim_r18,screw,1,full,test,scratch_head,test/scratch_head/013.png,18.825762
padim_r18,screw,1,full,test,scratch_head,test/scratch_head/014.png,19.362671
padim_r18,screw,1,full,test,scratch_head,test/scratch_head/015.png,19.244896
padim_r18,screw,1,full,test,scratch_head,test/scratch_head/016.png,18.259781
padim_r18,screw,1,full,test,scratch_head,test/scratch_head/017.png,20.572432
padim_r18,screw,1,full,test,scratch_head,test/scratch_head/018.png,18.087069
padim_r18,screw,1,full,test,scratch_head,test/scratch_head/019.png,18.385284
padim_r18,screw,1,full,test,scratch_head,test/scratch_head/020.png,16.213385
padim_r18,screw,1,full,test,scratch_head,test/scratch_head/021.png,18.269386
padim_r18,screw,1,full,test,scratch_head,test/scratch_head/022.png,22.669931
padim_r18,screw,1,full,test,scratch_head,test/scratch_head/023.png,18.070477
padim_r18,screw,1,full,test,scratch_neck,test/scratch_neck/000.png,15.432983
padim_r18,screw,1,full,test,scratch_neck,test/scratch_neck/001.png,15.926291
padim_r18,screw,1,full,test,scratch_neck,test/scratch_neck/002.png,13.185654
padim_r18,screw,1,full,test,scratch_neck,test/scratch_neck/003.png,24.607216
padim_r18,screw,1,full,test,scratch_neck,test/scratch_neck/004.png,23.854769
padim_r18,screw,1,full,test,scratch_neck,test/scratch_neck/005.png,16.528643
padim_r18,screw,1,full,test,scratch_neck,test/scratch_neck/006.png,18.458258
padim_r18,screw,1,full,test,scratch_neck,test/scratch_neck/007.png,18.605934
padim_r18,screw,1,full,test,scratch_neck,test/scratch_neck/008.png,22.664526
padim_r18,screw,1,full,test,scratch_neck,test/scratch_neck/009.png,24.763636
padim_r18,screw,1,full,test,scratch_neck,test/scratch_neck/010.png,13.522580
padim_r18,screw,1,full,test,scratch_neck,test/scratch_neck/011.png,15.827042
padim_r18,screw,1,full,test,scratch_neck,test/scratch_neck/012.png,14.716457
padim_r18,screw,1,full,test,scratch_neck,test/scratch_neck/013.png,20.448351
padim_r18,screw,1,full,test,scratch_neck,test/scratch_neck/014.png,21.247807
padim_r18,screw,1,full,test,scratch_neck,test/scratch_neck/015.png,19.350632
padim_r18,screw,1,full,test,scratch_neck,test/scratch_neck/016.png,25.690952
padim_r18,screw,1,full,test,scratch_neck,test/scratch_neck/017.png,12.945356
padim_r18,screw,1,full,test,scratch_neck,test/scratch_neck/018.png,17.669840
padim_r18,screw,1,full,test,scratch_neck,test/scratch_neck/019.png,16.668673
padim_r18,screw,1,full,test,scratch_neck,test/scratch_neck/020.png,17.460617
padim_r18,screw,1,full,test,scratch_neck,test/scratch_neck/021.png,15.104790
padim_r18,screw,1,full,test,scratch_neck,test/scratch_neck/022.png,19.740587
padim_r18,screw,1,full,test,scratch_neck,test/scratch_neck/023.png,20.054157
padim_r18,screw,1,full,test,scratch_neck,test/scratch_neck/024.png,22.751280
padim_r18,screw,1,full,test,thread_side,test/thread_side/000.png,13.473163
padim_r18,screw,1,full,test,thread_side,test/thread_side/001.png,17.768362
padim_r18,screw,1,full,test,thread_side,test/thread_side/002.png,21.599665
padim_r18,screw,1,full,test,thread_side,test/thread_side/003.png,19.443264
padim_r18,screw,1,full,test,thread_side,test/thread_side/004.png,16.155323
padim_r18,screw,1,full,test,thread_side,test/thread_side/005.png,17.770285
padim_r18,screw,1,full,test,thread_side,test/thread_side/006.png,14.987968
padim_r18,screw,1,full,test,thread_side,test/thread_side/007.png,17.861380
padim_r18,screw,1,full,test,thread_side,test/thread_side/008.png,12.511377
padim_r18,screw,1,full,test,thread_side,test/thread_side/009.png,15.173965
padim_r18,screw,1,full,test,thread_side,test/thread_side/010.png,19.372572
padim_r18,screw,1,full,test,thread_side,test/thread_side/011.png,17.352119
padim_r18,screw,1,full,test,thread_side,test/thread_side/012.png,12.701294
padim_r18,screw,1,full,test,thread_side,test/thread_side/013.png,13.812020
padim_r18,screw,1,full,test,thread_side,test/thread_side/014.png,15.528818
padim_r18,screw,1,full,test,thread_side,test/thread_side/015.png,15.834182
padim_r18,screw,1,full,test,thread_side,test/thread_side/016.png,14.711317
padim_r18,screw,1,full,test,thread_side,test/thread_side/017.png,14.868785
padim_r18,screw,1,full,test,thread_side,test/thread_side/018.png,17.326149
padim_r18,screw,1,full,test,thread_side,test/thread_side/019.png,19.640636
padim_r18,screw,1,full,test,thread_side,test/thread_side/020.png,17.106621
padim_r18,screw,1,full,test,thread_side,test/thread_side/021.png,14.198060
padim_r18,screw,1,full,test,thread_side,test/thread_side/022.png,18.885826
padim_r18,screw,1,full,test,thread_top,test/thread_top/000.png,16.848206
padim_r18,screw,1,full,test,thread_top,test/thread_top/001.png,14.304654
padim_r18,screw,1,full,test,thread_top,test/thread_top/002.png,15.646352
padim_r18,screw,1,full,test,thread_top,test/thread_top/003.png,15.521666
padim_r18,screw,1,full,test,thread_top,test/thread_top/004.png,14.046658
padim_r18,screw,1,full,test,thread_top,test/thread_top/005.png,16.246180
padim_r18,screw,1,full,test,thread_top,test/thread_top/006.png,16.715532
padim_r18,screw,1,full,test,thread_top,test/thread_top/007.png,22.720219
padim_r18,screw,1,full,test,thread_top,test/thread_top/008.png,20.227175
padim_r18,screw,1,full,test,thread_top,test/thread_top/009.png,14.057657
padim_r18,screw,1,full,test,thread_top,test/thread_top/010.png,17.583656
padim_r18,screw,1,full,test,thread_top,test/thread_top/011.png,17.989563
padim_r18,screw,1,full,test,thread_top,test/thread_top/012.png,17.301491
padim_r18,screw,1,full,test,thread_top,test/thread_top/013.png,17.514574
padim_r18,screw,1,full,test,thread_top,test/thread_top/014.png,13.321039
padim_r18,screw,1,full,test,thread_top,test/thread_top/015.png,15.809011
padim_r18,screw,1,full,test,thread_top,test/thread_top/016.png,18.277615
padim_r18,screw,1,full,test,thread_top,test/thread_top/017.png,17.081593
padim_r18,screw,1,full,test,thread_top,test/thread_top/018.png,15.644523
padim_r18,screw,1,full,test,thread_top,test/thread_top/019.png,22.330845
padim_r18,screw,1,full,test,thread_top,test/thread_top/020.png,15.906728
padim_r18,screw,1,full,test,thread_top,test/thread_top/021.png,13.059707
padim_r18,screw,1,full,test,thread_top,test/thread_top/022.png,16.501986
padim_r18,screw,1,gate,calibration,good,train/good/001.png,20.293354
padim_r18,screw,1,gate,calibration,good,train/good/005.png,16.428192
padim_r18,screw,1,gate,calibration,good,train/good/006.png,17.714346
padim_r18,screw,1,gate,calibration,good,train/good/009.png,12.053926
padim_r18,screw,1,gate,calibration,good,train/good/010.png,12.854321
padim_r18,screw,1,gate,calibration,good,train/good/013.png,15.420007
padim_r18,screw,1,gate,calibration,good,train/good/018.png,18.080011
padim_r18,screw,1,gate,calibration,good,train/good/021.png,17.373402
padim_r18,screw,1,gate,calibration,good,train/good/022.png,13.400547
padim_r18,screw,1,gate,calibration,good,train/good/023.png,12.656919
padim_r18,screw,1,gate,calibration,good,train/good/024.png,11.596609
padim_r18,screw,1,gate,calibration,good,train/good/051.png,12.930073
padim_r18,screw,1,gate,calibration,good,train/good/059.png,12.363010
padim_r18,screw,1,gate,calibration,good,train/good/078.png,13.905093
padim_r18,screw,1,gate,calibration,good,train/good/080.png,15.273762
padim_r18,screw,1,gate,calibration,good,train/good/081.png,13.385898
padim_r18,screw,1,gate,calibration,good,train/good/082.png,17.792059
padim_r18,screw,1,gate,calibration,good,train/good/083.png,15.529996
padim_r18,screw,1,gate,calibration,good,train/good/088.png,16.414253
padim_r18,screw,1,gate,calibration,good,train/good/093.png,13.547787
padim_r18,screw,1,gate,calibration,good,train/good/103.png,12.617146
padim_r18,screw,1,gate,calibration,good,train/good/105.png,17.606833
padim_r18,screw,1,gate,calibration,good,train/good/107.png,12.761031
padim_r18,screw,1,gate,calibration,good,train/good/121.png,14.443327
padim_r18,screw,1,gate,calibration,good,train/good/122.png,17.598459
padim_r18,screw,1,gate,calibration,good,train/good/131.png,13.659328
padim_r18,screw,1,gate,calibration,good,train/good/136.png,20.466656
padim_r18,screw,1,gate,calibration,good,train/good/138.png,11.931106
padim_r18,screw,1,gate,calibration,good,train/good/141.png,13.519433
padim_r18,screw,1,gate,calibration,good,train/good/147.png,16.843771
padim_r18,screw,1,gate,calibration,good,train/good/148.png,15.502680
padim_r18,screw,1,gate,calibration,good,train/good/152.png,16.485474
padim_r18,screw,1,gate,calibration,good,train/good/163.png,14.118402
padim_r18,screw,1,gate,calibration,good,train/good/165.png,11.882347
padim_r18,screw,1,gate,calibration,good,train/good/178.png,14.564638
padim_r18,screw,1,gate,calibration,good,train/good/181.png,17.291267
padim_r18,screw,1,gate,calibration,good,train/good/183.png,28.355101
padim_r18,screw,1,gate,calibration,good,train/good/185.png,14.347888
padim_r18,screw,1,gate,calibration,good,train/good/188.png,13.796206
padim_r18,screw,1,gate,calibration,good,train/good/189.png,14.185615
padim_r18,screw,1,gate,calibration,good,train/good/191.png,11.753651
padim_r18,screw,1,gate,calibration,good,train/good/196.png,14.584311
padim_r18,screw,1,gate,calibration,good,train/good/197.png,16.198175
padim_r18,screw,1,gate,calibration,good,train/good/204.png,13.163899
padim_r18,screw,1,gate,calibration,good,train/good/206.png,22.737162
padim_r18,screw,1,gate,calibration,good,train/good/209.png,12.510846
padim_r18,screw,1,gate,calibration,good,train/good/221.png,16.255510
padim_r18,screw,1,gate,calibration,good,train/good/223.png,13.673143
padim_r18,screw,1,gate,calibration,good,train/good/230.png,14.489620
padim_r18,screw,1,gate,calibration,good,train/good/232.png,13.217565
padim_r18,screw,1,gate,calibration,good,train/good/239.png,16.403400
padim_r18,screw,1,gate,calibration,good,train/good/240.png,14.234477
padim_r18,screw,1,gate,calibration,good,train/good/249.png,16.046480
padim_r18,screw,1,gate,calibration,good,train/good/258.png,18.341576
padim_r18,screw,1,gate,calibration,good,train/good/262.png,22.788841
padim_r18,screw,1,gate,calibration,good,train/good/268.png,12.603168
padim_r18,screw,1,gate,calibration,good,train/good/272.png,15.179137
padim_r18,screw,1,gate,calibration,good,train/good/276.png,11.804872
padim_r18,screw,1,gate,calibration,good,train/good/286.png,15.368443
padim_r18,screw,1,gate,calibration,good,train/good/291.png,20.165842
padim_r18,screw,1,gate,calibration,good,train/good/301.png,15.599824
padim_r18,screw,1,gate,calibration,good,train/good/304.png,13.748422
padim_r18,screw,1,gate,calibration,good,train/good/308.png,10.817318
padim_r18,screw,1,gate,calibration,good,train/good/314.png,13.118641
padim_r18,screw,1,gate,test,good,test/good/000.png,12.772798
padim_r18,screw,1,gate,test,good,test/good/001.png,19.180727
padim_r18,screw,1,gate,test,good,test/good/002.png,17.401237
padim_r18,screw,1,gate,test,good,test/good/003.png,14.636924
padim_r18,screw,1,gate,test,good,test/good/004.png,13.040524
padim_r18,screw,1,gate,test,good,test/good/005.png,13.747972
padim_r18,screw,1,gate,test,good,test/good/006.png,11.224206
padim_r18,screw,1,gate,test,good,test/good/007.png,14.511396
padim_r18,screw,1,gate,test,good,test/good/008.png,15.503787
padim_r18,screw,1,gate,test,good,test/good/009.png,12.294030
padim_r18,screw,1,gate,test,good,test/good/010.png,13.152390
padim_r18,screw,1,gate,test,good,test/good/011.png,15.957586
padim_r18,screw,1,gate,test,good,test/good/012.png,13.739157
padim_r18,screw,1,gate,test,good,test/good/013.png,13.558731
padim_r18,screw,1,gate,test,good,test/good/014.png,16.519672
padim_r18,screw,1,gate,test,good,test/good/015.png,16.593941
padim_r18,screw,1,gate,test,good,test/good/016.png,20.819405
padim_r18,screw,1,gate,test,good,test/good/017.png,15.288624
padim_r18,screw,1,gate,test,good,test/good/018.png,17.896973
padim_r18,screw,1,gate,test,good,test/good/019.png,27.426563
padim_r18,screw,1,gate,test,good,test/good/020.png,14.390483
padim_r18,screw,1,gate,test,good,test/good/021.png,12.839964
padim_r18,screw,1,gate,test,good,test/good/022.png,15.831658
padim_r18,screw,1,gate,test,good,test/good/023.png,15.157598
padim_r18,screw,1,gate,test,good,test/good/024.png,16.908234
padim_r18,screw,1,gate,test,good,test/good/025.png,13.100650
padim_r18,screw,1,gate,test,good,test/good/026.png,15.286212
padim_r18,screw,1,gate,test,good,test/good/027.png,15.041051
padim_r18,screw,1,gate,test,good,test/good/028.png,14.159171
padim_r18,screw,1,gate,test,good,test/good/029.png,15.080357
padim_r18,screw,1,gate,test,good,test/good/030.png,11.852852
padim_r18,screw,1,gate,test,good,test/good/031.png,16.440947
padim_r18,screw,1,gate,test,good,test/good/032.png,14.502378
padim_r18,screw,1,gate,test,good,test/good/033.png,12.781161
padim_r18,screw,1,gate,test,good,test/good/034.png,14.657328
padim_r18,screw,1,gate,test,good,test/good/035.png,12.995744
padim_r18,screw,1,gate,test,good,test/good/036.png,14.267389
padim_r18,screw,1,gate,test,good,test/good/037.png,14.042159
padim_r18,screw,1,gate,test,good,test/good/038.png,14.101614
padim_r18,screw,1,gate,test,good,test/good/039.png,17.286854
padim_r18,screw,1,gate,test,good,test/good/040.png,11.969015
padim_r18,screw,1,gate,test,manipulated_front,test/manipulated_front/000.png,21.306320
padim_r18,screw,1,gate,test,manipulated_front,test/manipulated_front/001.png,19.032736
padim_r18,screw,1,gate,test,manipulated_front,test/manipulated_front/002.png,20.736900
padim_r18,screw,1,gate,test,manipulated_front,test/manipulated_front/003.png,24.768778
padim_r18,screw,1,gate,test,manipulated_front,test/manipulated_front/004.png,20.973225
padim_r18,screw,1,gate,test,manipulated_front,test/manipulated_front/005.png,32.062664
padim_r18,screw,1,gate,test,manipulated_front,test/manipulated_front/006.png,20.513432
padim_r18,screw,1,gate,test,manipulated_front,test/manipulated_front/007.png,25.248945
padim_r18,screw,1,gate,test,manipulated_front,test/manipulated_front/008.png,18.186758
padim_r18,screw,1,gate,test,manipulated_front,test/manipulated_front/009.png,20.178595
padim_r18,screw,1,gate,test,manipulated_front,test/manipulated_front/010.png,21.599667
padim_r18,screw,1,gate,test,manipulated_front,test/manipulated_front/011.png,19.596750
padim_r18,screw,1,gate,test,manipulated_front,test/manipulated_front/012.png,20.610374
padim_r18,screw,1,gate,test,manipulated_front,test/manipulated_front/013.png,17.735113
padim_r18,screw,1,gate,test,manipulated_front,test/manipulated_front/014.png,19.473639
padim_r18,screw,1,gate,test,manipulated_front,test/manipulated_front/015.png,21.479681
padim_r18,screw,1,gate,test,manipulated_front,test/manipulated_front/016.png,19.379280
padim_r18,screw,1,gate,test,manipulated_front,test/manipulated_front/017.png,16.783676
padim_r18,screw,1,gate,test,manipulated_front,test/manipulated_front/018.png,20.239180
padim_r18,screw,1,gate,test,manipulated_front,test/manipulated_front/019.png,19.278328
padim_r18,screw,1,gate,test,manipulated_front,test/manipulated_front/020.png,16.493090
padim_r18,screw,1,gate,test,manipulated_front,test/manipulated_front/021.png,15.531723
padim_r18,screw,1,gate,test,manipulated_front,test/manipulated_front/022.png,19.531258
padim_r18,screw,1,gate,test,manipulated_front,test/manipulated_front/023.png,25.953621
padim_r18,screw,1,gate,test,scratch_head,test/scratch_head/000.png,17.294016
padim_r18,screw,1,gate,test,scratch_head,test/scratch_head/001.png,19.687943
padim_r18,screw,1,gate,test,scratch_head,test/scratch_head/002.png,17.887526
padim_r18,screw,1,gate,test,scratch_head,test/scratch_head/003.png,14.450297
padim_r18,screw,1,gate,test,scratch_head,test/scratch_head/004.png,18.532824
padim_r18,screw,1,gate,test,scratch_head,test/scratch_head/005.png,18.757195
padim_r18,screw,1,gate,test,scratch_head,test/scratch_head/006.png,17.381172
padim_r18,screw,1,gate,test,scratch_head,test/scratch_head/007.png,20.460274
padim_r18,screw,1,gate,test,scratch_head,test/scratch_head/008.png,16.509569
padim_r18,screw,1,gate,test,scratch_head,test/scratch_head/009.png,18.515928
padim_r18,screw,1,gate,test,scratch_head,test/scratch_head/010.png,18.309011
padim_r18,screw,1,gate,test,scratch_head,test/scratch_head/011.png,21.389729
padim_r18,screw,1,gate,test,scratch_head,test/scratch_head/012.png,17.252796
padim_r18,screw,1,gate,test,scratch_head,test/scratch_head/013.png,18.679880
padim_r18,screw,1,gate,test,scratch_head,test/scratch_head/014.png,20.197224
padim_r18,screw,1,gate,test,scratch_head,test/scratch_head/015.png,27.920473
padim_r18,screw,1,gate,test,scratch_head,test/scratch_head/016.png,22.991232
padim_r18,screw,1,gate,test,scratch_head,test/scratch_head/017.png,20.493010
padim_r18,screw,1,gate,test,scratch_head,test/scratch_head/018.png,17.957796
padim_r18,screw,1,gate,test,scratch_head,test/scratch_head/019.png,18.303205
padim_r18,screw,1,gate,test,scratch_head,test/scratch_head/020.png,16.829155
padim_r18,screw,1,gate,test,scratch_head,test/scratch_head/021.png,19.047934
padim_r18,screw,1,gate,test,scratch_head,test/scratch_head/022.png,22.684633
padim_r18,screw,1,gate,test,scratch_head,test/scratch_head/023.png,17.883125
padim_r18,screw,1,gate,test,scratch_neck,test/scratch_neck/000.png,15.672758
padim_r18,screw,1,gate,test,scratch_neck,test/scratch_neck/001.png,16.061121
padim_r18,screw,1,gate,test,scratch_neck,test/scratch_neck/002.png,12.976387
padim_r18,screw,1,gate,test,scratch_neck,test/scratch_neck/003.png,24.995617
padim_r18,screw,1,gate,test,scratch_neck,test/scratch_neck/004.png,24.514448
padim_r18,screw,1,gate,test,scratch_neck,test/scratch_neck/005.png,17.855837
padim_r18,screw,1,gate,test,scratch_neck,test/scratch_neck/006.png,18.389137
padim_r18,screw,1,gate,test,scratch_neck,test/scratch_neck/007.png,18.573082
padim_r18,screw,1,gate,test,scratch_neck,test/scratch_neck/008.png,23.200167
padim_r18,screw,1,gate,test,scratch_neck,test/scratch_neck/009.png,25.307592
padim_r18,screw,1,gate,test,scratch_neck,test/scratch_neck/010.png,13.738819
padim_r18,screw,1,gate,test,scratch_neck,test/scratch_neck/011.png,15.829343
padim_r18,screw,1,gate,test,scratch_neck,test/scratch_neck/012.png,14.877130
padim_r18,screw,1,gate,test,scratch_neck,test/scratch_neck/013.png,20.760155
padim_r18,screw,1,gate,test,scratch_neck,test/scratch_neck/014.png,21.573597
padim_r18,screw,1,gate,test,scratch_neck,test/scratch_neck/015.png,19.185658
padim_r18,screw,1,gate,test,scratch_neck,test/scratch_neck/016.png,25.702402
padim_r18,screw,1,gate,test,scratch_neck,test/scratch_neck/017.png,13.045298
padim_r18,screw,1,gate,test,scratch_neck,test/scratch_neck/018.png,18.131630
padim_r18,screw,1,gate,test,scratch_neck,test/scratch_neck/019.png,16.669079
padim_r18,screw,1,gate,test,scratch_neck,test/scratch_neck/020.png,17.442083
padim_r18,screw,1,gate,test,scratch_neck,test/scratch_neck/021.png,14.995106
padim_r18,screw,1,gate,test,scratch_neck,test/scratch_neck/022.png,19.809378
padim_r18,screw,1,gate,test,scratch_neck,test/scratch_neck/023.png,20.191505
padim_r18,screw,1,gate,test,scratch_neck,test/scratch_neck/024.png,23.219683
padim_r18,screw,1,gate,test,thread_side,test/thread_side/000.png,13.280103
padim_r18,screw,1,gate,test,thread_side,test/thread_side/001.png,21.047554
padim_r18,screw,1,gate,test,thread_side,test/thread_side/002.png,28.272747
padim_r18,screw,1,gate,test,thread_side,test/thread_side/003.png,21.785231
padim_r18,screw,1,gate,test,thread_side,test/thread_side/004.png,15.783642
padim_r18,screw,1,gate,test,thread_side,test/thread_side/005.png,18.077345
padim_r18,screw,1,gate,test,thread_side,test/thread_side/006.png,15.236786
padim_r18,screw,1,gate,test,thread_side,test/thread_side/007.png,17.865738
padim_r18,screw,1,gate,test,thread_side,test/thread_side/008.png,12.674465
padim_r18,screw,1,gate,test,thread_side,test/thread_side/009.png,14.919542
padim_r18,screw,1,gate,test,thread_side,test/thread_side/010.png,21.109522
padim_r18,screw,1,gate,test,thread_side,test/thread_side/011.png,23.512529
padim_r18,screw,1,gate,test,thread_side,test/thread_side/012.png,13.138824
padim_r18,screw,1,gate,test,thread_side,test/thread_side/013.png,15.516638
padim_r18,screw,1,gate,test,thread_side,test/thread_side/014.png,15.485866
padim_r18,screw,1,gate,test,thread_side,test/thread_side/015.png,22.566809
padim_r18,screw,1,gate,test,thread_side,test/thread_side/016.png,15.921061
padim_r18,screw,1,gate,test,thread_side,test/thread_side/017.png,14.764394
padim_r18,screw,1,gate,test,thread_side,test/thread_side/018.png,17.459305
padim_r18,screw,1,gate,test,thread_side,test/thread_side/019.png,19.719809
padim_r18,screw,1,gate,test,thread_side,test/thread_side/020.png,16.975849
padim_r18,screw,1,gate,test,thread_side,test/thread_side/021.png,14.086931
padim_r18,screw,1,gate,test,thread_side,test/thread_side/022.png,20.089767
padim_r18,screw,1,gate,test,thread_top,test/thread_top/000.png,17.165085
padim_r18,screw,1,gate,test,thread_top,test/thread_top/001.png,14.072287
padim_r18,screw,1,gate,test,thread_top,test/thread_top/002.png,16.223740
padim_r18,screw,1,gate,test,thread_top,test/thread_top/003.png,16.544615
padim_r18,screw,1,gate,test,thread_top,test/thread_top/004.png,14.231289
padim_r18,screw,1,gate,test,thread_top,test/thread_top/005.png,16.621126
padim_r18,screw,1,gate,test,thread_top,test/thread_top/006.png,16.595190
padim_r18,screw,1,gate,test,thread_top,test/thread_top/007.png,23.326368
padim_r18,screw,1,gate,test,thread_top,test/thread_top/008.png,20.100252
padim_r18,screw,1,gate,test,thread_top,test/thread_top/009.png,14.333569
padim_r18,screw,1,gate,test,thread_top,test/thread_top/010.png,18.708542
padim_r18,screw,1,gate,test,thread_top,test/thread_top/011.png,18.176720
padim_r18,screw,1,gate,test,thread_top,test/thread_top/012.png,17.439171
padim_r18,screw,1,gate,test,thread_top,test/thread_top/013.png,17.358475
padim_r18,screw,1,gate,test,thread_top,test/thread_top/014.png,13.171200
padim_r18,screw,1,gate,test,thread_top,test/thread_top/015.png,16.000561
padim_r18,screw,1,gate,test,thread_top,test/thread_top/016.png,18.235903
padim_r18,screw,1,gate,test,thread_top,test/thread_top/017.png,17.831223
padim_r18,screw,1,gate,test,thread_top,test/thread_top/018.png,16.362726
padim_r18,screw,1,gate,test,thread_top,test/thread_top/019.png,22.416367
padim_r18,screw,1,gate,test,thread_top,test/thread_top/020.png,15.766462
padim_r18,screw,1,gate,test,thread_top,test/thread_top/021.png,13.155018
padim_r18,screw,1,gate,test,thread_top,test/thread_top/022.png,16.920008
padim_r18,screw,2,full,test,good,test/good/000.png,13.085629
padim_r18,screw,2,full,test,good,test/good/001.png,19.708567
padim_r18,screw,2,full,test,good,test/good/002.png,17.715927
padim_r18,screw,2,full,test,good,test/good/003.png,14.746059
padim_r18,screw,2,full,test,good,test/good/004.png,13.182729
padim_r18,screw,2,full,test,good,test/good/005.png,15.170286
padim_r18,screw,2,full,test,good,test/good/006.png,13.188259
padim_r18,screw,2,full,test,good,test/good/007.png,14.671186
padim_r18,screw,2,full,test,good,test/good/008.png,13.356322
padim_r18,screw,2,full,test,good,test/good/009.png,12.543800
padim_r18,screw,2,full,test,good,test/good/010.png,13.896399
padim_r18,screw,2,full,test,good,test/good/011.png,16.350195
padim_r18,screw,2,full,test,good,test/good/012.png,14.473144
padim_r18,screw,2,full,test,good,test/good/013.png,15.729236
padim_r18,screw,2,full,test,good,test/good/014.png,18.214588
padim_r18,screw,2,full,test,good,test/good/015.png,17.413080
padim_r18,screw,2,full,test,good,test/good/016.png,16.603073
padim_r18,screw,2,full,test,good,test/good/017.png,14.401174
padim_r18,screw,2,full,test,good,test/good/018.png,18.969912
padim_r18,screw,2,full,test,good,test/good/019.png,18.376080
padim_r18,screw,2,full,test,good,test/good/020.png,13.643090
padim_r18,screw,2,full,test,good,test/good/021.png,13.841713
padim_r18,screw,2,full,test,good,test/good/022.png,16.535801
padim_r18,screw,2,full,test,good,test/good/023.png,15.904095
padim_r18,screw,2,full,test,good,test/good/024.png,18.086966
padim_r18,screw,2,full,test,good,test/good/025.png,11.085103
padim_r18,screw,2,full,test,good,test/good/026.png,17.660091
padim_r18,screw,2,full,test,good,test/good/027.png,14.049375
padim_r18,screw,2,full,test,good,test/good/028.png,13.512094
padim_r18,screw,2,full,test,good,test/good/029.png,17.489693
padim_r18,screw,2,full,test,good,test/good/030.png,13.530004
padim_r18,screw,2,full,test,good,test/good/031.png,17.740246
padim_r18,screw,2,full,test,good,test/good/032.png,14.144055
padim_r18,screw,2,full,test,good,test/good/033.png,11.886757
padim_r18,screw,2,full,test,good,test/good/034.png,14.431605
padim_r18,screw,2,full,test,good,test/good/035.png,15.546093
padim_r18,screw,2,full,test,good,test/good/036.png,14.635325
padim_r18,screw,2,full,test,good,test/good/037.png,15.033320
padim_r18,screw,2,full,test,good,test/good/038.png,13.606878
padim_r18,screw,2,full,test,good,test/good/039.png,17.653921
padim_r18,screw,2,full,test,good,test/good/040.png,14.303255
padim_r18,screw,2,full,test,manipulated_front,test/manipulated_front/000.png,21.073404
padim_r18,screw,2,full,test,manipulated_front,test/manipulated_front/001.png,24.210169
padim_r18,screw,2,full,test,manipulated_front,test/manipulated_front/002.png,22.161121
padim_r18,screw,2,full,test,manipulated_front,test/manipulated_front/003.png,23.432035
padim_r18,screw,2,full,test,manipulated_front,test/manipulated_front/004.png,25.174671
padim_r18,screw,2,full,test,manipulated_front,test/manipulated_front/005.png,30.164818
padim_r18,screw,2,full,test,manipulated_front,test/manipulated_front/006.png,21.894720
padim_r18,screw,2,full,test,manipulated_front,test/manipulated_front/007.png,20.658649
padim_r18,screw,2,full,test,manipulated_front,test/manipulated_front/008.png,19.479757
padim_r18,screw,2,full,test,manipulated_front,test/manipulated_front/009.png,19.928083
padim_r18,screw,2,full,test,manipulated_front,test/manipulated_front/010.png,21.623640
padim_r18,screw,2,full,test,manipulated_front,test/manipulated_front/011.png,22.894356
padim_r18,screw,2,full,test,manipulated_front,test/manipulated_front/012.png,18.747393
padim_r18,screw,2,full,test,manipulated_front,test/manipulated_front/013.png,20.826265
padim_r18,screw,2,full,test,manipulated_front,test/manipulated_front/014.png,21.565798
padim_r18,screw,2,full,test,manipulated_front,test/manipulated_front/015.png,24.616434
padim_r18,screw,2,full,test,manipulated_front,test/manipulated_front/016.png,18.777395
padim_r18,screw,2,full,test,manipulated_front,test/manipulated_front/017.png,19.340223
padim_r18,screw,2,full,test,manipulated_front,test/manipulated_front/018.png,22.415812
padim_r18,screw,2,full,test,manipulated_front,test/manipulated_front/019.png,16.253143
padim_r18,screw,2,full,test,manipulated_front,test/manipulated_front/020.png,16.794687
padim_r18,screw,2,full,test,manipulated_front,test/manipulated_front/021.png,16.899059
padim_r18,screw,2,full,test,manipulated_front,test/manipulated_front/022.png,19.939365
padim_r18,screw,2,full,test,manipulated_front,test/manipulated_front/023.png,22.971064
padim_r18,screw,2,full,test,scratch_head,test/scratch_head/000.png,16.994640
padim_r18,screw,2,full,test,scratch_head,test/scratch_head/001.png,15.837233
padim_r18,screw,2,full,test,scratch_head,test/scratch_head/002.png,17.938179
padim_r18,screw,2,full,test,scratch_head,test/scratch_head/003.png,14.831841
padim_r18,screw,2,full,test,scratch_head,test/scratch_head/004.png,17.305590
padim_r18,screw,2,full,test,scratch_head,test/scratch_head/005.png,15.909791
padim_r18,screw,2,full,test,scratch_head,test/scratch_head/006.png,19.182924
padim_r18,screw,2,full,test,scratch_head,test/scratch_head/007.png,22.141842
padim_r18,screw,2,full,test,scratch_head,test/scratch_head/008.png,17.790949
padim_r18,screw,2,full,test,scratch_head,test/scratch_head/009.png,17.912506
padim_r18,screw,2,full,test,scratch_head,test/scratch_head/010.png,17.767570
padim_r18,screw,2,full,test,scratch_head,test/scratch_head/011.png,19.917923
padim_r18,screw,2,full,test,scratch_head,test/scratch_head/012.png,20.203075
padim_r18,screw,2,full,test,scratch_head,test/scratch_head/013.png,18.094360
padim_r18,screw,2,full,test,scratch_head,test/scratch_head/014.png,19.480474
padim_r18,screw,2,full,test,scratch_head,test/scratch_head/015.png,22.932148
padim_r18,screw,2,full,test,scratch_head,test/scratch_head/016.png,17.394108
padim_r18,screw,2,full,test,scratch_head,test/scratch_head/017.png,21.138988
padim_r18,screw,2,full,test,scratch_head,test/scratch_head/018.png,18.764656
padim_r18,screw,2,full,test,scratch_head,test/scratch_head/019.png,18.113077
padim_r18,screw,2,full,test,scratch_head,test/scratch_head/020.png,15.953604
padim_r18,screw,2,full,test,scratch_head,test/scratch_head/021.png,17.419464
padim_r18,screw,2,full,test,scratch_head,test/scratch_head/022.png,19.829475
padim_r18,screw,2,full,test,scratch_head,test/scratch_head/023.png,17.441072
padim_r18,screw,2,full,test,scratch_neck,test/scratch_neck/000.png,17.021666
padim_r18,screw,2,full,test,scratch_neck,test/scratch_neck/001.png,20.497467
padim_r18,screw,2,full,test,scratch_neck,test/scratch_neck/002.png,12.755179
padim_r18,screw,2,full,test,scratch_neck,test/scratch_neck/003.png,19.266012
padim_r18,screw,2,full,test,scratch_neck,test/scratch_neck/004.png,19.245449
padim_r18,screw,2,full,test,scratch_neck,test/scratch_neck/005.png,16.546822
padim_r18,screw,2,full,test,scratch_neck,test/scratch_neck/006.png,17.777704
padim_r18,screw,2,full,test,scratch_neck,test/scratch_neck/007.png,16.059439
padim_r18,screw,2,full,test,scratch_neck,test/scratch_neck/008.png,23.551392
padim_r18,screw,2,full,test,scratch_neck,test/scratch_neck/009.png,20.356863
padim_r18,screw,2,full,test,scratch_neck,test/scratch_neck/010.png,13.478764
padim_r18,screw,2,full,test,scratch_neck,test/scratch_neck/011.png,12.740685
padim_r18,screw,2,full,test,scratch_neck,test/scratch_neck/012.png,16.410730
padim_r18,screw,2,full,test,scratch_neck,test/scratch_neck/013.png,19.551289
padim_r18,screw,2,full,test,scratch_neck,test/scratch_neck/014.png,18.022446
padim_r18,screw,2,full,test,scratch_neck,test/scratch_neck/015.png,15.842837
padim_r18,screw,2,full,test,scratch_neck,test/scratch_neck/016.png,18.285971
padim_r18,screw,2,full,test,scratch_neck,test/scratch_neck/017.png,14.989003
padim_r18,screw,2,full,test,scratch_neck,test/scratch_neck/018.png,14.963076
padim_r18,screw,2,full,test,scratch_neck,test/scratch_neck/019.png,15.165761
padim_r18,screw,2,full,test,scratch_neck,test/scratch_neck/020.png,19.569790
padim_r18,screw,2,full,test,scratch_neck,test/scratch_neck/021.png,14.317246
padim_r18,screw,2,full,test,scratch_neck,test/scratch_neck/022.png,16.661545
padim_r18,screw,2,full,test,scratch_neck,test/scratch_neck/023.png,14.998094
padim_r18,screw,2,full,test,scratch_neck,test/scratch_neck/024.png,23.310169
padim_r18,screw,2,full,test,thread_side,test/thread_side/000.png,12.562108
padim_r18,screw,2,full,test,thread_side,test/thread_side/001.png,19.725677
padim_r18,screw,2,full,test,thread_side,test/thread_side/002.png,20.857971
padim_r18,screw,2,full,test,thread_side,test/thread_side/003.png,18.608812
padim_r18,screw,2,full,test,thread_side,test/thread_side/004.png,17.068771
padim_r18,screw,2,full,test,thread_side,test/thread_side/005.png,16.113661
padim_r18,screw,2,full,test,thread_side,test/thread_side/006.png,13.589642
padim_r18,screw,2,full,test,thread_side,test/thread_side/007.png,16.167414
padim_r18,screw,2,full,test,thread_side,test/thread_side/008.png,14.429831
padim_r18,screw,2,full,test,thread_side,test/thread_side/009.png,16.688568
padim_r18,screw,2,full,test,thread_side,test/thread_side/010.png,19.920546
padim_r18,screw,2,full,test,thread_side,test/thread_side/011.png,16.293434
padim_r18,screw,2,full,test,thread_side,test/thread_side/012.png,13.881200
padim_r18,screw,2,full,test,thread_side,test/thread_side/013.png,13.701900
padim_r18,screw,2,full,test,thread_side,test/thread_side/014.png,14.478045
padim_r18,screw,2,full,test,thread_side,test/thread_side/015.png,15.947193
padim_r18,screw,2,full,test,thread_side,test/thread_side/016.png,15.439470
padim_r18,screw,2,full,test,thread_side,test/thread_side/017.png,16.926189
padim_r18,screw,2,full,test,thread_side,test/thread_side/018.png,18.412350
padim_r18,screw,2,full,test,thread_side,test/thread_side/019.png,17.992481
padim_r18,screw,2,full,test,thread_side,test/thread_side/020.png,17.208883
padim_r18,screw,2,full,test,thread_side,test/thread_side/021.png,15.137105
padim_r18,screw,2,full,test,thread_side,test/thread_side/022.png,19.506050
padim_r18,screw,2,full,test,thread_top,test/thread_top/000.png,16.208769
padim_r18,screw,2,full,test,thread_top,test/thread_top/001.png,14.781716
padim_r18,screw,2,full,test,thread_top,test/thread_top/002.png,14.149477
padim_r18,screw,2,full,test,thread_top,test/thread_top/003.png,13.717923
padim_r18,screw,2,full,test,thread_top,test/thread_top/004.png,14.279078
padim_r18,screw,2,full,test,thread_top,test/thread_top/005.png,15.716205
padim_r18,screw,2,full,test,thread_top,test/thread_top/006.png,16.834793
padim_r18,screw,2,full,test,thread_top,test/thread_top/007.png,20.942480
padim_r18,screw,2,full,test,thread_top,test/thread_top/008.png,20.016605
padim_r18,screw,2,full,test,thread_top,test/thread_top/009.png,16.673725
padim_r18,screw,2,full,test,thread_top,test/thread_top/010.png,17.629955
padim_r18,screw,2,full,test,thread_top,test/thread_top/011.png,16.858122
padim_r18,screw,2,full,test,thread_top,test/thread_top/012.png,17.567230
padim_r18,screw,2,full,test,thread_top,test/thread_top/013.png,17.494495
padim_r18,screw,2,full,test,thread_top,test/thread_top/014.png,12.311608
padim_r18,screw,2,full,test,thread_top,test/thread_top/015.png,18.535549
padim_r18,screw,2,full,test,thread_top,test/thread_top/016.png,17.520754
padim_r18,screw,2,full,test,thread_top,test/thread_top/017.png,14.715219
padim_r18,screw,2,full,test,thread_top,test/thread_top/018.png,15.266390
padim_r18,screw,2,full,test,thread_top,test/thread_top/019.png,21.112057
padim_r18,screw,2,full,test,thread_top,test/thread_top/020.png,18.167931
padim_r18,screw,2,full,test,thread_top,test/thread_top/021.png,13.275166
padim_r18,screw,2,full,test,thread_top,test/thread_top/022.png,17.940275
padim_r18,screw,2,gate,calibration,good,train/good/011.png,13.749483
padim_r18,screw,2,gate,calibration,good,train/good/012.png,12.890679
padim_r18,screw,2,gate,calibration,good,train/good/023.png,12.717823
padim_r18,screw,2,gate,calibration,good,train/good/026.png,17.614750
padim_r18,screw,2,gate,calibration,good,train/good/031.png,20.165085
padim_r18,screw,2,gate,calibration,good,train/good/032.png,14.765314
padim_r18,screw,2,gate,calibration,good,train/good/048.png,11.983864
padim_r18,screw,2,gate,calibration,good,train/good/050.png,14.663668
padim_r18,screw,2,gate,calibration,good,train/good/052.png,14.684856
padim_r18,screw,2,gate,calibration,good,train/good/053.png,10.161429
padim_r18,screw,2,gate,calibration,good,train/good/067.png,11.979624
padim_r18,screw,2,gate,calibration,good,train/good/071.png,12.078259
padim_r18,screw,2,gate,calibration,good,train/good/078.png,17.764427
padim_r18,screw,2,gate,calibration,good,train/good/079.png,16.351233
padim_r18,screw,2,gate,calibration,good,train/good/081.png,14.241648
padim_r18,screw,2,gate,calibration,good,train/good/082.png,16.841160
padim_r18,screw,2,gate,calibration,good,train/good/090.png,16.514227
padim_r18,screw,2,gate,calibration,good,train/good/098.png,14.153269
padim_r18,screw,2,gate,calibration,good,train/good/113.png,14.889361
padim_r18,screw,2,gate,calibration,good,train/good/114.png,12.700065
padim_r18,screw,2,gate,calibration,good,train/good/118.png,14.898944
padim_r18,screw,2,gate,calibration,good,train/good/126.png,17.716410
padim_r18,screw,2,gate,calibration,good,train/good/127.png,20.632221
padim_r18,screw,2,gate,calibration,good,train/good/130.png,15.014880
padim_r18,screw,2,gate,calibration,good,train/good/134.png,20.202450
padim_r18,screw,2,gate,calibration,good,train/good/135.png,20.747152
padim_r18,screw,2,gate,calibration,good,train/good/154.png,19.989626
padim_r18,screw,2,gate,calibration,good,train/good/155.png,12.038410
padim_r18,screw,2,gate,calibration,good,train/good/157.png,20.760290
padim_r18,screw,2,gate,calibration,good,train/good/166.png,15.937263
padim_r18,screw,2,gate,calibration,good,train/good/168.png,12.603728
padim_r18,screw,2,gate,calibration,good,train/good/169.png,15.715526
padim_r18,screw,2,gate,calibration,good,train/good/172.png,14.292048
padim_r18,screw,2,gate,calibration,good,train/good/179.png,15.269238
padim_r18,screw,2,gate,calibration,good,train/good/186.png,19.046413
padim_r18,screw,2,gate,calibration,good,train/good/196.png,15.482040
padim_r18,screw,2,gate,calibration,good,train/good/200.png,19.240862
padim_r18,screw,2,gate,calibration,good,train/good/206.png,22.114441
padim_r18,screw,2,gate,calibration,good,train/good/209.png,11.933074
padim_r18,screw,2,gate,calibration,good,train/good/210.png,13.076774
padim_r18,screw,2,gate,calibration,good,train/good/215.png,13.509128
padim_r18,screw,2,gate,calibration,good,train/good/222.png,13.906690
padim_r18,screw,2,gate,calibration,good,train/good/229.png,13.066144
padim_r18,screw,2,gate,calibration,good,train/good/230.png,13.239921
padim_r18,screw,2,gate,calibration,good,train/good/231.png,16.989355
padim_r18,screw,2,gate,calibration,good,train/good/238.png,16.301556
padim_r18,screw,2,gate,calibration,good,train/good/244.png,26.298309
padim_r18,screw,2,gate,calibration,good,train/good/250.png,14.268358
padim_r18,screw,2,gate,calibration,good,train/good/263.png,16.328770
padim_r18,screw,2,gate,calibration,good,train/good/269.png,15.740761
padim_r18,screw,2,gate,calibration,good,train/good/271.png,13.347936
padim_r18,screw,2,gate,calibration,good,train/good/272.png,14.947084
padim_r18,screw,2,gate,calibration,good,train/good/275.png,12.912354
padim_r18,screw,2,gate,calibration,good,train/good/279.png,11.442126
padim_r18,screw,2,gate,calibration,good,train/good/282.png,11.657486
padim_r18,screw,2,gate,calibration,good,train/good/289.png,17.491531
padim_r18,screw,2,gate,calibration,good,train/good/291.png,19.593378
padim_r18,screw,2,gate,calibration,good,train/good/292.png,16.399456
padim_r18,screw,2,gate,calibration,good,train/good/298.png,13.028959
padim_r18,screw,2,gate,calibration,good,train/good/300.png,15.125520
padim_r18,screw,2,gate,calibration,good,train/good/305.png,12.570649
padim_r18,screw,2,gate,calibration,good,train/good/308.png,11.361444
padim_r18,screw,2,gate,calibration,good,train/good/310.png,13.422606
padim_r18,screw,2,gate,calibration,good,train/good/313.png,16.507498
padim_r18,screw,2,gate,test,good,test/good/000.png,13.120608
padim_r18,screw,2,gate,test,good,test/good/001.png,19.853928
padim_r18,screw,2,gate,test,good,test/good/002.png,18.867495
padim_r18,screw,2,gate,test,good,test/good/003.png,18.526169
padim_r18,screw,2,gate,test,good,test/good/004.png,13.408860
padim_r18,screw,2,gate,test,good,test/good/005.png,16.744545
padim_r18,screw,2,gate,test,good,test/good/006.png,14.165858
padim_r18,screw,2,gate,test,good,test/good/007.png,14.064139
padim_r18,screw,2,gate,test,good,test/good/008.png,14.099803
padim_r18,screw,2,gate,test,good,test/good/009.png,13.047534
padim_r18,screw,2,gate,test,good,test/good/010.png,15.969278
padim_r18,screw,2,gate,test,good,test/good/011.png,16.367844
padim_r18,screw,2,gate,test,good,test/good/012.png,19.697771
padim_r18,screw,2,gate,test,good,test/good/013.png,15.532591
padim_r18,screw,2,gate,test,good,test/good/014.png,17.934793
padim_r18,screw,2,gate,test,good,test/good/015.png,18.704714
padim_r18,screw,2,gate,test,good,test/good/016.png,20.655380
padim_r18,screw,2,gate,test,good,test/good/017.png,13.922256
padim_r18,screw,2,gate,test,good,test/good/018.png,18.647560
padim_r18,screw,2,gate,test,good,test/good/019.png,18.268517
padim_r18,screw,2,gate,test,good,test/good/020.png,13.325395
padim_r18,screw,2,gate,test,good,test/good/021.png,13.596191
padim_r18,screw,2,gate,test,good,test/good/022.png,16.092932
padim_r18,screw,2,gate,test,good,test/good/023.png,15.459265
padim_r18,screw,2,gate,test,good,test/good/024.png,18.109497
padim_r18,screw,2,gate,test,good,test/good/025.png,11.603081
padim_r18,screw,2,gate,test,good,test/good/026.png,18.854599
padim_r18,screw,2,gate,test,good,test/good/027.png,13.670404
padim_r18,screw,2,gate,test,good,test/good/028.png,13.210007
padim_r18,screw,2,gate,test,good,test/good/029.png,17.031172
padim_r18,screw,2,gate,test,good,test/good/030.png,17.213438
padim_r18,screw,2,gate,test,good,test/good/031.png,17.391325
padim_r18,screw,2,gate,test,good,test/good/032.png,16.365646
padim_r18,screw,2,gate,test,good,test/good/033.png,12.000479
padim_r18,screw,2,gate,test,good,test/good/034.png,15.417981
padim_r18,screw,2,gate,test,good,test/good/035.png,15.126423
padim_r18,screw,2,gate,test,good,test/good/036.png,15.770776
padim_r18,screw,2,gate,test,good,test/good/037.png,14.482809
padim_r18,screw,2,gate,test,good,test/good/038.png,14.031201
padim_r18,screw,2,gate,test,good,test/good/039.png,19.097107
padim_r18,screw,2,gate,test,good,test/good/040.png,14.656693
padim_r18,screw,2,gate,test,manipulated_front,test/manipulated_front/000.png,21.216852
padim_r18,screw,2,gate,test,manipulated_front,test/manipulated_front/001.png,24.442772
padim_r18,screw,2,gate,test,manipulated_front,test/manipulated_front/002.png,21.774229
padim_r18,screw,2,gate,test,manipulated_front,test/manipulated_front/003.png,24.325583
padim_r18,screw,2,gate,test,manipulated_front,test/manipulated_front/004.png,25.930897
padim_r18,screw,2,gate,test,manipulated_front,test/manipulated_front/005.png,30.025515
padim_r18,screw,2,gate,test,manipulated_front,test/manipulated_front/006.png,21.575390
padim_r18,screw,2,gate,test,manipulated_front,test/manipulated_front/007.png,21.367447
padim_r18,screw,2,gate,test,manipulated_front,test/manipulated_front/008.png,19.494886
padim_r18,screw,2,gate,test,manipulated_front,test/manipulated_front/009.png,19.730179
padim_r18,screw,2,gate,test,manipulated_front,test/manipulated_front/010.png,21.633329
padim_r18,screw,2,gate,test,manipulated_front,test/manipulated_front/011.png,23.375534
padim_r18,screw,2,gate,test,manipulated_front,test/manipulated_front/012.png,19.167278
padim_r18,screw,2,gate,test,manipulated_front,test/manipulated_front/013.png,20.996183
padim_r18,screw,2,gate,test,manipulated_front,test/manipulated_front/014.png,22.752172
padim_r18,screw,2,gate,test,manipulated_front,test/manipulated_front/015.png,24.776754
padim_r18,screw,2,gate,test,manipulated_front,test/manipulated_front/016.png,18.980091
padim_r18,screw,2,gate,test,manipulated_front,test/manipulated_front/017.png,19.739353
padim_r18,screw,2,gate,test,manipulated_front,test/manipulated_front/018.png,22.484781
padim_r18,screw,2,gate,test,manipulated_front,test/manipulated_front/019.png,16.854824
padim_r18,screw,2,gate,test,manipulated_front,test/manipulated_front/020.png,16.676991
padim_r18,screw,2,gate,test,manipulated_front,test/manipulated_front/021.png,17.043993
padim_r18,screw,2,gate,test,manipulated_front,test/manipulated_front/022.png,20.301298
padim_r18,screw,2,gate,test,manipulated_front,test/manipulated_front/023.png,22.483521
padim_r18,screw,2,gate,test,scratch_head,test/scratch_head/000.png,17.418058
padim_r18,screw,2,gate,test,scratch_head,test/scratch_head/001.png,16.182278
padim_r18,screw,2,gate,test,scratch_head,test/scratch_head/002.png,18.339212
padim_r18,screw,2,gate,test,scratch_head,test/scratch_head/003.png,15.281530
padim_r18,screw,2,gate,test,scratch_head,test/scratch_head/004.png,17.424248
padim_r18,screw,2,gate,test,scratch_head,test/scratch_head/005.png,15.950466
padim_r18,screw,2,gate,test,scratch_head,test/scratch_head/006.png,19.501415
padim_r18,screw,2,gate,test,scratch_head,test/scratch_head/007.png,22.836813
padim_r18,screw,2,gate,test,scratch_head,test/scratch_head/008.png,17.848993
padim_r18,screw,2,gate,test,scratch_head,test/scratch_head/009.png,18.145750
padim_r18,screw,2,gate,test,scratch_head,test/scratch_head/010.png,17.667553
padim_r18,screw,2,gate,test,scratch_head,test/scratch_head/011.png,20.894857
padim_r18,screw,2,gate,test,scratch_head,test/scratch_head/012.png,20.753366
padim_r18,screw,2,gate,test,scratch_head,test/scratch_head/013.png,18.287010
padim_r18,screw,2,gate,test,scratch_head,test/scratch_head/014.png,19.331350
padim_r18,screw,2,gate,test,scratch_head,test/scratch_head/015.png,22.816961
padim_r18,screw,2,gate,test,scratch_head,test/scratch_head/016.png,20.577299
padim_r18,screw,2,gate,test,scratch_head,test/scratch_head/017.png,21.351574
padim_r18,screw,2,gate,test,scratch_head,test/scratch_head/018.png,19.155807
padim_r18,screw,2,gate,test,scratch_head,test/scratch_head/019.png,18.590326
padim_r18,screw,2,gate,test,scratch_head,test/scratch_head/020.png,16.261940
padim_r18,screw,2,gate,test,scratch_head,test/scratch_head/021.png,18.437010
padim_r18,screw,2,gate,test,scratch_head,test/scratch_head/022.png,20.345917
padim_r18,screw,2,gate,test,scratch_head,test/scratch_head/023.png,17.574688
padim_r18,screw,2,gate,test,scratch_neck,test/scratch_neck/000.png,17.224899
padim_r18,screw,2,gate,test,scratch_neck,test/scratch_neck/001.png,20.861593
padim_r18,screw,2,gate,test,scratch_neck,test/scratch_neck/002.png,13.275116
padim_r18,screw,2,gate,test,scratch_neck,test/scratch_neck/003.png,19.276009
padim_r18,screw,2,gate,test,scratch_neck,test/scratch_neck/004.png,19.462368
padim_r18,screw,2,gate,test,scratch_neck,test/scratch_neck/005.png,16.549711
padim_r18,screw,2,gate,test,scratch_neck,test/scratch_neck/006.png,17.715017
padim_r18,screw,2,gate,test,scratch_neck,test/scratch_neck/007.png,16.280542
padim_r18,screw,2,gate,test,scratch_neck,test/scratch_neck/008.png,23.746717
padim_r18,screw,2,gate,test,scratch_neck,test/scratch_neck/009.png,20.867546
padim_r18,screw,2,gate,test,scratch_neck,test/scratch_neck/010.png,13.574757
padim_r18,screw,2,gate,test,scratch_neck,test/scratch_neck/011.png,13.201198
padim_r18,screw,2,gate,test,scratch_neck,test/scratch_neck/012.png,16.482653
padim_r18,screw,2,gate,test,scratch_neck,test/scratch_neck/013.png,19.776030
padim_r18,screw,2,gate,test,scratch_neck,test/scratch_neck/014.png,18.370436
padim_r18,screw,2,gate,test,scratch_neck,test/scratch_neck/015.png,16.241240
padim_r18,screw,2,gate,test,scratch_neck,test/scratch_neck/016.png,18.306047
padim_r18,screw,2,gate,test,scratch_neck,test/scratch_neck/017.png,15.304582
padim_r18,screw,2,gate,test,scratch_neck,test/scratch_neck/018.png,16.030052
padim_r18,screw,2,gate,test,scratch_neck,test/scratch_neck/019.png,15.612225
padim_r18,screw,2,gate,test,scratch_neck,test/scratch_neck/020.png,19.906641
padim_r18,screw,2,gate,test,scratch_neck,test/scratch_neck/021.png,14.533678
padim_r18,screw,2,gate,test,scratch_neck,test/scratch_neck/022.png,16.662527
padim_r18,screw,2,gate,test,scratch_neck,test/scratch_neck/023.png,15.236832
padim_r18,screw,2,gate,test,scratch_neck,test/scratch_neck/024.png,23.366470
padim_r18,screw,2,gate,test,thread_side,test/thread_side/000.png,14.321138
padim_r18,screw,2,gate,test,thread_side,test/thread_side/001.png,19.772840
padim_r18,screw,2,gate,test,thread_side,test/thread_side/002.png,20.421358
padim_r18,screw,2,gate,test,thread_side,test/thread_side/003.png,19.629061
padim_r18,screw,2,gate,test,thread_side,test/thread_side/004.png,18.656219
padim_r18,screw,2,gate,test,thread_side,test/thread_side/005.png,16.286394
padim_r18,screw,2,gate,test,thread_side,test/thread_side/006.png,13.575649
padim_r18,screw,2,gate,test,thread_side,test/thread_side/007.png,16.004539
padim_r18,screw,2,gate,test,thread_side,test/thread_side/008.png,15.347000
padim_r18,screw,2,gate,test,thread_side,test/thread_side/009.png,16.571127
padim_r18,screw,2,gate,test,thread_side,test/thread_side/010.png,19.927305
padim_r18,screw,2,gate,test,thread_side,test/thread_side/011.png,21.269777
padim_r18,screw,2,gate,test,thread_side,test/thread_side/012.png,15.152970
padim_r18,screw,2,gate,test,thread_side,test/thread_side/013.png,13.929287
padim_r18,screw,2,gate,test,thread_side,test/thread_side/014.png,14.831181
padim_r18,screw,2,gate,test,thread_side,test/thread_side/015.png,22.296879
padim_r18,screw,2,gate,test,thread_side,test/thread_side/016.png,16.293531
padim_r18,screw,2,gate,test,thread_side,test/thread_side/017.png,18.460295
padim_r18,screw,2,gate,test,thread_side,test/thread_side/018.png,20.107962
padim_r18,screw,2,gate,test,thread_side,test/thread_side/019.png,18.017569
padim_r18,screw,2,gate,test,thread_side,test/thread_side/020.png,17.001410
padim_r18,screw,2,gate,test,thread_side,test/thread_side/021.png,15.623693
padim_r18,screw,2,gate,test,thread_side,test/thread_side/022.png,19.901100
padim_r18,screw,2,gate,test,thread_top,test/thread_top/000.png,16.314669
padim_r18,screw,2,gate,test,thread_top,test/thread_top/001.png,16.195637
padim_r18,screw,2,gate,test,thread_top,test/thread_top/002.png,15.357960
padim_r18,screw,2,gate,test,thread_top,test/thread_top/003.png,13.786581
padim_r18,screw,2,gate,test,thread_top,test/thread_top/004.png,17.303547
padim_r18,screw,2,gate,test,thread_top,test/thread_top/005.png,15.566124
padim_r18,screw,2,gate,test,thread_top,test/thread_top/006.png,16.537004
padim_r18,screw,2,gate,test,thread_top,test/thread_top/007.png,20.974812
padim_r18,screw,2,gate,test,thread_top,test/thread_top/008.png,19.810146
padim_r18,screw,2,gate,test,thread_top,test/thread_top/009.png,17.350447
padim_r18,screw,2,gate,test,thread_top,test/thread_top/010.png,18.122631
padim_r18,screw,2,gate,test,thread_top,test/thread_top/011.png,16.968170
padim_r18,screw,2,gate,test,thread_top,test/thread_top/012.png,22.029106
padim_r18,screw,2,gate,test,thread_top,test/thread_top/013.png,17.441483
padim_r18,screw,2,gate,test,thread_top,test/thread_top/014.png,12.101101
padim_r18,screw,2,gate,test,thread_top,test/thread_top/015.png,18.783026
padim_r18,screw,2,gate,test,thread_top,test/thread_top/016.png,18.561579
padim_r18,screw,2,gate,test,thread_top,test/thread_top/017.png,15.013935
padim_r18,screw,2,gate,test,thread_top,test/thread_top/018.png,14.995545
padim_r18,screw,2,gate,test,thread_top,test/thread_top/019.png,21.037016
padim_r18,screw,2,gate,test,thread_top,test/thread_top/020.png,18.099012
padim_r18,screw,2,gate,test,thread_top,test/thread_top/021.png,14.813373
padim_r18,screw,2,gate,test,thread_top,test/thread_top/022.png,17.806646
padim_r18,zipper,0,full,test,broken_teeth,test/broken_teeth/000.png,12.352132
padim_r18,zipper,0,full,test,broken_teeth,test/broken_teeth/001.png,22.021120
padim_r18,zipper,0,full,test,broken_teeth,test/broken_teeth/002.png,11.433888
padim_r18,zipper,0,full,test,broken_teeth,test/broken_teeth/003.png,17.027918
padim_r18,zipper,0,full,test,broken_teeth,test/broken_teeth/004.png,13.929196
padim_r18,zipper,0,full,test,broken_teeth,test/broken_teeth/005.png,14.819870
padim_r18,zipper,0,full,test,broken_teeth,test/broken_teeth/006.png,14.606701
padim_r18,zipper,0,full,test,broken_teeth,test/broken_teeth/007.png,20.465084
padim_r18,zipper,0,full,test,broken_teeth,test/broken_teeth/008.png,13.515162
padim_r18,zipper,0,full,test,broken_teeth,test/broken_teeth/009.png,11.227412
padim_r18,zipper,0,full,test,broken_teeth,test/broken_teeth/010.png,16.294750
padim_r18,zipper,0,full,test,broken_teeth,test/broken_teeth/011.png,16.919544
padim_r18,zipper,0,full,test,broken_teeth,test/broken_teeth/012.png,13.287985
padim_r18,zipper,0,full,test,broken_teeth,test/broken_teeth/013.png,18.311525
padim_r18,zipper,0,full,test,broken_teeth,test/broken_teeth/014.png,12.773122
padim_r18,zipper,0,full,test,broken_teeth,test/broken_teeth/015.png,13.436248
padim_r18,zipper,0,full,test,broken_teeth,test/broken_teeth/016.png,12.330842
padim_r18,zipper,0,full,test,broken_teeth,test/broken_teeth/017.png,16.839508
padim_r18,zipper,0,full,test,broken_teeth,test/broken_teeth/018.png,19.991789
padim_r18,zipper,0,full,test,combined,test/combined/000.png,18.959398
padim_r18,zipper,0,full,test,combined,test/combined/001.png,13.369621
padim_r18,zipper,0,full,test,combined,test/combined/002.png,12.768695
padim_r18,zipper,0,full,test,combined,test/combined/003.png,28.663374
padim_r18,zipper,0,full,test,combined,test/combined/004.png,16.505362
padim_r18,zipper,0,full,test,combined,test/combined/005.png,22.493536
padim_r18,zipper,0,full,test,combined,test/combined/006.png,43.366497
padim_r18,zipper,0,full,test,combined,test/combined/007.png,14.964286
padim_r18,zipper,0,full,test,combined,test/combined/008.png,14.823040
padim_r18,zipper,0,full,test,combined,test/combined/009.png,15.283141
padim_r18,zipper,0,full,test,combined,test/combined/010.png,23.320808
padim_r18,zipper,0,full,test,combined,test/combined/011.png,31.261614
padim_r18,zipper,0,full,test,combined,test/combined/012.png,14.560189
padim_r18,zipper,0,full,test,combined,test/combined/013.png,21.614510
padim_r18,zipper,0,full,test,combined,test/combined/014.png,13.736616
padim_r18,zipper,0,full,test,combined,test/combined/015.png,37.709553
padim_r18,zipper,0,full,test,fabric_border,test/fabric_border/000.png,28.394491
padim_r18,zipper,0,full,test,fabric_border,test/fabric_border/001.png,40.231178
padim_r18,zipper,0,full,test,fabric_border,test/fabric_border/002.png,21.061646
padim_r18,zipper,0,full,test,fabric_border,test/fabric_border/003.png,33.054520
padim_r18,zipper,0,full,test,fabric_border,test/fabric_border/004.png,32.603821
padim_r18,zipper,0,full,test,fabric_border,test/fabric_border/005.png,36.494858
padim_r18,zipper,0,full,test,fabric_border,test/fabric_border/006.png,24.667974
padim_r18,zipper,0,full,test,fabric_border,test/fabric_border/007.png,28.677385
padim_r18,zipper,0,full,test,fabric_border,test/fabric_border/008.png,19.708548
padim_r18,zipper,0,full,test,fabric_border,test/fabric_border/009.png,33.123756
padim_r18,zipper,0,full,test,fabric_border,test/fabric_border/010.png,39.109398
padim_r18,zipper,0,full,test,fabric_border,test/fabric_border/011.png,22.228260
padim_r18,zipper,0,full,test,fabric_border,test/fabric_border/012.png,21.124737
padim_r18,zipper,0,full,test,fabric_border,test/fabric_border/013.png,29.916912
padim_r18,zipper,0,full,test,fabric_border,test/fabric_border/014.png,19.462200
padim_r18,zipper,0,full,test,fabric_border,test/fabric_border/015.png,20.621775
padim_r18,zipper,0,full,test,fabric_border,test/fabric_border/016.png,34.299015
padim_r18,zipper,0,full,test,fabric_interior,test/fabric_interior/000.png,13.759398
padim_r18,zipper,0,full,test,fabric_interior,test/fabric_interior/001.png,11.270990
padim_r18,zipper,0,full,test,fabric_interior,test/fabric_interior/002.png,15.436325
padim_r18,zipper,0,full,test,fabric_interior,test/fabric_interior/003.png,13.526806
padim_r18,zipper,0,full,test,fabric_interior,test/fabric_interior/004.png,12.925005
padim_r18,zipper,0,full,test,fabric_interior,test/fabric_interior/005.png,12.356572
padim_r18,zipper,0,full,test,fabric_interior,test/fabric_interior/006.png,13.387993
padim_r18,zipper,0,full,test,fabric_interior,test/fabric_interior/007.png,8.533161
padim_r18,zipper,0,full,test,fabric_interior,test/fabric_interior/008.png,14.997315
padim_r18,zipper,0,full,test,fabric_interior,test/fabric_interior/009.png,11.518516
padim_r18,zipper,0,full,test,fabric_interior,test/fabric_interior/010.png,12.434628
padim_r18,zipper,0,full,test,fabric_interior,test/fabric_interior/011.png,12.019658
padim_r18,zipper,0,full,test,fabric_interior,test/fabric_interior/012.png,9.712264
padim_r18,zipper,0,full,test,fabric_interior,test/fabric_interior/013.png,11.300681
padim_r18,zipper,0,full,test,fabric_interior,test/fabric_interior/014.png,11.220295
padim_r18,zipper,0,full,test,fabric_interior,test/fabric_interior/015.png,12.365307
padim_r18,zipper,0,full,test,good,test/good/000.png,7.610207
padim_r18,zipper,0,full,test,good,test/good/001.png,8.383594
padim_r18,zipper,0,full,test,good,test/good/002.png,9.987154
padim_r18,zipper,0,full,test,good,test/good/003.png,9.580663
padim_r18,zipper,0,full,test,good,test/good/004.png,8.585397
padim_r18,zipper,0,full,test,good,test/good/005.png,7.700237
padim_r18,zipper,0,full,test,good,test/good/006.png,6.600075
padim_r18,zipper,0,full,test,good,test/good/007.png,11.474310
padim_r18,zipper,0,full,test,good,test/good/008.png,8.299107
padim_r18,zipper,0,full,test,good,test/good/009.png,8.046371
padim_r18,zipper,0,full,test,good,test/good/010.png,8.946864
padim_r18,zipper,0,full,test,good,test/good/011.png,7.572908
padim_r18,zipper,0,full,test,good,test/good/012.png,7.742111
padim_r18,zipper,0,full,test,good,test/good/013.png,8.292427
padim_r18,zipper,0,full,test,good,test/good/014.png,11.195773
padim_r18,zipper,0,full,test,good,test/good/015.png,11.632978
padim_r18,zipper,0,full,test,good,test/good/016.png,8.662443
padim_r18,zipper,0,full,test,good,test/good/017.png,11.051100
padim_r18,zipper,0,full,test,good,test/good/018.png,11.320260
padim_r18,zipper,0,full,test,good,test/good/019.png,13.132911
padim_r18,zipper,0,full,test,good,test/good/020.png,10.803474
padim_r18,zipper,0,full,test,good,test/good/021.png,14.450670
padim_r18,zipper,0,full,test,good,test/good/022.png,21.586582
padim_r18,zipper,0,full,test,good,test/good/023.png,9.696999
padim_r18,zipper,0,full,test,good,test/good/024.png,11.901463
padim_r18,zipper,0,full,test,good,test/good/025.png,8.138091
padim_r18,zipper,0,full,test,good,test/good/026.png,9.311572
padim_r18,zipper,0,full,test,good,test/good/027.png,19.303511
padim_r18,zipper,0,full,test,good,test/good/028.png,12.861249
padim_r18,zipper,0,full,test,good,test/good/029.png,11.901335
padim_r18,zipper,0,full,test,good,test/good/030.png,6.306829
padim_r18,zipper,0,full,test,good,test/good/031.png,6.987314
padim_r18,zipper,0,full,test,rough,test/rough/000.png,14.231379
padim_r18,zipper,0,full,test,rough,test/rough/001.png,17.409817
padim_r18,zipper,0,full,test,rough,test/rough/002.png,12.704898
padim_r18,zipper,0,full,test,rough,test/rough/003.png,20.473450
padim_r18,zipper,0,full,test,rough,test/rough/004.png,15.677836
padim_r18,zipper,0,full,test,rough,test/rough/005.png,13.670580
padim_r18,zipper,0,full,test,rough,test/rough/006.png,13.073893
padim_r18,zipper,0,full,test,rough,test/rough/007.png,14.880554
padim_r18,zipper,0,full,test,rough,test/rough/008.png,13.306385
padim_r18,zipper,0,full,test,rough,test/rough/009.png,16.129938
padim_r18,zipper,0,full,test,rough,test/rough/010.png,15.681185
padim_r18,zipper,0,full,test,rough,test/rough/011.png,15.504544
padim_r18,zipper,0,full,test,rough,test/rough/012.png,12.176943
padim_r18,zipper,0,full,test,rough,test/rough/013.png,16.834146
padim_r18,zipper,0,full,test,rough,test/rough/014.png,14.865138
padim_r18,zipper,0,full,test,rough,test/rough/015.png,16.619196
padim_r18,zipper,0,full,test,rough,test/rough/016.png,14.552515
padim_r18,zipper,0,full,test,split_teeth,test/split_teeth/000.png,11.191578
padim_r18,zipper,0,full,test,split_teeth,test/split_teeth/001.png,14.516964
padim_r18,zipper,0,full,test,split_teeth,test/split_teeth/002.png,15.115186
padim_r18,zipper,0,full,test,split_teeth,test/split_teeth/003.png,24.387018
padim_r18,zipper,0,full,test,split_teeth,test/split_teeth/004.png,16.978518
padim_r18,zipper,0,full,test,split_teeth,test/split_teeth/005.png,14.324356
padim_r18,zipper,0,full,test,split_teeth,test/split_teeth/006.png,14.548900
padim_r18,zipper,0,full,test,split_teeth,test/split_teeth/007.png,12.596051
padim_r18,zipper,0,full,test,split_teeth,test/split_teeth/008.png,12.689501
padim_r18,zipper,0,full,test,split_teeth,test/split_teeth/009.png,13.264737
padim_r18,zipper,0,full,test,split_teeth,test/split_teeth/010.png,14.574782
padim_r18,zipper,0,full,test,split_teeth,test/split_teeth/011.png,16.222569
padim_r18,zipper,0,full,test,split_teeth,test/split_teeth/012.png,20.730137
padim_r18,zipper,0,full,test,split_teeth,test/split_teeth/013.png,14.000508
padim_r18,zipper,0,full,test,split_teeth,test/split_teeth/014.png,16.245714
padim_r18,zipper,0,full,test,split_teeth,test/split_teeth/015.png,18.117311
padim_r18,zipper,0,full,test,split_teeth,test/split_teeth/016.png,15.812841
padim_r18,zipper,0,full,test,split_teeth,test/split_teeth/017.png,14.690209
padim_r18,zipper,0,full,test,squeezed_teeth,test/squeezed_teeth/000.png,12.808380
padim_r18,zipper,0,full,test,squeezed_teeth,test/squeezed_teeth/001.png,16.030022
padim_r18,zipper,0,full,test,squeezed_teeth,test/squeezed_teeth/002.png,18.353868
padim_r18,zipper,0,full,test,squeezed_teeth,test/squeezed_teeth/003.png,15.275994
padim_r18,zipper,0,full,test,squeezed_teeth,test/squeezed_teeth/004.png,14.314843
padim_r18,zipper,0,full,test,squeezed_teeth,test/squeezed_teeth/005.png,12.276753
padim_r18,zipper,0,full,test,squeezed_teeth,test/squeezed_teeth/006.png,10.589089
padim_r18,zipper,0,full,test,squeezed_teeth,test/squeezed_teeth/007.png,12.763000
padim_r18,zipper,0,full,test,squeezed_teeth,test/squeezed_teeth/008.png,10.638857
padim_r18,zipper,0,full,test,squeezed_teeth,test/squeezed_teeth/009.png,13.933575
padim_r18,zipper,0,full,test,squeezed_teeth,test/squeezed_teeth/010.png,16.142738
padim_r18,zipper,0,full,test,squeezed_teeth,test/squeezed_teeth/011.png,13.458652
padim_r18,zipper,0,full,test,squeezed_teeth,test/squeezed_teeth/012.png,12.402608
padim_r18,zipper,0,full,test,squeezed_teeth,test/squeezed_teeth/013.png,11.490332
padim_r18,zipper,0,full,test,squeezed_teeth,test/squeezed_teeth/014.png,16.573538
padim_r18,zipper,0,full,test,squeezed_teeth,test/squeezed_teeth/015.png,17.658779
padim_r18,zipper,0,gate,calibration,good,train/good/000.png,6.180122
padim_r18,zipper,0,gate,calibration,good,train/good/005.png,9.868378
padim_r18,zipper,0,gate,calibration,good,train/good/006.png,11.069391
padim_r18,zipper,0,gate,calibration,good,train/good/013.png,11.458631
padim_r18,zipper,0,gate,calibration,good,train/good/017.png,6.649472
padim_r18,zipper,0,gate,calibration,good,train/good/025.png,7.604509
padim_r18,zipper,0,gate,calibration,good,train/good/036.png,11.753688
padim_r18,zipper,0,gate,calibration,good,train/good/039.png,7.392024
padim_r18,zipper,0,gate,calibration,good,train/good/041.png,12.663982
padim_r18,zipper,0,gate,calibration,good,train/good/054.png,6.759121
padim_r18,zipper,0,gate,calibration,good,train/good/065.png,7.687276
padim_r18,zipper,0,gate,calibration,good,train/good/068.png,6.454366
padim_r18,zipper,0,gate,calibration,good,train/good/071.png,6.577523
padim_r18,zipper,0,gate,calibration,good,train/good/072.png,7.329311
padim_r18,zipper,0,gate,calibration,good,train/good/074.png,8.486356
padim_r18,zipper,0,gate,calibration,good,train/good/084.png,7.483797
padim_r18,zipper,0,gate,calibration,good,train/good/100.png,6.441566
padim_r18,zipper,0,gate,calibration,good,train/good/103.png,6.915285
padim_r18,zipper,0,gate,calibration,good,train/good/106.png,7.302661
padim_r18,zipper,0,gate,calibration,good,train/good/116.png,10.590388
padim_r18,zipper,0,gate,calibration,good,train/good/117.png,14.967392
padim_r18,zipper,0,gate,calibration,good,train/good/118.png,10.158726
padim_r18,zipper,0,gate,calibration,good,train/good/119.png,10.977543
padim_r18,zipper,0,gate,calibration,good,train/good/126.png,8.119473
padim_r18,zipper,0,gate,calibration,good,train/good/131.png,10.502600
padim_r18,zipper,0,gate,calibration,good,train/good/138.png,8.692876
padim_r18,zipper,0,gate,calibration,good,train/good/142.png,14.018647
padim_r18,zipper,0,gate,calibration,good,train/good/147.png,7.865880
padim_r18,zipper,0,gate,calibration,good,train/good/153.png,8.051704
padim_r18,zipper,0,gate,calibration,good,train/good/154.png,10.155387
padim_r18,zipper,0,gate,calibration,good,train/good/164.png,7.008118
padim_r18,zipper,0,gate,calibration,good,train/good/193.png,8.264918
padim_r18,zipper,0,gate,calibration,good,train/good/197.png,9.355376
padim_r18,zipper,0,gate,calibration,good,train/good/199.png,9.235409
padim_r18,zipper,0,gate,calibration,good,train/good/200.png,6.784539
padim_r18,zipper,0,gate,calibration,good,train/good/201.png,7.066123
padim_r18,zipper,0,gate,calibration,good,train/good/202.png,6.926198
padim_r18,zipper,0,gate,calibration,good,train/good/205.png,9.345966
padim_r18,zipper,0,gate,calibration,good,train/good/214.png,7.575260
padim_r18,zipper,0,gate,calibration,good,train/good/215.png,8.490317
padim_r18,zipper,0,gate,calibration,good,train/good/216.png,6.908436
padim_r18,zipper,0,gate,calibration,good,train/good/218.png,6.963189
padim_r18,zipper,0,gate,calibration,good,train/good/225.png,9.937686
padim_r18,zipper,0,gate,calibration,good,train/good/226.png,9.058691
padim_r18,zipper,0,gate,calibration,good,train/good/230.png,11.616064
padim_r18,zipper,0,gate,calibration,good,train/good/231.png,14.897930
padim_r18,zipper,0,gate,calibration,good,train/good/236.png,8.197126
padim_r18,zipper,0,gate,calibration,good,train/good/237.png,7.614748
padim_r18,zipper,0,gate,test,broken_teeth,test/broken_teeth/000.png,12.366282
padim_r18,zipper,0,gate,test,broken_teeth,test/broken_teeth/001.png,22.245556
padim_r18,zipper,0,gate,test,broken_teeth,test/broken_teeth/002.png,11.486658
padim_r18,zipper,0,gate,test,broken_teeth,test/broken_teeth/003.png,17.021399
padim_r18,zipper,0,gate,test,broken_teeth,test/broken_teeth/004.png,13.919661
padim_r18,zipper,0,gate,test,broken_teeth,test/broken_teeth/005.png,14.898343
padim_r18,zipper,0,gate,test,broken_teeth,test/broken_teeth/006.png,14.593043
padim_r18,zipper,0,gate,test,broken_teeth,test/broken_teeth/007.png,20.572180
padim_r18,zipper,0,gate,test,broken_teeth,test/broken_teeth/008.png,13.579406
padim_r18,zipper,0,gate,test,broken_teeth,test/broken_teeth/009.png,11.248714
padim_r18,zipper,0,gate,test,broken_teeth,test/broken_teeth/010.png,16.344671
padim_r18,zipper,0,gate,test,broken_teeth,test/broken_teeth/011.png,17.045828
padim_r18,zipper,0,gate,test,broken_teeth,test/broken_teeth/012.png,13.435241
padim_r18,zipper,0,gate,test,broken_teeth,test/broken_teeth/013.png,18.457329
padim_r18,zipper,0,gate,test,broken_teeth,test/broken_teeth/014.png,12.829456
padim_r18,zipper,0,gate,test,broken_teeth,test/broken_teeth/015.png,13.573214
padim_r18,zipper,0,gate,test,broken_teeth,test/broken_teeth/016.png,12.366451
padim_r18,zipper,0,gate,test,broken_teeth,test/broken_teeth/017.png,17.022058
padim_r18,zipper,0,gate,test,broken_teeth,test/broken_teeth/018.png,19.989822
padim_r18,zipper,0,gate,test,combined,test/combined/000.png,18.882196
padim_r18,zipper,0,gate,test,combined,test/combined/001.png,13.322882
padim_r18,zipper,0,gate,test,combined,test/combined/002.png,12.762562
padim_r18,zipper,0,gate,test,combined,test/combined/003.png,28.551805
padim_r18,zipper,0,gate,test,combined,test/combined/004.png,16.404171
padim_r18,zipper,0,gate,test,combined,test/combined/005.png,22.542170
padim_r18,zipper,0,gate,test,combined,test/combined/006.png,43.280621
padim_r18,zipper,0,gate,test,combined,test/combined/007.png,14.811657
padim_r18,zipper,0,gate,test,combined,test/combined/008.png,14.908938
padim_r18,zipper,0,gate,test,combined,test/combined/009.png,15.280929
padim_r18,zipper,0,gate,test,combined,test/combined/010.png,23.422010
padim_r18,zipper,0,gate,test,combined,test/combined/011.png,31.279917
padim_r18,zipper,0,gate,test,combined,test/combined/012.png,14.652650
padim_r18,zipper,0,gate,test,combined,test/combined/013.png,21.626488
padim_r18,zipper,0,gate,test,combined,test/combined/014.png,13.735182
padim_r18,zipper,0,gate,test,combined,test/combined/015.png,37.667557
padim_r18,zipper,0,gate,test,fabric_border,test/fabric_border/000.png,28.206394
padim_r18,zipper,0,gate,test,fabric_border,test/fabric_border/001.png,40.083332
padim_r18,zipper,0,gate,test,fabric_border,test/fabric_border/002.png,21.069319
padim_r18,zipper,0,gate,test,fabric_border,test/fabric_border/003.png,32.958538
padim_r18,zipper,0,gate,test,fabric_border,test/fabric_border/004.png,32.639065
padim_r18,zipper,0,gate,test,fabric_border,test/fabric_border/005.png,36.435284
padim_r18,zipper,0,gate,test,fabric_border,test/fabric_border/006.png,24.765568
padim_r18,zipper,0,gate,test,fabric_border,test/fabric_border/007.png,28.578815
padim_r18,zipper,0,gate,test,fabric_border,test/fabric_border/008.png,19.878067
padim_r18,zipper,0,gate,test,fabric_border,test/fabric_border/009.png,33.103382
padim_r18,zipper,0,gate,test,fabric_border,test/fabric_border/010.png,39.253273
padim_r18,zipper,0,gate,test,fabric_border,test/fabric_border/011.png,22.238585
padim_r18,zipper,0,gate,test,fabric_border,test/fabric_border/012.png,21.256502
padim_r18,zipper,0,gate,test,fabric_border,test/fabric_border/013.png,30.311876
padim_r18,zipper,0,gate,test,fabric_border,test/fabric_border/014.png,19.709055
padim_r18,zipper,0,gate,test,fabric_border,test/fabric_border/015.png,20.662767
padim_r18,zipper,0,gate,test,fabric_border,test/fabric_border/016.png,34.627075
padim_r18,zipper,0,gate,test,fabric_interior,test/fabric_interior/000.png,13.705156
padim_r18,zipper,0,gate,test,fabric_interior,test/fabric_interior/001.png,11.287487
padim_r18,zipper,0,gate,test,fabric_interior,test/fabric_interior/002.png,15.362884
padim_r18,zipper,0,gate,test,fabric_interior,test/fabric_interior/003.png,13.534698
padim_r18,zipper,0,gate,test,fabric_interior,test/fabric_interior/004.png,12.933733
padim_r18,zipper,0,gate,test,fabric_interior,test/fabric_interior/005.png,12.431250
padim_r18,zipper,0,gate,test,fabric_interior,test/fabric_interior/006.png,13.476600
padim_r18,zipper,0,gate,test,fabric_interior,test/fabric_interior/007.png,8.547439
padim_r18,zipper,0,gate,test,fabric_interior,test/fabric_interior/008.png,14.791130
padim_r18,zipper,0,gate,test,fabric_interior,test/fabric_interior/009.png,11.589874
padim_r18,zipper,0,gate,test,fabric_interior,test/fabric_interior/010.png,12.623788
padim_r18,zipper,0,gate,test,fabric_interior,test/fabric_interior/011.png,12.209264
padim_r18,zipper,0,gate,test,fabric_interior,test/fabric_interior/012.png,9.803614
padim_r18,zipper,0,gate,test,fabric_interior,test/fabric_interior/013.png,11.409485
padim_r18,zipper,0,gate,test,fabric_interior,test/fabric_interior/014.png,11.273521
padim_r18,zipper,0,gate,test,fabric_interior,test/fabric_interior/015.png,12.399580
padim_r18,zipper,0,gate,test,good,test/good/000.png,7.722897
padim_r18,zipper,0,gate,test,good,test/good/001.png,8.570994
padim_r18,zipper,0,gate,test,good,test/good/002.png,10.077888
padim_r18,zipper,0,gate,test,good,test/good/003.png,9.568535
padim_r18,zipper,0,gate,test,good,test/good/004.png,8.628423
padim_r18,zipper,0,gate,test,good,test/good/005.png,7.785503
padim_r18,zipper,0,gate,test,good,test/good/006.png,6.592422
padim_r18,zipper,0,gate,test,good,test/good/007.png,11.035046
padim_r18,zipper,0,gate,test,good,test/good/008.png,8.439758
padim_r18,zipper,0,gate,test,good,test/good/009.png,8.081138
padim_r18,zipper,0,gate,test,good,test/good/010.png,8.936737
padim_r18,zipper,0,gate,test,good,test/good/011.png,7.546302
padim_r18,zipper,0,gate,test,good,test/good/012.png,7.724780
padim_r18,zipper,0,gate,test,good,test/good/013.png,8.285056
padim_r18,zipper,0,gate,test,good,test/good/014.png,11.190177
padim_r18,zipper,0,gate,test,good,test/good/015.png,11.646792
padim_r18,zipper,0,gate,test,good,test/good/016.png,8.739442
padim_r18,zipper,0,gate,test,good,test/good/017.png,11.268491
padim_r18,zipper,0,gate,test,good,test/good/018.png,11.445337
padim_r18,zipper,0,gate,test,good,test/good/019.png,12.993695
padim_r18,zipper,0,gate,test,good,test/good/020.png,10.909407
padim_r18,zipper,0,gate,test,good,test/good/021.png,14.313048
padim_r18,zipper,0,gate,test,good,test/good/022.png,21.466154
padim_r18,zipper,0,gate,test,good,test/good/023.png,10.099912
padim_r18,zipper,0,gate,test,good,test/good/024.png,12.019564
padim_r18,zipper,0,gate,test,good,test/good/025.png,8.153689
padim_r18,zipper,0,gate,test,good,test/good/026.png,9.443762
padim_r18,zipper,0,gate,test,good,test/good/027.png,19.013121
padim_r18,zipper,0,gate,test,good,test/good/028.png,12.891829
padim_r18,zipper,0,gate,test,good,test/good/029.png,12.824808
padim_r18,zipper,0,gate,test,good,test/good/030.png,6.302895
padim_r18,zipper,0,gate,test,good,test/good/031.png,7.029533
padim_r18,zipper,0,gate,test,rough,test/rough/000.png,14.273095
padim_r18,zipper,0,gate,test,rough,test/rough/001.png,17.473465
padim_r18,zipper,0,gate,test,rough,test/rough/002.png,12.775283
padim_r18,zipper,0,gate,test,rough,test/rough/003.png,20.537487
padim_r18,zipper,0,gate,test,rough,test/rough/004.png,15.851772
padim_r18,zipper,0,gate,test,rough,test/rough/005.png,13.751471
padim_r18,zipper,0,gate,test,rough,test/rough/006.png,13.289275
padim_r18,zipper,0,gate,test,rough,test/rough/007.png,15.163296
padim_r18,zipper,0,gate,test,rough,test/rough/008.png,13.345320
padim_r18,zipper,0,gate,test,rough,test/rough/009.png,16.155823
padim_r18,zipper,0,gate,test,rough,test/rough/010.png,15.655268
padim_r18,zipper,0,gate,test,rough,test/rough/011.png,15.773834
padim_r18,zipper,0,gate,test,rough,test/rough/012.png,12.273359
padim_r18,zipper,0,gate,test,rough,test/rough/013.png,16.843006
padim_r18,zipper,0,gate,test,rough,test/rough/014.png,15.072141
padim_r18,zipper,0,gate,test,rough,test/rough/015.png,16.665117
padim_r18,zipper,0,gate,test,rough,test/rough/016.png,14.762547
padim_r18,zipper,0,gate,test,split_teeth,test/split_teeth/000.png,11.115761
padim_r18,zipper,0,gate,test,split_teeth,test/split_teeth/001.png,14.603174
padim_r18,zipper,0,gate,test,split_teeth,test/split_teeth/002.png,15.257191
padim_r18,zipper,0,gate,test,split_teeth,test/split_teeth/003.png,24.434454
padim_r18,zipper,0,gate,test,split_teeth,test/split_teeth/004.png,17.070732
padim_r18,zipper,0,gate,test,split_teeth,test/split_teeth/005.png,14.136409
padim_r18,zipper,0,gate,test,split_teeth,test/split_teeth/006.png,14.819892
padim_r18,zipper,0,gate,test,split_teeth,test/split_teeth/007.png,12.640224
padim_r18,zipper,0,gate,test,split_teeth,test/split_teeth/008.png,12.858785
padim_r18,zipper,0,gate,test,split_teeth,test/split_teeth/009.png,13.283894
padim_r18,zipper,0,gate,test,split_teeth,test/split_teeth/010.png,14.687704
padim_r18,zipper,0,gate,test,split_teeth,test/split_teeth/011.png,16.437054
padim_r18,zipper,0,gate,test,split_teeth,test/split_teeth/012.png,20.716965
padim_r18,zipper,0,gate,test,split_teeth,test/split_teeth/013.png,14.154219
padim_r18,zipper,0,gate,test,split_teeth,test/split_teeth/014.png,16.326218
padim_r18,zipper,0,gate,test,split_teeth,test/split_teeth/015.png,18.147911
padim_r18,zipper,0,gate,test,split_teeth,test/split_teeth/016.png,15.918311
padim_r18,zipper,0,gate,test,split_teeth,test/split_teeth/017.png,14.864888
padim_r18,zipper,0,gate,test,squeezed_teeth,test/squeezed_teeth/000.png,12.849169
padim_r18,zipper,0,gate,test,squeezed_teeth,test/squeezed_teeth/001.png,16.163176
padim_r18,zipper,0,gate,test,squeezed_teeth,test/squeezed_teeth/002.png,18.357765
padim_r18,zipper,0,gate,test,squeezed_teeth,test/squeezed_teeth/003.png,15.701284
padim_r18,zipper,0,gate,test,squeezed_teeth,test/squeezed_teeth/004.png,14.309677
padim_r18,zipper,0,gate,test,squeezed_teeth,test/squeezed_teeth/005.png,12.153689
padim_r18,zipper,0,gate,test,squeezed_teeth,test/squeezed_teeth/006.png,10.588449
padim_r18,zipper,0,gate,test,squeezed_teeth,test/squeezed_teeth/007.png,12.931781
padim_r18,zipper,0,gate,test,squeezed_teeth,test/squeezed_teeth/008.png,10.858956
padim_r18,zipper,0,gate,test,squeezed_teeth,test/squeezed_teeth/009.png,13.973600
padim_r18,zipper,0,gate,test,squeezed_teeth,test/squeezed_teeth/010.png,16.194403
padim_r18,zipper,0,gate,test,squeezed_teeth,test/squeezed_teeth/011.png,13.694191
padim_r18,zipper,0,gate,test,squeezed_teeth,test/squeezed_teeth/012.png,12.486103
padim_r18,zipper,0,gate,test,squeezed_teeth,test/squeezed_teeth/013.png,11.578601
padim_r18,zipper,0,gate,test,squeezed_teeth,test/squeezed_teeth/014.png,16.738029
padim_r18,zipper,0,gate,test,squeezed_teeth,test/squeezed_teeth/015.png,17.689665
padim_r18,zipper,1,full,test,broken_teeth,test/broken_teeth/000.png,14.568966
padim_r18,zipper,1,full,test,broken_teeth,test/broken_teeth/001.png,23.136118
padim_r18,zipper,1,full,test,broken_teeth,test/broken_teeth/002.png,9.804589
padim_r18,zipper,1,full,test,broken_teeth,test/broken_teeth/003.png,17.860371
padim_r18,zipper,1,full,test,broken_teeth,test/broken_teeth/004.png,16.236309
padim_r18,zipper,1,full,test,broken_teeth,test/broken_teeth/005.png,15.645064
padim_r18,zipper,1,full,test,broken_teeth,test/broken_teeth/006.png,16.465729
padim_r18,zipper,1,full,test,broken_teeth,test/broken_teeth/007.png,21.236912
padim_r18,zipper,1,full,test,broken_teeth,test/broken_teeth/008.png,12.922539
padim_r18,zipper,1,full,test,broken_teeth,test/broken_teeth/009.png,12.061967
padim_r18,zipper,1,full,test,broken_teeth,test/broken_teeth/010.png,17.543049
padim_r18,zipper,1,full,test,broken_teeth,test/broken_teeth/011.png,20.181948
padim_r18,zipper,1,full,test,broken_teeth,test/broken_teeth/012.png,14.455505
padim_r18,zipper,1,full,test,broken_teeth,test/broken_teeth/013.png,22.717285
padim_r18,zipper,1,full,test,broken_teeth,test/broken_teeth/014.png,14.766994
padim_r18,zipper,1,full,test,broken_teeth,test/broken_teeth/015.png,12.790480
padim_r18,zipper,1,full,test,broken_teeth,test/broken_teeth/016.png,13.700059
padim_r18,zipper,1,full,test,broken_teeth,test/broken_teeth/017.png,22.193113
padim_r18,zipper,1,full,test,broken_teeth,test/broken_teeth/018.png,29.170885
padim_r18,zipper,1,full,test,combined,test/combined/000.png,21.880894
padim_r18,zipper,1,full,test,combined,test/combined/001.png,13.344666
padim_r18,zipper,1,full,test,combined,test/combined/002.png,12.824110
padim_r18,zipper,1,full,test,combined,test/combined/003.png,29.462276
padim_r18,zipper,1,full,test,combined,test/combined/004.png,17.520205
padim_r18,zipper,1,full,test,combined,test/combined/005.png,26.538340
padim_r18,zipper,1,full,test,combined,test/combined/006.png,39.941902
padim_r18,zipper,1,full,test,combined,test/combined/007.png,17.137384
padim_r18,zipper,1,full,test,combined,test/combined/008.png,14.555386
padim_r18,zipper,1,full,test,combined,test/combined/009.png,19.448235
padim_r18,zipper,1,full,test,combined,test/combined/010.png,30.453527
padim_r18,zipper,1,full,test,combined,test/combined/011.png,24.936077
padim_r18,zipper,1,full,test,combined,test/combined/012.png,14.674128
padim_r18,zipper,1,full,test,combined,test/combined/013.png,23.480881
padim_r18,zipper,1,full,test,combined,test/combined/014.png,13.661570
padim_r18,zipper,1,full,test,combined,test/combined/015.png,46.573456
padim_r18,zipper,1,full,test,fabric_border,test/fabric_border/000.png,28.858364
padim_r18,zipper,1,full,test,fabric_border,test/fabric_border/001.png,37.138542
padim_r18,zipper,1,full,test,fabric_border,test/fabric_border/002.png,20.608328
padim_r18,zipper,1,full,test,fabric_border,test/fabric_border/003.png,42.938942
padim_r18,zipper,1,full,test,fabric_border,test/fabric_border/004.png,39.114319
padim_r18,zipper,1,full,test,fabric_border,test/fabric_border/005.png,44.356895
padim_r18,zipper,1,full,test,fabric_border,test/fabric_border/006.png,28.442745
padim_r18,zipper,1,full,test,fabric_border,test/fabric_border/007.png,29.919369
padim_r18,zipper,1,full,test,fabric_border,test/fabric_border/008.png,21.278271
padim_r18,zipper,1,full,test,fabric_border,test/fabric_border/009.png,35.598114
padim_r18,zipper,1,full,test,fabric_border,test/fabric_border/010.png,36.252174
padim_r18,zipper,1,full,test,fabric_border,test/fabric_border/011.png,29.698877
padim_r18,zipper,1,full,test,fabric_border,test/fabric_border/012.png,22.232855
padim_r18,zipper,1,full,test,fabric_border,test/fabric_border/013.png,31.883915
padim_r18,zipper,1,full,test,fabric_border,test/fabric_border/014.png,24.358770
padim_r18,zipper,1,full,test,fabric_border,test/fabric_border/015.png,25.041262
padim_r18,zipper,1,full,test,fabric_border,test/fabric_border/016.png,36.409187
padim_r18,zipper,1,full,test,fabric_interior,test/fabric_interior/000.png,15.437376
padim_r18,zipper,1,full,test,fabric_interior,test/fabric_interior/001.png,10.480435
padim_r18,zipper,1,full,test,fabric_interior,test/fabric_interior/002.png,18.387197
padim_r18,zipper,1,full,test,fabric_interior,test/fabric_interior/003.png,13.078802
padim_r18,zipper,1,full,test,fabric_interior,test/fabric_interior/004.png,14.636670
padim_r18,zipper,1,full,test,fabric_interior,test/fabric_interior/005.png,14.501236
padim_r18,zipper,1,full,test,fabric_interior,test/fabric_interior/006.png,13.787736
padim_r18,zipper,1,full,test,fabric_interior,test/fabric_interior/007.png,9.074075
padim_r18,zipper,1,full,test,fabric_interior,test/fabric_interior/008.png,17.270802
padim_r18,zipper,1,full,test,fabric_interior,test/fabric_interior/009.png,12.556320
padim_r18,zipper,1,full,test,fabric_interior,test/fabric_interior/010.png,11.380486
padim_r18,zipper,1,full,test,fabric_interior,test/fabric_interior/011.png,14.085584
padim_r18,zipper,1,full,test,fabric_interior,test/fabric_interior/012.png,11.254518
padim_r18,zipper,1,full,test,fabric_interior,test/fabric_interior/013.png,12.425208
padim_r18,zipper,1,full,test,fabric_interior,test/fabric_interior/014.png,12.656189
padim_r18,zipper,1,full,test,fabric_interior,test/fabric_interior/015.png,13.701542
padim_r18,zipper,1,full,test,good,test/good/000.png,7.839231
padim_r18,zipper,1,full,test,good,test/good/001.png,8.844779
padim_r18,zipper,1,full,test,good,test/good/002.png,11.006483
padim_r18,zipper,1,full,test,good,test/good/003.png,10.452686
padim_r18,zipper,1,full,test,good,test/good/004.png,8.568637
padim_r18,zipper,1,full,test,good,test/good/005.png,7.393388
padim_r18,zipper,1,full,test,good,test/good/006.png,6.536304
padim_r18,zipper,1,full,test,good,test/good/007.png,11.276232
padim_r18,zipper,1,full,test,good,test/good/008.png,9.678051
padim_r18,zipper,1,full,test,good,test/good/009.png,8.796651
padim_r18,zipper,1,full,test,good,test/good/010.png,9.212629
padim_r18,zipper,1,full,test,good,test/good/011.png,8.287194
padim_r18,zipper,1,full,test,good,test/good/012.png,7.874429
padim_r18,zipper,1,full,test,good,test/good/013.png,8.108600
padim_r18,zipper,1,full,test,good,test/good/014.png,11.358895
padim_r18,zipper,1,full,test,good,test/good/015.png,13.091897
padim_r18,zipper,1,full,test,good,test/good/016.png,10.267673
padim_r18,zipper,1,full,test,good,test/good/017.png,12.532592
padim_r18,zipper,1,full,test,good,test/good/018.png,11.799783
padim_r18,zipper,1,full,test,good,test/good/019.png,15.745493
padim_r18,zipper,1,full,test,good,test/good/020.png,13.727392
padim_r18,zipper,1,full,test,good,test/good/021.png,14.270284
padim_r18,zipper,1,full,test,good,test/good/022.png,32.176300
padim_r18,zipper,1,full,test,good,test/good/023.png,10.926064
padim_r18,zipper,1,full,test,good,test/good/024.png,12.837420
padim_r18,zipper,1,full,test,good,test/good/025.png,8.228775
padim_r18,zipper,1,full,test,good,test/good/026.png,9.531472
padim_r18,zipper,1,full,test,good,test/good/027.png,16.848063
padim_r18,zipper,1,full,test,good,test/good/028.png,18.040270
padim_r18,zipper,1,full,test,good,test/good/029.png,14.209879
padim_r18,zipper,1,full,test,good,test/good/030.png,6.235914
padim_r18,zipper,1,full,test,good,test/good/031.png,7.239004
padim_r18,zipper,1,full,test,rough,test/rough/000.png,14.385074
padim_r18,zipper,1,full,test,rough,test/rough/001.png,23.896858
padim_r18,zipper,1,full,test,rough,test/rough/002.png,15.126638
padim_r18,zipper,1,full,test,rough,test/rough/003.png,20.290695
padim_r18,zipper,1,full,test,rough,test/rough/004.png,17.961842
padim_r18,zipper,1,full,test,rough,test/rough/005.png,16.237843
padim_r18,zipper,1,full,test,rough,test/rough/006.png,13.258706
padim_r18,zipper,1,full,test,rough,test/rough/007.png,17.152683
padim_r18,zipper,1,full,test,rough,test/rough/008.png,13.013263
padim_r18,zipper,1,full,test,rough,test/rough/009.png,19.564150
padim_r18,zipper,1,full,test,rough,test/rough/010.png,17.829226
padim_r18,zipper,1,full,test,rough,test/rough/011.png,17.159239
padim_r18,zipper,1,full,test,rough,test/rough/012.png,15.401464
padim_r18,zipper,1,full,test,rough,test/rough/013.png,19.612837
padim_r18,zipper,1,full,test,rough,test/rough/014.png,17.196520
padim_r18,zipper,1,full,test,rough,test/rough/015.png,18.123339
padim_r18,zipper,1,full,test,rough,test/rough/016.png,18.343046
padim_r18,zipper,1,full,test,split_teeth,test/split_teeth/000.png,11.241756
padim_r18,zipper,1,full,test,split_teeth,test/split_teeth/001.png,12.958012
padim_r18,zipper,1,full,test,split_teeth,test/split_teeth/002.png,13.922767
padim_r18,zipper,1,full,test,split_teeth,test/split_teeth/003.png,22.345093
padim_r18,zipper,1,full,test,split_teeth,test/split_teeth/004.png,17.260605
padim_r18,zipper,1,full,test,split_teeth,test/split_teeth/005.png,11.924935
padim_r18,zipper,1,full,test,split_teeth,test/split_teeth/006.png,12.803680
padim_r18,zipper,1,full,test,split_teeth,test/split_teeth/007.png,11.420929
padim_r18,zipper,1,full,test,split_teeth,test/split_teeth/008.png,11.744187
padim_r18,zipper,1,full,test,split_teeth,test/split_teeth/009.png,13.364159
padim_r18,zipper,1,full,test,split_teeth,test/split_teeth/010.png,17.688299
padim_r18,zipper,1,full,test,split_teeth,test/split_teeth/011.png,14.924339
padim_r18,zipper,1,full,test,split_teeth,test/split_teeth/012.png,16.571751
padim_r18,zipper,1,full,test,split_teeth,test/split_teeth/013.png,12.808508
padim_r18,zipper,1,full,test,split_teeth,test/split_teeth/014.png,15.902682
padim_r18,zipper,1,full,test,split_teeth,test/split_teeth/015.png,16.562014
padim_r18,zipper,1,full,test,split_teeth,test/split_teeth/016.png,15.923778
padim_r18,zipper,1,full,test,split_teeth,test/split_teeth/017.png,17.166241
padim_r18,zipper,1,full,test,squeezed_teeth,test/squeezed_teeth/000.png,13.024388
padim_r18,zipper,1,full,test,squeezed_teeth,test/squeezed_teeth/001.png,15.388279
padim_r18,zipper,1,full,test,squeezed_teeth,test/squeezed_teeth/002.png,19.865021
padim_r18,zipper,1,full,test,squeezed_teeth,test/squeezed_teeth/003.png,18.086710
padim_r18,zipper,1,full,test,squeezed_teeth,test/squeezed_teeth/004.png,19.372190
padim_r18,zipper,1,full,test,squeezed_teeth,test/squeezed_teeth/005.png,15.548368
padim_r18,zipper,1,full,test,squeezed_teeth,test/squeezed_teeth/006.png,13.231655
padim_r18,zipper,1,full,test,squeezed_teeth,test/squeezed_teeth/007.png,14.946935
padim_r18,zipper,1,full,test,squeezed_teeth,test/squeezed_teeth/008.png,12.392571
padim_r18,zipper,1,full,test,squeezed_teeth,test/squeezed_teeth/009.png,19.313011
padim_r18,zipper,1,full,test,squeezed_teeth,test/squeezed_teeth/010.png,16.489901
padim_r18,zipper,1,full,test,squeezed_teeth,test/squeezed_teeth/011.png,17.848303
padim_r18,zipper,1,full,test,squeezed_teeth,test/squeezed_teeth/012.png,12.685405
padim_r18,zipper,1,full,test,squeezed_teeth,test/squeezed_teeth/013.png,11.429417
padim_r18,zipper,1,full,test,squeezed_teeth,test/squeezed_teeth/014.png,16.393465
padim_r18,zipper,1,full,test,squeezed_teeth,test/squeezed_teeth/015.png,17.568123
padim_r18,zipper,1,gate,calibration,good,train/good/001.png,14.475110
padim_r18,zipper,1,gate,calibration,good,train/good/005.png,11.627335
padim_r18,zipper,1,gate,calibration,good,train/good/007.png,6.680411
padim_r18,zipper,1,gate,calibration,good,train/good/008.png,7.641710
padim_r18,zipper,1,gate,calibration,good,train/good/013.png,13.091972
padim_r18,zipper,1,gate,calibration,good,train/good/014.png,14.095351
padim_r18,zipper,1,gate,calibration,good,train/good/019.png,8.841440
padim_r18,zipper,1,gate,calibration,good,train/good/020.png,11.301055
padim_r18,zipper,1,gate,calibration,good,train/good/021.png,10.933808
padim_r18,zipper,1,gate,calibration,good,train/good/022.png,12.238087
padim_r18,zipper,1,gate,calibration,good,train/good/023.png,5.945842
padim_r18,zipper,1,gate,calibration,good,train/good/024.png,10.412431
padim_r18,zipper,1,gate,calibration,good,train/good/029.png,9.112358
padim_r18,zipper,1,gate,calibration,good,train/good/031.png,6.944793
padim_r18,zipper,1,gate,calibration,good,train/good/043.png,6.824529
padim_r18,zipper,1,gate,calibration,good,train/good/052.png,6.276511
padim_r18,zipper,1,gate,calibration,good,train/good/059.png,7.072239
padim_r18,zipper,1,gate,calibration,good,train/good/063.png,15.462336
padim_r18,zipper,1,gate,calibration,good,train/good/070.png,8.618871
padim_r18,zipper,1,gate,calibration,good,train/good/078.png,7.049219
padim_r18,zipper,1,gate,calibration,good,train/good/086.png,8.065726
padim_r18,zipper,1,gate,calibration,good,train/good/088.png,8.361998
padim_r18,zipper,1,gate,calibration,good,train/good/099.png,6.505721
padim_r18,zipper,1,gate,calibration,good,train/good/105.png,5.987219
padim_r18,zipper,1,gate,calibration,good,train/good/108.png,8.865093
padim_r18,zipper,1,gate,calibration,good,train/good/111.png,6.361856
padim_r18,zipper,1,gate,calibration,good,train/good/113.png,6.512792
padim_r18,zipper,1,gate,calibration,good,train/good/124.png,6.292593
padim_r18,zipper,1,gate,calibration,good,train/good/125.png,8.225647
padim_r18,zipper,1,gate,calibration,good,train/good/130.png,10.499885
padim_r18,zipper,1,gate,calibration,good,train/good/134.png,15.317947
padim_r18,zipper,1,gate,calibration,good,train/good/140.png,15.480347
padim_r18,zipper,1,gate,calibration,good,train/good/143.png,10.172861
padim_r18,zipper,1,gate,calibration,good,train/good/156.png,9.822059
padim_r18,zipper,1,gate,calibration,good,train/good/157.png,7.582779
padim_r18,zipper,1,gate,calibration,good,train/good/166.png,9.508695
padim_r18,zipper,1,gate,calibration,good,train/good/171.png,16.496180
padim_r18,zipper,1,gate,calibration,good,train/good/173.png,11.790664
padim_r18,zipper,1,gate,calibration,good,train/good/177.png,11.234601
padim_r18,zipper,1,gate,calibration,good,train/good/182.png,11.700094
padim_r18,zipper,1,gate,calibration,good,train/good/190.png,8.560200
padim_r18,zipper,1,gate,calibration,good,train/good/191.png,7.138195
padim_r18,zipper,1,gate,calibration,good,train/good/204.png,7.673316
padim_r18,zipper,1,gate,calibration,good,train/good/211.png,8.602217
padim_r18,zipper,1,gate,calibration,good,train/good/213.png,6.679978
padim_r18,zipper,1,gate,calibration,good,train/good/219.png,6.589616
padim_r18,zipper,1,gate,calibration,good,train/good/222.png,8.247126
padim_r18,zipper,1,gate,calibration,good,train/good/237.png,7.339273
padim_r18,zipper,1,gate,test,broken_teeth,test/broken_teeth/000.png,14.377573
padim_r18,zipper,1,gate,test,broken_teeth,test/broken_teeth/001.png,23.062922
padim_r18,zipper,1,gate,test,broken_teeth,test/broken_teeth/002.png,9.873750
padim_r18,zipper,1,gate,test,broken_teeth,test/broken_teeth/003.png,17.854097
padim_r18,zipper,1,gate,test,broken_teeth,test/broken_teeth/004.png,16.330931
padim_r18,zipper,1,gate,test,broken_teeth,test/broken_teeth/005.png,15.626983
padim_r18,zipper,1,gate,test,broken_teeth,test/broken_teeth/006.png,16.604412
padim_r18,zipper,1,gate,test,broken_teeth,test/broken_teeth/007.png,21.412060
padim_r18,zipper,1,gate,test,broken_teeth,test/broken_teeth/008.png,13.162903
padim_r18,zipper,1,gate,test,broken_teeth,test/broken_teeth/009.png,12.185431
padim_r18,zipper,1,gate,test,broken_teeth,test/broken_teeth/010.png,17.714310
padim_r18,zipper,1,gate,test,broken_teeth,test/broken_teeth/011.png,20.271801
padim_r18,zipper,1,gate,test,broken_teeth,test/broken_teeth/012.png,14.462274
padim_r18,zipper,1,gate,test,broken_teeth,test/broken_teeth/013.png,22.763733
padim_r18,zipper,1,gate,test,broken_teeth,test/broken_teeth/014.png,14.761953
padim_r18,zipper,1,gate,test,broken_teeth,test/broken_teeth/015.png,12.733681
padim_r18,zipper,1,gate,test,broken_teeth,test/broken_teeth/016.png,13.805076
padim_r18,zipper,1,gate,test,broken_teeth,test/broken_teeth/017.png,22.352480
padim_r18,zipper,1,gate,test,broken_teeth,test/broken_teeth/018.png,29.215508
padim_r18,zipper,1,gate,test,combined,test/combined/000.png,21.936773
padim_r18,zipper,1,gate,test,combined,test/combined/001.png,13.644258
padim_r18,zipper,1,gate,test,combined,test/combined/002.png,12.728753
padim_r18,zipper,1,gate,test,combined,test/combined/003.png,29.756596
padim_r18,zipper,1,gate,test,combined,test/combined/004.png,17.602196
padim_r18,zipper,1,gate,test,combined,test/combined/005.png,26.832949
padim_r18,zipper,1,gate,test,combined,test/combined/006.png,39.760605
padim_r18,zipper,1,gate,test,combined,test/combined/007.png,17.141502
padim_r18,zipper,1,gate,test,combined,test/combined/008.png,14.551716
padim_r18,zipper,1,gate,test,combined,test/combined/009.png,19.471594
padim_r18,zipper,1,gate,test,combined,test/combined/010.png,30.721813
padim_r18,zipper,1,gate,test,combined,test/combined/011.png,24.876270
padim_r18,zipper,1,gate,test,combined,test/combined/012.png,14.851765
padim_r18,zipper,1,gate,test,combined,test/combined/013.png,23.433372
padim_r18,zipper,1,gate,test,combined,test/combined/014.png,13.643565
padim_r18,zipper,1,gate,test,combined,test/combined/015.png,46.460514
padim_r18,zipper,1,gate,test,fabric_border,test/fabric_border/000.png,28.672190
padim_r18,zipper,1,gate,test,fabric_border,test/fabric_border/001.png,37.008797
padim_r18,zipper,1,gate,test,fabric_border,test/fabric_border/002.png,20.644989
padim_r18,zipper,1,gate,test,fabric_border,test/fabric_border/003.png,42.795506
padim_r18,zipper,1,gate,test,fabric_border,test/fabric_border/004.png,39.048264
padim_r18,zipper,1,gate,test,fabric_border,test/fabric_border/005.png,44.294144
padim_r18,zipper,1,gate,test,fabric_border,test/fabric_border/006.png,28.365841
padim_r18,zipper,1,gate,test,fabric_border,test/fabric_border/007.png,29.917727
padim_r18,zipper,1,gate,test,fabric_border,test/fabric_border/008.png,21.398130
padim_r18,zipper,1,gate,test,fabric_border,test/fabric_border/009.png,35.602749
padim_r18,zipper,1,gate,test,fabric_border,test/fabric_border/010.png,36.053692
padim_r18,zipper,1,gate,test,fabric_border,test/fabric_border/011.png,29.705229
padim_r18,zipper,1,gate,test,fabric_border,test/fabric_border/012.png,22.159113
padim_r18,zipper,1,gate,test,fabric_border,test/fabric_border/013.png,31.878893
padim_r18,zipper,1,gate,test,fabric_border,test/fabric_border/014.png,24.240055
padim_r18,zipper,1,gate,test,fabric_border,test/fabric_border/015.png,25.684151
padim_r18,zipper,1,gate,test,fabric_border,test/fabric_border/016.png,36.321308
padim_r18,zipper,1,gate,test,fabric_interior,test/fabric_interior/000.png,15.539370
padim_r18,zipper,1,gate,test,fabric_interior,test/fabric_interior/001.png,10.502162
padim_r18,zipper,1,gate,test,fabric_interior,test/fabric_interior/002.png,18.341082
padim_r18,zipper,1,gate,test,fabric_interior,test/fabric_interior/003.png,12.987400
padim_r18,zipper,1,gate,test,fabric_interior,test/fabric_interior/004.png,14.557991
padim_r18,zipper,1,gate,test,fabric_interior,test/fabric_interior/005.png,14.500220
padim_r18,zipper,1,gate,test,fabric_interior,test/fabric_interior/006.png,13.750616
padim_r18,zipper,1,gate,test,fabric_interior,test/fabric_interior/007.png,9.070286
padim_r18,zipper,1,gate,test,fabric_interior,test/fabric_interior/008.png,17.625231
padim_r18,zipper,1,gate,test,fabric_interior,test/fabric_interior/009.png,12.625088
padim_r18,zipper,1,gate,test,fabric_interior,test/fabric_interior/010.png,11.494211
padim_r18,zipper,1,gate,test,fabric_interior,test/fabric_interior/011.png,14.128771
padim_r18,zipper,1,gate,test,fabric_interior,test/fabric_interior/012.png,11.265037
padim_r18,zipper,1,gate,test,fabric_interior,test/fabric_interior/013.png,12.511726
padim_r18,zipper,1,gate,test,fabric_interior,test/fabric_interior/014.png,12.794848
padim_r18,zipper,1,gate,test,fabric_interior,test/fabric_interior/015.png,13.882712
padim_r18,zipper,1,gate,test,good,test/good/000.png,7.760210
padim_r18,zipper,1,gate,test,good,test/good/001.png,8.956221
padim_r18,zipper,1,gate,test,good,test/good/002.png,11.025858
padim_r18,zipper,1,gate,test,good,test/good/003.png,10.422156
padim_r18,zipper,1,gate,test,good,test/good/004.png,8.614365
padim_r18,zipper,1,gate,test,good,test/good/005.png,7.436608
padim_r18,zipper,1,gate,test,good,test/good/006.png,6.593955
padim_r18,zipper,1,gate,test,good,test/good/007.png,11.109468
padim_r18,zipper,1,gate,test,good,test/good/008.png,9.790167
padim_r18,zipper,1,gate,test,good,test/good/009.png,9.272367
padim_r18,zipper,1,gate,test,good,test/good/010.png,9.415555
padim_r18,zipper,1,gate,test,good,test/good/011.png,8.350909
padim_r18,zipper,1,gate,test,good,test/good/012.png,7.884818
padim_r18,zipper,1,gate,test,good,test/good/013.png,8.150122
padim_r18,zipper,1,gate,test,good,test/good/014.png,11.686266
padim_r18,zipper,1,gate,test,good,test/good/015.png,12.998352
padim_r18,zipper,1,gate,test,good,test/good/016.png,10.174763
padim_r18,zipper,1,gate,test,good,test/good/017.png,12.814855
padim_r18,zipper,1,gate,test,good,test/good/018.png,11.792097
padim_r18,zipper,1,gate,test,good,test/good/019.png,15.811678
padim_r18,zipper,1,gate,test,good,test/good/020.png,14.055571
padim_r18,zipper,1,gate,test,good,test/good/021.png,14.375127
padim_r18,zipper,1,gate,test,good,test/good/022.png,32.169025
padim_r18,zipper,1,gate,test,good,test/good/023.png,10.984386
padim_r18,zipper,1,gate,test,good,test/good/024.png,13.126743
padim_r18,zipper,1,gate,test,good,test/good/025.png,8.223018
padim_r18,zipper,1,gate,test,good,test/good/026.png,9.683268
padim_r18,zipper,1,gate,test,good,test/good/027.png,16.920404
padim_r18,zipper,1,gate,test,good,test/good/028.png,18.047195
padim_r18,zipper,1,gate,test,good,test/good/029.png,14.165284
padim_r18,zipper,1,gate,test,good,test/good/030.png,6.304541
padim_r18,zipper,1,gate,test,good,test/good/031.png,7.167463
padim_r18,zipper,1,gate,test,rough,test/rough/000.png,14.516990
padim_r18,zipper,1,gate,test,rough,test/rough/001.png,24.022663
padim_r18,zipper,1,gate,test,rough,test/rough/002.png,15.101425
padim_r18,zipper,1,gate,test,rough,test/rough/003.png,20.402496
padim_r18,zipper,1,gate,test,rough,test/rough/004.png,17.961239
padim_r18,zipper,1,gate,test,rough,test/rough/005.png,16.314522
padim_r18,zipper,1,gate,test,rough,test/rough/006.png,13.343548
padim_r18,zipper,1,gate,test,rough,test/rough/007.png,17.208101
padim_r18,zipper,1,gate,test,rough,test/rough/008.png,13.023269
padim_r18,zipper,1,gate,test,rough,test/rough/009.png,19.771551
padim_r18,zipper,1,gate,test,rough,test/rough/010.png,17.872564
padim_r18,zipper,1,gate,test,rough,test/rough/011.png,17.217306
padim_r18,zipper,1,gate,test,rough,test/rough/012.png,15.363157
padim_r18,zipper,1,gate,test,rough,test/rough/013.png,19.683485
padim_r18,zipper,1,gate,test,rough,test/rough/014.png,17.204111
padim_r18,zipper,1,gate,test,rough,test/rough/015.png,18.206360
padim_r18,zipper,1,gate,test,rough,test/rough/016.png,18.353827
padim_r18,zipper,1,gate,test,split_teeth,test/split_teeth/000.png,11.334538
padim_r18,zipper,1,gate,test,split_teeth,test/split_teeth/001.png,13.010290
padim_r18,zipper,1,gate,test,split_teeth,test/split_teeth/002.png,13.920323
padim_r18,zipper,1,gate,test,split_teeth,test/split_teeth/003.png,22.200630
padim_r18,zipper,1,gate,test,split_teeth,test/split_teeth/004.png,17.267548
padim_r18,zipper,1,gate,test,split_teeth,test/split_teeth/005.png,11.825012
padim_r18,zipper,1,gate,test,split_teeth,test/split_teeth/006.png,12.915882
padim_r18,zipper,1,gate,test,split_teeth,test/split_teeth/007.png,11.457899
padim_r18,zipper,1,gate,test,split_teeth,test/split_teeth/008.png,11.867928
padim_r18,zipper,1,gate,test,split_teeth,test/split_teeth/009.png,13.371028
padim_r18,zipper,1,gate,test,split_teeth,test/split_teeth/010.png,18.128546
padim_r18,zipper,1,gate,test,split_teeth,test/split_teeth/011.png,14.882580
padim_r18,zipper,1,gate,test,split_teeth,test/split_teeth/012.png,16.517914
padim_r18,zipper,1,gate,test,split_teeth,test/split_teeth/013.png,12.847629
padim_r18,zipper,1,gate,test,split_teeth,test/split_teeth/014.png,15.938068
padim_r18,zipper,1,gate,test,split_teeth,test/split_teeth/015.png,16.683636
padim_r18,zipper,1,gate,test,split_teeth,test/split_teeth/016.png,15.988311
padim_r18,zipper,1,gate,test,split_teeth,test/split_teeth/017.png,17.380568
padim_r18,zipper,1,gate,test,squeezed_teeth,test/squeezed_teeth/000.png,13.063478
padim_r18,zipper,1,gate,test,squeezed_teeth,test/squeezed_teeth/001.png,15.463883
padim_r18,zipper,1,gate,test,squeezed_teeth,test/squeezed_teeth/002.png,20.039909
padim_r18,zipper,1,gate,test,squeezed_teeth,test/squeezed_teeth/003.png,18.036074
padim_r18,zipper,1,gate,test,squeezed_teeth,test/squeezed_teeth/004.png,19.391247
padim_r18,zipper,1,gate,test,squeezed_teeth,test/squeezed_teeth/005.png,15.690384
padim_r18,zipper,1,gate,test,squeezed_teeth,test/squeezed_teeth/006.png,13.165746
padim_r18,zipper,1,gate,test,squeezed_teeth,test/squeezed_teeth/007.png,14.927698
padim_r18,zipper,1,gate,test,squeezed_teeth,test/squeezed_teeth/008.png,12.417234
padim_r18,zipper,1,gate,test,squeezed_teeth,test/squeezed_teeth/009.png,19.585770
padim_r18,zipper,1,gate,test,squeezed_teeth,test/squeezed_teeth/010.png,16.628313
padim_r18,zipper,1,gate,test,squeezed_teeth,test/squeezed_teeth/011.png,17.846193
padim_r18,zipper,1,gate,test,squeezed_teeth,test/squeezed_teeth/012.png,12.670460
padim_r18,zipper,1,gate,test,squeezed_teeth,test/squeezed_teeth/013.png,11.470974
padim_r18,zipper,1,gate,test,squeezed_teeth,test/squeezed_teeth/014.png,16.517426
padim_r18,zipper,1,gate,test,squeezed_teeth,test/squeezed_teeth/015.png,17.467371
padim_r18,zipper,2,full,test,broken_teeth,test/broken_teeth/000.png,12.501617
padim_r18,zipper,2,full,test,broken_teeth,test/broken_teeth/001.png,19.326618
padim_r18,zipper,2,full,test,broken_teeth,test/broken_teeth/002.png,11.245486
padim_r18,zipper,2,full,test,broken_teeth,test/broken_teeth/003.png,17.186636
padim_r18,zipper,2,full,test,broken_teeth,test/broken_teeth/004.png,13.733763
padim_r18,zipper,2,full,test,broken_teeth,test/broken_teeth/005.png,14.482325
padim_r18,zipper,2,full,test,broken_teeth,test/broken_teeth/006.png,15.906979
padim_r18,zipper,2,full,test,broken_teeth,test/broken_teeth/007.png,21.023731
padim_r18,zipper,2,full,test,broken_teeth,test/broken_teeth/008.png,13.297247
padim_r18,zipper,2,full,test,broken_teeth,test/broken_teeth/009.png,11.096707
padim_r18,zipper,2,full,test,broken_teeth,test/broken_teeth/010.png,16.047119
padim_r18,zipper,2,full,test,broken_teeth,test/broken_teeth/011.png,15.596580
padim_r18,zipper,2,full,test,broken_teeth,test/broken_teeth/012.png,13.915109
padim_r18,zipper,2,full,test,broken_teeth,test/broken_teeth/013.png,18.760328
padim_r18,zipper,2,full,test,broken_teeth,test/broken_teeth/014.png,13.831884
padim_r18,zipper,2,full,test,broken_teeth,test/broken_teeth/015.png,14.141497
padim_r18,zipper,2,full,test,broken_teeth,test/broken_teeth/016.png,12.033689
padim_r18,zipper,2,full,test,broken_teeth,test/broken_teeth/017.png,18.468466
padim_r18,zipper,2,full,test,broken_teeth,test/broken_teeth/018.png,16.837143
padim_r18,zipper,2,full,test,combined,test/combined/000.png,20.570673
padim_r18,zipper,2,full,test,combined,test/combined/001.png,12.112913
padim_r18,zipper,2,full,test,combined,test/combined/002.png,11.589438
padim_r18,zipper,2,full,test,combined,test/combined/003.png,34.027962
padim_r18,zipper,2,full,test,combined,test/combined/004.png,18.460466
padim_r18,zipper,2,full,test,combined,test/combined/005.png,22.246611
padim_r18,zipper,2,full,test,combined,test/combined/006.png,48.309143
padim_r18,zipper,2,full,test,combined,test/combined/007.png,13.229039
padim_r18,zipper,2,full,test,combined,test/combined/008.png,13.570356
padim_r18,zipper,2,full,test,combined,test/combined/009.png,16.603258
padim_r18,zipper,2,full,test,combined,test/combined/010.png,27.519459
padim_r18,zipper,2,full,test,combined,test/combined/011.png,31.854742
padim_r18,zipper,2,full,test,combined,test/combined/012.png,14.105574
padim_r18,zipper,2,full,test,combined,test/combined/013.png,22.198587
padim_r18,zipper,2,full,test,combined,test/combined/014.png,13.578449
padim_r18,zipper,2,full,test,combined,test/combined/015.png,38.789562
padim_r18,zipper,2,full,test,fabric_border,test/fabric_border/000.png,31.099642
padim_r18,zipper,2,full,test,fabric_border,test/fabric_border/001.png,37.242916
padim_r18,zipper,2,full,test,fabric_border,test/fabric_border/002.png,20.035543
padim_r18,zipper,2,full,test,fabric_border,test/fabric_border/003.png,35.519970
padim_r18,zipper,2,full,test,fabric_border,test/fabric_border/004.png,31.624790
padim_r18,zipper,2,full,test,fabric_border,test/fabric_border/005.png,59.768761
padim_r18,zipper,2,full,test,fabric_border,test/fabric_border/006.png,29.805330
padim_r18,zipper,2,full,test,fabric_border,test/fabric_border/007.png,32.681717
padim_r18,zipper,2,full,test,fabric_border,test/fabric_border/008.png,21.015730
padim_r18,zipper,2,full,test,fabric_border,test/fabric_border/009.png,31.892286
padim_r18,zipper,2,full,test,fabric_border,test/fabric_border/010.png,46.116611
padim_r18,zipper,2,full,test,fabric_border,test/fabric_border/011.png,24.221241
padim_r18,zipper,2,full,test,fabric_border,test/fabric_border/012.png,19.998375
padim_r18,zipper,2,full,test,fabric_border,test/fabric_border/013.png,30.224352
padim_r18,zipper,2,full,test,fabric_border,test/fabric_border/014.png,20.158205
padim_r18,zipper,2,full,test,fabric_border,test/fabric_border/015.png,24.287249
padim_r18,zipper,2,full,test,fabric_border,test/fabric_border/016.png,38.026115
padim_r18,zipper,2,full,test,fabric_interior,test/fabric_interior/000.png,13.501921
padim_r18,zipper,2,full,test,fabric_interior,test/fabric_interior/001.png,10.689610
padim_r18,zipper,2,full,test,fabric_interior,test/fabric_interior/002.png,15.061007
padim_r18,zipper,2,full,test,fabric_interior,test/fabric_interior/003.png,12.122685
padim_r18,zipper,2,full,test,fabric_interior,test/fabric_interior/004.png,13.799884
padim_r18,zipper,2,full,test,fabric_interior,test/fabric_interior/005.png,15.149125
padim_r18,zipper,2,full,test,fabric_interior,test/fabric_interior/006.png,12.937976
padim_r18,zipper,2,full,test,fabric_interior,test/fabric_interior/007.png,8.852416
padim_r18,zipper,2,full,test,fabric_interior,test/fabric_interior/008.png,15.197921
padim_r18,zipper,2,full,test,fabric_interior,test/fabric_interior/009.png,11.793259
padim_r18,zipper,2,full,test,fabric_interior,test/fabric_interior/010.png,11.273196
padim_r18,zipper,2,full,test,fabric_interior,test/fabric_interior/011.png,12.112321
padim_r18,zipper,2,full,test,fabric_interior,test/fabric_interior/012.png,9.397315
padim_r18,zipper,2,full,test,fabric_interior,test/fabric_interior/013.png,10.566762
padim_r18,zipper,2,full,test,fabric_interior,test/fabric_interior/014.png,11.411659
padim_r18,zipper,2,full,test,fabric_interior,test/fabric_interior/015.png,12.486660
padim_r18,zipper,2,full,test,good,test/good/000.png,7.611061
padim_r18,zipper,2,full,test,good,test/good/001.png,8.163941
padim_r18,zipper,2,full,test,good,test/good/002.png,11.021315
padim_r18,zipper,2,full,test,good,test/good/003.png,9.957091
padim_r18,zipper,2,full,test,good,test/good/004.png,9.924365
padim_r18,zipper,2,full,test,good,test/good/005.png,8.052911
padim_r18,zipper,2,full,test,good,test/good/006.png,6.665937
padim_r18,zipper,2,full,test,good,test/good/007.png,10.202144
padim_r18,zipper,2,full,test,good,test/good/008.png,9.246812
padim_r18,zipper,2,full,test,good,test/good/009.png,8.152051
padim_r18,zipper,2,full,test,good,test/good/010.png,7.966856
padim_r18,zipper,2,full,test,good,test/good/011.png,7.906888
padim_r18,zipper,2,full,test,good,test/good/012.png,7.616796
padim_r18,zipper,2,full,test,good,test/good/013.png,8.183034
padim_r18,zipper,2,full,test,good,test/good/014.png,10.690800
padim_r18,zipper,2,full,test,good,test/good/015.png,10.140426
padim_r18,zipper,2,full,test,good,test/good/016.png,8.255219
padim_r18,zipper,2,full,test,good,test/good/017.png,9.913072
padim_r18,zipper,2,full,test,good,test/good/018.png,9.672918
padim_r18,zipper,2,full,test,good,test/good/019.png,13.202785
padim_r18,zipper,2,full,test,good,test/good/020.png,10.597466
padim_r18,zipper,2,full,test,good,test/good/021.png,14.939973
padim_r18,zipper,2,full,test,good,test/good/022.png,30.076124
padim_r18,zipper,2,full,test,good,test/good/023.png,9.306645
padim_r18,zipper,2,full,test,good,test/good/024.png,11.028808
padim_r18,zipper,2,full,test,good,test/good/025.png,8.422587
padim_r18,zipper,2,full,test,good,test/good/026.png,8.560690
padim_r18,zipper,2,full,test,good,test/good/027.png,15.564666
padim_r18,zipper,2,full,test,good,test/good/028.png,14.267969
padim_r18,zipper,2,full,test,good,test/good/029.png,12.238447
padim_r18,zipper,2,full,test,good,test/good/030.png,6.009993
padim_r18,zipper,2,full,test,good,test/good/031.png,6.803048
padim_r18,zipper,2,full,test,rough,test/rough/000.png,14.264419
padim_r18,zipper,2,full,test,rough,test/rough/001.png,18.296549
padim_r18,zipper,2,full,test,rough,test/rough/002.png,14.690405
padim_r18,zipper,2,full,test,rough,test/rough/003.png,19.145515
padim_r18,zipper,2,full,test,rough,test/rough/004.png,16.433342
padim_r18,zipper,2,full,test,rough,test/rough/005.png,13.307162
padim_r18,zipper,2,full,test,rough,test/rough/006.png,14.257751
padim_r18,zipper,2,full,test,rough,test/rough/007.png,16.892801
padim_r18,zipper,2,full,test,rough,test/rough/008.png,14.120607
padim_r18,zipper,2,full,test,rough,test/rough/009.png,18.672396
padim_r18,zipper,2,full,test,rough,test/rough/010.png,16.468727
padim_r18,zipper,2,full,test,rough,test/rough/011.png,17.148754
padim_r18,zipper,2,full,test,rough,test/rough/012.png,14.562831
padim_r18,zipper,2,full,test,rough,test/rough/013.png,19.155327
padim_r18,zipper,2,full,test,rough,test/rough/014.png,16.403614
padim_r18,zipper,2,full,test,rough,test/rough/015.png,16.893032
padim_r18,zipper,2,full,test,rough,test/rough/016.png,16.520061
padim_r18,zipper,2,full,test,split_teeth,test/split_teeth/000.png,11.312530
padim_r18,zipper,2,full,test,split_teeth,test/split_teeth/001.png,14.024829
padim_r18,zipper,2,full,test,split_teeth,test/split_teeth/002.png,14.684491
padim_r18,zipper,2,full,test,split_teeth,test/split_teeth/003.png,23.185200
padim_r18,zipper,2,full,test,split_teeth,test/split_teeth/004.png,17.820478
padim_r18,zipper,2,full,test,split_teeth,test/split_teeth/005.png,12.725150
padim_r18,zipper,2,full,test,split_teeth,test/split_teeth/006.png,13.781235
padim_r18,zipper,2,full,test,split_teeth,test/split_teeth/007.png,12.582770
padim_r18,zipper,2,full,test,split_teeth,test/split_teeth/008.png,11.737207
padim_r18,zipper,2,full,test,split_teeth,test/split_teeth/009.png,12.667091
padim_r18,zipper,2,full,test,split_teeth,test/split_teeth/010.png,15.157868
padim_r18,zipper,2,full,test,split_teeth,test/split_teeth/011.png,16.389938
padim_r18,zipper,2,full,test,split_teeth,test/split_teeth/012.png,17.812275
padim_r18,zipper,2,full,test,split_teeth,test/split_teeth/013.png,14.012653
padim_r18,zipper,2,full,test,split_teeth,test/split_teeth/014.png,16.463194
padim_r18,zipper,2,full,test,split_teeth,test/split_teeth/015.png,17.713438
padim_r18,zipper,2,full,test,split_teeth,test/split_teeth/016.png,15.140892
padim_r18,zipper,2,full,test,split_teeth,test/split_teeth/017.png,16.947577
padim_r18,zipper,2,full,test,squeezed_teeth,test/squeezed_teeth/000.png,13.282539
padim_r18,zipper,2,full,test,squeezed_teeth,test/squeezed_teeth/001.png,16.345619
padim_r18,zipper,2,full,test,squeezed_teeth,test/squeezed_teeth/002.png,18.737778
padim_r18,zipper,2,full,test,squeezed_teeth,test/squeezed_teeth/003.png,16.570753
padim_r18,zipper,2,full,test,squeezed_teeth,test/squeezed_teeth/004.png,14.807555
padim_r18,zipper,2,full,test,squeezed_teeth,test/squeezed_teeth/005.png,12.463928
padim_r18,zipper,2,full,test,squeezed_teeth,test/squeezed_teeth/006.png,11.680009
padim_r18,zipper,2,full,test,squeezed_teeth,test/squeezed_teeth/007.png,14.532805
padim_r18,zipper,2,full,test,squeezed_teeth,test/squeezed_teeth/008.png,12.142346
padim_r18,zipper,2,full,test,squeezed_teeth,test/squeezed_teeth/009.png,14.620157
padim_r18,zipper,2,full,test,squeezed_teeth,test/squeezed_teeth/010.png,15.639913
padim_r18,zipper,2,full,test,squeezed_teeth,test/squeezed_teeth/011.png,15.297399
padim_r18,zipper,2,full,test,squeezed_teeth,test/squeezed_teeth/012.png,12.981720
padim_r18,zipper,2,full,test,squeezed_teeth,test/squeezed_teeth/013.png,11.472883
padim_r18,zipper,2,full,test,squeezed_teeth,test/squeezed_teeth/014.png,15.430449
padim_r18,zipper,2,full,test,squeezed_teeth,test/squeezed_teeth/015.png,18.794685
padim_r18,zipper,2,gate,calibration,good,train/good/011.png,9.960937
padim_r18,zipper,2,gate,calibration,good,train/good/026.png,6.080059
padim_r18,zipper,2,gate,calibration,good,train/good/032.png,7.800414
padim_r18,zipper,2,gate,calibration,good,train/good/039.png,7.128680
padim_r18,zipper,2,gate,calibration,good,train/good/042.png,6.600266
padim_r18,zipper,2,gate,calibration,good,train/good/047.png,7.304963
padim_r18,zipper,2,gate,calibration,good,train/good/048.png,7.710582
padim_r18,zipper,2,gate,calibration,good,train/good/052.png,6.232673
padim_r18,zipper,2,gate,calibration,good,train/good/053.png,6.283426
padim_r18,zipper,2,gate,calibration,good,train/good/059.png,7.862064
padim_r18,zipper,2,gate,calibration,good,train/good/061.png,10.035880
padim_r18,zipper,2,gate,calibration,good,train/good/067.png,13.260756
padim_r18,zipper,2,gate,calibration,good,train/good/069.png,7.830865
padim_r18,zipper,2,gate,calibration,good,train/good/071.png,6.512319
padim_r18,zipper,2,gate,calibration,good,train/good/074.png,7.377624
padim_r18,zipper,2,gate,calibration,good,train/good/078.png,7.162145
padim_r18,zipper,2,gate,calibration,good,train/good/086.png,7.399436
padim_r18,zipper,2,gate,calibration,good,train/good/089.png,7.241282
padim_r18,zipper,2,gate,calibration,good,train/good/107.png,9.190361
padim_r18,zipper,2,gate,calibration,good,train/good/112.png,7.724277
padim_r18,zipper,2,gate,calibration,good,train/good/114.png,6.666715
padim_r18,zipper,2,gate,calibration,good,train/good/115.png,16.234179
padim_r18,zipper,2,gate,calibration,good,train/good/116.png,11.825132
padim_r18,zipper,2,gate,calibration,good,train/good/118.png,10.166100
padim_r18,zipper,2,gate,calibration,good,train/good/120.png,8.250221
padim_r18,zipper,2,gate,calibration,good,train/good/126.png,7.212016
padim_r18,zipper,2,gate,calibration,good,train/good/127.png,7.061664
padim_r18,zipper,2,gate,calibration,good,train/good/131.png,9.367171
padim_r18,zipper,2,gate,calibration,good,train/good/134.png,15.635878
padim_r18,zipper,2,gate,calibration,good,train/good/140.png,13.405464
padim_r18,zipper,2,gate,calibration,good,train/good/147.png,7.647488
padim_r18,zipper,2,gate,calibration,good,train/good/151.png,9.034086
padim_r18,zipper,2,gate,calibration,good,train/good/153.png,8.633002
padim_r18,zipper,2,gate,calibration,good,train/good/162.png,6.922279
padim_r18,zipper,2,gate,calibration,good,train/good/170.png,13.038277
padim_r18,zipper,2,gate,calibration,good,train/good/177.png,11.075570
padim_r18,zipper,2,gate,calibration,good,train/good/184.png,10.667774
padim_r18,zipper,2,gate,calibration,good,train/good/189.png,7.344748
padim_r18,zipper,2,gate,calibration,good,train/good/194.png,8.168309
padim_r18,zipper,2,gate,calibration,good,train/good/198.png,11.130604
padim_r18,zipper,2,gate,calibration,good,train/good/206.png,7.085762
padim_r18,zipper,2,gate,calibration,good,train/good/215.png,7.575957
padim_r18,zipper,2,gate,calibration,good,train/good/217.png,6.971807
padim_r18,zipper,2,gate,calibration,good,train/good/228.png,7.264725
padim_r18,zipper,2,gate,calibration,good,train/good/230.png,12.130765
padim_r18,zipper,2,gate,calibration,good,train/good/232.png,17.270533
padim_r18,zipper,2,gate,calibration,good,train/good/234.png,10.697865
padim_r18,zipper,2,gate,calibration,good,train/good/237.png,7.310030
padim_r18,zipper,2,gate,test,broken_teeth,test/broken_teeth/000.png,12.831553
padim_r18,zipper,2,gate,test,broken_teeth,test/broken_teeth/001.png,19.645325
padim_r18,zipper,2,gate,test,broken_teeth,test/broken_teeth/002.png,11.344419
padim_r18,zipper,2,gate,test,broken_teeth,test/broken_teeth/003.png,17.221663
padim_r18,zipper,2,gate,test,broken_teeth,test/broken_teeth/004.png,13.853810
padim_r18,zipper,2,gate,test,broken_teeth,test/broken_teeth/005.png,14.563392
padim_r18,zipper,2,gate,test,broken_teeth,test/broken_teeth/006.png,15.963968
padim_r18,zipper,2,gate,test,broken_teeth,test/broken_teeth/007.png,21.145477
padim_r18,zipper,2,gate,test,broken_teeth,test/broken_teeth/008.png,13.383592
padim_r18,zipper,2,gate,test,broken_teeth,test/broken_teeth/009.png,11.073220
padim_r18,zipper,2,gate,test,broken_teeth,test/broken_teeth/010.png,16.038279
padim_r18,zipper,2,gate,test,broken_teeth,test/broken_teeth/011.png,15.582418
padim_r18,zipper,2,gate,test,broken_teeth,test/broken_teeth/012.png,14.039908
padim_r18,zipper,2,gate,test,broken_teeth,test/broken_teeth/013.png,18.846184
padim_r18,zipper,2,gate,test,broken_teeth,test/broken_teeth/014.png,13.914264
padim_r18,zipper,2,gate,test,broken_teeth,test/broken_teeth/015.png,14.184763
padim_r18,zipper,2,gate,test,broken_teeth,test/broken_teeth/016.png,12.109048
padim_r18,zipper,2,gate,test,broken_teeth,test/broken_teeth/017.png,18.574203
padim_r18,zipper,2,gate,test,broken_teeth,test/broken_teeth/018.png,16.902874
padim_r18,zipper,2,gate,test,combined,test/combined/000.png,20.627701
padim_r18,zipper,2,gate,test,combined,test/combined/001.png,12.204483
padim_r18,zipper,2,gate,test,combined,test/combined/002.png,11.636078
padim_r18,zipper,2,gate,test,combined,test/combined/003.png,33.831841
padim_r18,zipper,2,gate,test,combined,test/combined/004.png,18.554626
padim_r18,zipper,2,gate,test,combined,test/combined/005.png,22.329334
padim_r18,zipper,2,gate,test,combined,test/combined/006.png,48.233746
padim_r18,zipper,2,gate,test,combined,test/combined/007.png,13.337996
padim_r18,zipper,2,gate,test,combined,test/combined/008.png,13.694889
padim_r18,zipper,2,gate,test,combined,test/combined/009.png,16.647293
padim_r18,zipper,2,gate,test,combined,test/combined/010.png,27.732641
padim_r18,zipper,2,gate,test,combined,test/combined/011.png,32.062469
padim_r18,zipper,2,gate,test,combined,test/combined/012.png,14.222457
padim_r18,zipper,2,gate,test,combined,test/combined/013.png,22.193766
padim_r18,zipper,2,gate,test,combined,test/combined/014.png,13.535666
padim_r18,zipper,2,gate,test,combined,test/combined/015.png,39.113441
padim_r18,zipper,2,gate,test,fabric_border,test/fabric_border/000.png,31.181166
padim_r18,zipper,2,gate,test,fabric_border,test/fabric_border/001.png,37.394459
padim_r18,zipper,2,gate,test,fabric_border,test/fabric_border/002.png,20.046366
padim_r18,zipper,2,gate,test,fabric_border,test/fabric_border/003.png,35.375767
padim_r18,zipper,2,gate,test,fabric_border,test/fabric_border/004.png,31.645613
padim_r18,zipper,2,gate,test,fabric_border,test/fabric_border/005.png,59.776508
padim_r18,zipper,2,gate,test,fabric_border,test/fabric_border/006.png,29.845541
padim_r18,zipper,2,gate,test,fabric_border,test/fabric_border/007.png,32.764782
padim_r18,zipper,2,gate,test,fabric_border,test/fabric_border/008.png,20.763971
padim_r18,zipper,2,gate,test,fabric_border,test/fabric_border/009.png,32.060169
padim_r18,zipper,2,gate,test,fabric_border,test/fabric_border/010.png,46.096066
padim_r18,zipper,2,gate,test,fabric_border,test/fabric_border/011.png,24.179441
padim_r18,zipper,2,gate,test,fabric_border,test/fabric_border/012.png,20.093475
padim_r18,zipper,2,gate,test,fabric_border,test/fabric_border/013.png,30.349615
padim_r18,zipper,2,gate,test,fabric_border,test/fabric_border/014.png,20.423058
padim_r18,zipper,2,gate,test,fabric_border,test/fabric_border/015.png,24.562407
padim_r18,zipper,2,gate,test,fabric_border,test/fabric_border/016.png,38.134914
padim_r18,zipper,2,gate,test,fabric_interior,test/fabric_interior/000.png,13.890428
padim_r18,zipper,2,gate,test,fabric_interior,test/fabric_interior/001.png,10.791183
padim_r18,zipper,2,gate,test,fabric_interior,test/fabric_interior/002.png,15.237546
padim_r18,zipper,2,gate,test,fabric_interior,test/fabric_interior/003.png,12.180869
padim_r18,zipper,2,gate,test,fabric_interior,test/fabric_interior/004.png,13.848600
padim_r18,zipper,2,gate,test,fabric_interior,test/fabric_interior/005.png,15.317171
padim_r18,zipper,2,gate,test,fabric_interior,test/fabric_interior/006.png,13.110971
padim_r18,zipper,2,gate,test,fabric_interior,test/fabric_interior/007.png,8.855619
padim_r18,zipper,2,gate,test,fabric_interior,test/fabric_interior/008.png,15.253675
padim_r18,zipper,2,gate,test,fabric_interior,test/fabric_interior/009.png,12.399173
padim_r18,zipper,2,gate,test,fabric_interior,test/fabric_interior/010.png,11.328366
padim_r18,zipper,2,gate,test,fabric_interior,test/fabric_interior/011.png,12.115588
padim_r18,zipper,2,gate,test,fabric_interior,test/fabric_interior/012.png,9.704258
padim_r18,zipper,2,gate,test,fabric_interior,test/fabric_interior/013.png,10.614510
padim_r18,zipper,2,gate,test,fabric_interior,test/fabric_interior/014.png,11.694323
padim_r18,zipper,2,gate,test,fabric_interior,test/fabric_interior/015.png,12.511609
padim_r18,zipper,2,gate,test,good,test/good/000.png,7.609876
padim_r18,zipper,2,gate,test,good,test/good/001.png,8.324256
padim_r18,zipper,2,gate,test,good,test/good/002.png,10.977783
padim_r18,zipper,2,gate,test,good,test/good/003.png,9.984497
padim_r18,zipper,2,gate,test,good,test/good/004.png,9.863923
padim_r18,zipper,2,gate,test,good,test/good/005.png,8.178960
padim_r18,zipper,2,gate,test,good,test/good/006.png,6.693999
padim_r18,zipper,2,gate,test,good,test/good/007.png,12.910975
padim_r18,zipper,2,gate,test,good,test/good/008.png,9.292265
padim_r18,zipper,2,gate,test,good,test/good/009.png,8.098407
padim_r18,zipper,2,gate,test,good,test/good/010.png,8.038174
padim_r18,zipper,2,gate,test,good,test/good/011.png,8.011995
padim_r18,zipper,2,gate,test,good,test/good/012.png,7.610209
padim_r18,zipper,2,gate,test,good,test/good/013.png,8.182033
padim_r18,zipper,2,gate,test,good,test/good/014.png,10.895496
padim_r18,zipper,2,gate,test,good,test/good/015.png,10.599427
padim_r18,zipper,2,gate,test,good,test/good/016.png,8.390737
padim_r18,zipper,2,gate,test,good,test/good/017.png,10.000658
padim_r18,zipper,2,gate,test,good,test/good/018.png,9.706533
padim_r18,zipper,2,gate,test,good,test/good/019.png,13.231017
padim_r18,zipper,2,gate,test,good,test/good/020.png,10.514467
padim_r18,zipper,2,gate,test,good,test/good/021.png,15.240800
padim_r18,zipper,2,gate,test,good,test/good/022.png,30.113297
padim_r18,zipper,2,gate,test,good,test/good/023.png,9.477758
padim_r18,zipper,2,gate,test,good,test/good/024.png,11.108508
padim_r18,zipper,2,gate,test,good,test/good/025.png,8.330810
padim_r18,zipper,2,gate,test,good,test/good/026.png,8.651349
padim_r18,zipper,2,gate,test,good,test/good/027.png,15.894526
padim_r18,zipper,2,gate,test,good,test/good/028.png,14.451667
padim_r18,zipper,2,gate,test,good,test/good/029.png,12.054852
padim_r18,zipper,2,gate,test,good,test/good/030.png,6.012507
padim_r18,zipper,2,gate,test,good,test/good/031.png,6.819848
padim_r18,zipper,2,gate,test,rough,test/rough/000.png,14.240462
padim_r18,zipper,2,gate,test,rough,test/rough/001.png,18.356995
padim_r18,zipper,2,gate,test,rough,test/rough/002.png,14.813702
padim_r18,zipper,2,gate,test,rough,test/rough/003.png,19.490259
padim_r18,zipper,2,gate,test,rough,test/rough/004.png,16.469517
padim_r18,zipper,2,gate,test,rough,test/rough/005.png,13.348381
padim_r18,zipper,2,gate,test,rough,test/rough/006.png,14.383482
padim_r18,zipper,2,gate,test,rough,test/rough/007.png,17.073446
padim_r18,zipper,2,gate,test,rough,test/rough/008.png,14.183933
padim_r18,zipper,2,gate,test,rough,test/rough/009.png,18.663748
padim_r18,zipper,2,gate,test,rough,test/rough/010.png,16.554739
padim_r18,zipper,2,gate,test,rough,test/rough/011.png,17.150944
padim_r18,zipper,2,gate,test,rough,test/rough/012.png,14.620647
padim_r18,zipper,2,gate,test,rough,test/rough/013.png,19.230885
padim_r18,zipper,2,gate,test,rough,test/rough/014.png,16.661932
padim_r18,zipper,2,gate,test,rough,test/rough/015.png,17.174372
padim_r18,zipper,2,gate,test,rough,test/rough/016.png,16.522442
padim_r18,zipper,2,gate,test,split_teeth,test/split_teeth/000.png,11.428776
padim_r18,zipper,2,gate,test,split_teeth,test/split_teeth/001.png,14.101807
padim_r18,zipper,2,gate,test,split_teeth,test/split_teeth/002.png,14.684706
padim_r18,zipper,2,gate,test,split_teeth,test/split_teeth/003.png,23.114342
padim_r18,zipper,2,gate,test,split_teeth,test/split_teeth/004.png,17.798815
padim_r18,zipper,2,gate,test,split_teeth,test/split_teeth/005.png,12.745099
padim_r18,zipper,2,gate,test,split_teeth,test/split_teeth/006.png,13.922726
padim_r18,zipper,2,gate,test,split_teeth,test/split_teeth/007.png,12.689727
padim_r18,zipper,2,gate,test,split_teeth,test/split_teeth/008.png,11.882939
padim_r18,zipper,2,gate,test,split_teeth,test/split_teeth/009.png,12.759498
padim_r18,zipper,2,gate,test,split_teeth,test/split_teeth/010.png,15.430023
padim_r18,zipper,2,gate,test,split_teeth,test/split_teeth/011.png,16.712025
padim_r18,zipper,2,gate,test,split_teeth,test/split_teeth/012.png,17.875914
padim_r18,zipper,2,gate,test,split_teeth,test/split_teeth/013.png,14.268734
padim_r18,zipper,2,gate,test,split_teeth,test/split_teeth/014.png,16.550884
padim_r18,zipper,2,gate,test,split_teeth,test/split_teeth/015.png,17.605766
padim_r18,zipper,2,gate,test,split_teeth,test/split_teeth/016.png,15.131516
padim_r18,zipper,2,gate,test,split_teeth,test/split_teeth/017.png,17.034412
padim_r18,zipper,2,gate,test,squeezed_teeth,test/squeezed_teeth/000.png,13.326787
padim_r18,zipper,2,gate,test,squeezed_teeth,test/squeezed_teeth/001.png,16.219244
padim_r18,zipper,2,gate,test,squeezed_teeth,test/squeezed_teeth/002.png,18.632759
padim_r18,zipper,2,gate,test,squeezed_teeth,test/squeezed_teeth/003.png,16.686235
padim_r18,zipper,2,gate,test,squeezed_teeth,test/squeezed_teeth/004.png,14.852854
padim_r18,zipper,2,gate,test,squeezed_teeth,test/squeezed_teeth/005.png,12.447694
padim_r18,zipper,2,gate,test,squeezed_teeth,test/squeezed_teeth/006.png,11.691341
padim_r18,zipper,2,gate,test,squeezed_teeth,test/squeezed_teeth/007.png,14.492728
padim_r18,zipper,2,gate,test,squeezed_teeth,test/squeezed_teeth/008.png,12.175948
padim_r18,zipper,2,gate,test,squeezed_teeth,test/squeezed_teeth/009.png,14.751613
padim_r18,zipper,2,gate,test,squeezed_teeth,test/squeezed_teeth/010.png,15.796384
padim_r18,zipper,2,gate,test,squeezed_teeth,test/squeezed_teeth/011.png,15.404860
padim_r18,zipper,2,gate,test,squeezed_teeth,test/squeezed_teeth/012.png,13.165285
padim_r18,zipper,2,gate,test,squeezed_teeth,test/squeezed_teeth/013.png,11.528087
padim_r18,zipper,2,gate,test,squeezed_teeth,test/squeezed_teeth/014.png,15.540359
padim_r18,zipper,2,gate,test,squeezed_teeth,test/squeezed_teeth/015.png,18.668119
