config,category,seed,protocol,role,defect,image,score
patchcore_wr50_1,bottle,0,full,test,broken_large,test/broken_large/000.png,3.432938
patchcore_wr50_1,bottle,0,full,test,broken_large,test/broken_large/001.png,3.407476
patchcore_wr50_1,bottle,0,full,test,broken_large,test/broken_large/002.png,3.401111
patchcore_wr50_1,bottle,0,full,test,broken_large,test/broken_large/003.png,3.609979
patchcore_wr50_1,bottle,0,full,test,broken_large,test/broken_large/004.png,3.791554
patchcore_wr50_1,bottle,0,full,test,broken_large,test/broken_large/005.png,3.323827
patchcore_wr50_1,bottle,0,full,test,broken_large,test/broken_large/006.png,3.618781
patchcore_wr50_1,bottle,0,full,test,broken_large,test/broken_large/007.png,3.277600
patchcore_wr50_1,bottle,0,full,test,broken_large,test/broken_large/008.png,3.519725
patchcore_wr50_1,bottle,0,full,test,broken_large,test/broken_large/009.png,3.288419
patchcore_wr50_1,bottle,0,full,test,broken_large,test/broken_large/010.png,3.522641
patchcore_wr50_1,bottle,0,full,test,broken_large,test/broken_large/011.png,3.011764
patchcore_wr50_1,bottle,0,full,test,broken_large,test/broken_large/012.png,3.704873
patchcore_wr50_1,bottle,0,full,test,broken_large,test/broken_large/013.png,3.193679
patchcore_wr50_1,bottle,0,full,test,broken_large,test/broken_large/014.png,3.424793
patchcore_wr50_1,bottle,0,full,test,broken_large,test/broken_large/015.png,3.511215
patchcore_wr50_1,bottle,0,full,test,broken_large,test/broken_large/016.png,3.287467
patchcore_wr50_1,bottle,0,full,test,broken_large,test/broken_large/017.png,3.685643
patchcore_wr50_1,bottle,0,full,test,broken_large,test/broken_large/018.png,3.421179
patchcore_wr50_1,bottle,0,full,test,broken_large,test/broken_large/019.png,3.276235
patchcore_wr50_1,bottle,0,full,test,broken_small,test/broken_small/000.png,2.666287
patchcore_wr50_1,bottle,0,full,test,broken_small,test/broken_small/001.png,3.413949
patchcore_wr50_1,bottle,0,full,test,broken_small,test/broken_small/002.png,3.405278
patchcore_wr50_1,bottle,0,full,test,broken_small,test/broken_small/003.png,3.474437
patchcore_wr50_1,bottle,0,full,test,broken_small,test/broken_small/004.png,3.815565
patchcore_wr50_1,bottle,0,full,test,broken_small,test/broken_small/005.png,2.887643
patchcore_wr50_1,bottle,0,full,test,broken_small,test/broken_small/006.png,3.495651
patchcore_wr50_1,bottle,0,full,test,broken_small,test/broken_small/007.png,3.106123
patchcore_wr50_1,bottle,0,full,test,broken_small,test/broken_small/008.png,2.926756
patchcore_wr50_1,bottle,0,full,test,broken_small,test/broken_small/009.png,3.289014
patchcore_wr50_1,bottle,0,full,test,broken_small,test/broken_small/010.png,3.543378
patchcore_wr50_1,bottle,0,full,test,broken_small,test/broken_small/011.png,3.083973
patchcore_wr50_1,bottle,0,full,test,broken_small,test/broken_small/012.png,3.600244
patchcore_wr50_1,bottle,0,full,test,broken_small,test/broken_small/013.png,3.030187
patchcore_wr50_1,bottle,0,full,test,broken_small,test/broken_small/014.png,3.076919
patchcore_wr50_1,bottle,0,full,test,broken_small,test/broken_small/015.png,2.997549
patchcore_wr50_1,bottle,0,full,test,broken_small,test/broken_small/016.png,3.216778
patchcore_wr50_1,bottle,0,full,test,broken_small,test/broken_small/017.png,3.757517
patchcore_wr50_1,bottle,0,full,test,broken_small,test/broken_small/018.png,3.929256
patchcore_wr50_1,bottle,0,full,test,broken_small,test/broken_small/019.png,3.432262
patchcore_wr50_1,bottle,0,full,test,broken_small,test/broken_small/020.png,3.644541
patchcore_wr50_1,bottle,0,full,test,broken_small,test/broken_small/021.png,3.280644
patchcore_wr50_1,bottle,0,full,test,contamination,test/contamination/000.png,3.192233
patchcore_wr50_1,bottle,0,full,test,contamination,test/contamination/001.png,2.621594
patchcore_wr50_1,bottle,0,full,test,contamination,test/contamination/002.png,2.749921
patchcore_wr50_1,bottle,0,full,test,contamination,test/contamination/003.png,2.076650
patchcore_wr50_1,bottle,0,full,test,contamination,test/contamination/004.png,2.374432
patchcore_wr50_1,bottle,0,full,test,contamination,test/contamination/005.png,3.587491
patchcore_wr50_1,bottle,0,full,test,contamination,test/contamination/006.png,3.072157
patchcore_wr50_1,bottle,0,full,test,contamination,test/contamination/007.png,4.146816
patchcore_wr50_1,bottle,0,full,test,contamination,test/contamination/008.png,3.097759
patchcore_wr50_1,bottle,0,full,test,contamination,test/contamination/009.png,3.142855
patchcore_wr50_1,bottle,0,full,test,contamination,test/contamination/010.png,3.289358
patchcore_wr50_1,bottle,0,full,test,contamination,test/contamination/011.png,2.778903
patchcore_wr50_1,bottle,0,full,test,contamination,test/contamination/012.png,2.367886
patchcore_wr50_1,bottle,0,full,test,contamination,test/contamination/013.png,4.129394
patchcore_wr50_1,bottle,0,full,test,contamination,test/contamination/014.png,2.596359
patchcore_wr50_1,bottle,0,full,test,contamination,test/contamination/015.png,3.460251
patchcore_wr50_1,bottle,0,full,test,contamination,test/contamination/016.png,2.822108
patchcore_wr50_1,bottle,0,full,test,contamination,test/contamination/017.png,3.738006
patchcore_wr50_1,bottle,0,full,test,contamination,test/contamination/018.png,3.797730
patchcore_wr50_1,bottle,0,full,test,contamination,test/contamination/019.png,2.245249
patchcore_wr50_1,bottle,0,full,test,contamination,test/contamination/020.png,2.632193
patchcore_wr50_1,bottle,0,full,test,good,test/good/000.png,1.609439
patchcore_wr50_1,bottle,0,full,test,good,test/good/001.png,1.664143
patchcore_wr50_1,bottle,0,full,test,good,test/good/002.png,1.655210
patchcore_wr50_1,bottle,0,full,test,good,test/good/003.png,1.531611
patchcore_wr50_1,bottle,0,full,test,good,test/good/004.png,1.449950
patchcore_wr50_1,bottle,0,full,test,good,test/good/005.png,1.571216
patchcore_wr50_1,bottle,0,full,test,good,test/good/006.png,1.553369
patchcore_wr50_1,bottle,0,full,test,good,test/good/007.png,1.613775
patchcore_wr50_1,bottle,0,full,test,good,test/good/008.png,1.566080
patchcore_wr50_1,bottle,0,full,test,good,test/good/009.png,1.623795
patchcore_wr50_1,bottle,0,full,test,good,test/good/010.png,1.619720
patchcore_wr50_1,bottle,0,full,test,good,test/good/011.png,1.590141
patchcore_wr50_1,bottle,0,full,test,good,test/good/012.png,1.615832
patchcore_wr50_1,bottle,0,full,test,good,test/good/013.png,1.523064
patchcore_wr50_1,bottle,0,full,test,good,test/good/014.png,1.623795
patchcore_wr50_1,bottle,0,full,test,good,test/good/015.png,1.664676
patchcore_wr50_1,bottle,0,full,test,good,test/good/016.png,1.564641
patchcore_wr50_1,bottle,0,full,test,good,test/good/017.png,1.504175
patchcore_wr50_1,bottle,0,full,test,good,test/good/018.png,1.546014
patchcore_wr50_1,bottle,0,full,test,good,test/good/019.png,1.656123
patchcore_wr50_1,bottle,0,gate,calibration,good,train/good/000.png,1.568340
patchcore_wr50_1,bottle,0,gate,calibration,good,train/good/006.png,1.680710
patchcore_wr50_1,bottle,0,gate,calibration,good,train/good/017.png,1.490200
patchcore_wr50_1,bottle,0,gate,calibration,good,train/good/025.png,1.511032
patchcore_wr50_1,bottle,0,gate,calibration,good,train/good/039.png,1.756534
patchcore_wr50_1,bottle,0,gate,calibration,good,train/good/041.png,1.556942
patchcore_wr50_1,bottle,0,gate,calibration,good,train/good/054.png,1.517430
patchcore_wr50_1,bottle,0,gate,calibration,good,train/good/060.png,1.603491
patchcore_wr50_1,bottle,0,gate,calibration,good,train/good/065.png,1.498403
patchcore_wr50_1,bottle,0,gate,calibration,good,train/good/068.png,1.654020
patchcore_wr50_1,bottle,0,gate,calibration,good,train/good/071.png,1.584796
patchcore_wr50_1,bottle,0,gate,calibration,good,train/good/072.png,1.557369
patchcore_wr50_1,bottle,0,gate,calibration,good,train/good/080.png,1.533646
patchcore_wr50_1,bottle,0,gate,calibration,good,train/good/083.png,1.643452
patchcore_wr50_1,bottle,0,gate,calibration,good,train/good/090.png,1.784524
patchcore_wr50_1,bottle,0,gate,calibration,good,train/good/091.png,1.543653
patchcore_wr50_1,bottle,0,gate,calibration,good,train/good/093.png,1.592538
patchcore_wr50_1,bottle,0,gate,calibration,good,train/good/094.png,1.554956
patchcore_wr50_1,bottle,0,gate,calibration,good,train/good/105.png,1.545939
patchcore_wr50_1,bottle,0,gate,calibration,good,train/good/109.png,1.663154
patchcore_wr50_1,bottle,0,gate,calibration,good,train/good/112.png,1.551342
patchcore_wr50_1,bottle,0,gate,calibration,good,train/good/116.png,1.677338
patchcore_wr50_1,bottle,0,gate,calibration,good,train/good/119.png,1.706322
patchcore_wr50_1,bottle,0,gate,calibration,good,train/good/124.png,1.673784
patchcore_wr50_1,bottle,0,gate,calibration,good,train/good/131.png,1.753328
patchcore_wr50_1,bottle,0,gate,calibration,good,train/good/137.png,1.516387
patchcore_wr50_1,bottle,0,gate,calibration,good,train/good/140.png,1.569124
patchcore_wr50_1,bottle,0,gate,calibration,good,train/good/141.png,1.975369
patchcore_wr50_1,bottle,0,gate,calibration,good,train/good/152.png,1.545629
patchcore_wr50_1,bottle,0,gate,calibration,good,train/good/158.png,1.536681
patchcore_wr50_1,bottle,0,gate,calibration,good,train/good/159.png,1.543494
patchcore_wr50_1,bottle,0,gate,calibration,good,train/good/162.png,1.533670
patchcore_wr50_1,bottle,0,gate,calibration,good,train/good/163.png,1.624398
patchcore_wr50_1,bottle,0,gate,calibration,good,train/good/164.png,1.541099
patchcore_wr50_1,bottle,0,gate,calibration,good,train/good/165.png,1.522180
patchcore_wr50_1,bottle,0,gate,calibration,good,train/good/175.png,1.726820
patchcore_wr50_1,bottle,0,gate,calibration,good,train/good/178.png,1.606234
patchcore_wr50_1,bottle,0,gate,calibration,good,train/good/187.png,1.564898
patchcore_wr50_1,bottle,0,gate,calibration,good,train/good/194.png,1.632301
patchcore_wr50_1,bottle,0,gate,calibration,good,train/good/195.png,1.583858
patchcore_wr50_1,bottle,0,gate,calibration,good,train/good/200.png,1.550425
patchcore_wr50_1,bottle,0,gate,calibration,good,train/good/206.png,1.561721
patchcore_wr50_1,bottle,0,gate,test,broken_large,test/broken_large/000.png,3.434339
patchcore_wr50_1,bottle,0,gate,test,broken_large,test/broken_large/001.png,3.372898
patchcore_wr50_1,bottle,0,gate,test,broken_large,test/broken_large/002.png,3.414723
patchcore_wr50_1,bottle,0,gate,test,broken_large,test/broken_large/003.png,3.646636
patchcore_wr50_1,bottle,0,gate,test,broken_large,test/broken_large/004.png,3.791554
patchcore_wr50_1,bottle,0,gate,test,broken_large,test/broken_large/005.png,3.373144
patchcore_wr50_1,bottle,0,gate,test,broken_large,test/broken_large/006.png,3.701871
patchcore_wr50_1,bottle,0,gate,test,broken_large,test/broken_large/007.png,3.277600
patchcore_wr50_1,bottle,0,gate,test,broken_large,test/broken_large/008.png,3.536888
patchcore_wr50_1,bottle,0,gate,test,broken_large,test/broken_large/009.png,3.318264
patchcore_wr50_1,bottle,0,gate,test,broken_large,test/broken_large/010.png,3.567555
patchcore_wr50_1,bottle,0,gate,test,broken_large,test/broken_large/011.png,2.998265
patchcore_wr50_1,bottle,0,gate,test,broken_large,test/broken_large/012.png,3.728112
patchcore_wr50_1,bottle,0,gate,test,broken_large,test/broken_large/013.png,3.225735
patchcore_wr50_1,bottle,0,gate,test,broken_large,test/broken_large/014.png,3.422017
patchcore_wr50_1,bottle,0,gate,test,broken_large,test/broken_large/015.png,3.481316
patchcore_wr50_1,bottle,0,gate,test,broken_large,test/broken_large/016.png,3.253113
patchcore_wr50_1,bottle,0,gate,test,broken_large,test/broken_large/017.png,3.707487
patchcore_wr50_1,bottle,0,gate,test,broken_large,test/broken_large/018.png,3.440361
patchcore_wr50_1,bottle,0,gate,test,broken_large,test/broken_large/019.png,3.295221
patchcore_wr50_1,bottle,0,gate,test,broken_small,test/broken_small/000.png,2.666287
patchcore_wr50_1,bottle,0,gate,test,broken_small,test/broken_small/001.png,3.470245
patchcore_wr50_1,bottle,0,gate,test,broken_small,test/broken_small/002.png,3.436609
patchcore_wr50_1,bottle,0,gate,test,broken_small,test/broken_small/003.png,3.549655
patchcore_wr50_1,bottle,0,gate,test,broken_small,test/broken_small/004.png,3.819451
patchcore_wr50_1,bottle,0,gate,test,broken_small,test/broken_small/005.png,2.912269
patchcore_wr50_1,bottle,0,gate,test,broken_small,test/broken_small/006.png,3.529800
patchcore_wr50_1,bottle,0,gate,test,broken_small,test/broken_small/007.png,3.105531
patchcore_wr50_1,bottle,0,gate,test,broken_small,test/broken_small/008.png,2.849812
patchcore_wr50_1,bottle,0,gate,test,broken_small,test/broken_small/009.png,3.362190
patchcore_wr50_1,bottle,0,gate,test,broken_small,test/broken_small/010.png,3.598467
patchcore_wr50_1,bottle,0,gate,test,broken_small,test/broken_small/011.png,3.083972
patchcore_wr50_1,bottle,0,gate,test,broken_small,test/broken_small/012.png,3.528362
patchcore_wr50_1,bottle,0,gate,test,broken_small,test/broken_small/013.png,3.085952
patchcore_wr50_1,bottle,0,gate,test,broken_small,test/broken_small/014.png,3.016724
patchcore_wr50_1,bottle,0,gate,test,broken_small,test/broken_small/015.png,3.034108
patchcore_wr50_1,bottle,0,gate,test,broken_small,test/broken_small/016.png,3.409996
patchcore_wr50_1,bottle,0,gate,test,broken_small,test/broken_small/017.png,3.816572
patchcore_wr50_1,bottle,0,gate,test,broken_small,test/broken_small/018.png,3.946934
patchcore_wr50_1,bottle,0,gate,test,broken_small,test/broken_small/019.png,3.432262
patchcore_wr50_1,bottle,0,gate,test,broken_small,test/broken_small/020.png,3.647194
patchcore_wr50_1,bottle,0,gate,test,broken_small,test/broken_small/021.png,3.243363
patchcore_wr50_1,bottle,0,gate,test,contamination,test/contamination/000.png,3.207453
patchcore_wr50_1,bottle,0,gate,test,contamination,test/contamination/001.png,2.718970
patchcore_wr50_1,bottle,0,gate,test,contamination,test/contamination/002.png,2.724099
patchcore_wr50_1,bottle,0,gate,test,contamination,test/contamination/003.png,2.174139
patchcore_wr50_1,bottle,0,gate,test,contamination,test/contamination/004.png,2.371870
patchcore_wr50_1,bottle,0,gate,test,contamination,test/contamination/005.png,3.659352
patchcore_wr50_1,bottle,0,gate,test,contamination,test/contamination/006.png,3.076426
patchcore_wr50_1,bottle,0,gate,test,contamination,test/contamination/007.png,4.153815
patchcore_wr50_1,bottle,0,gate,test,contamination,test/contamination/008.png,3.077935
patchcore_wr50_1,bottle,0,gate,test,contamination,test/contamination/009.png,3.198308
patchcore_wr50_1,bottle,0,gate,test,contamination,test/contamination/010.png,3.289358
patchcore_wr50_1,bottle,0,gate,test,contamination,test/contamination/011.png,2.794388
patchcore_wr50_1,bottle,0,gate,test,contamination,test/contamination/012.png,2.387716
patchcore_wr50_1,bottle,0,gate,test,contamination,test/contamination/013.png,4.157360
patchcore_wr50_1,bottle,0,gate,test,contamination,test/contamination/014.png,2.540277
patchcore_wr50_1,bottle,0,gate,test,contamination,test/contamination/015.png,3.460251
patchcore_wr50_1,bottle,0,gate,test,contamination,test/contamination/016.png,2.763690
patchcore_wr50_1,bottle,0,gate,test,contamination,test/contamination/017.png,3.741424
patchcore_wr50_1,bottle,0,gate,test,contamination,test/contamination/018.png,3.773980
patchcore_wr50_1,bottle,0,gate,test,contamination,test/contamination/019.png,2.281511
patchcore_wr50_1,bottle,0,gate,test,contamination,test/contamination/020.png,2.625395
patchcore_wr50_1,bottle,0,gate,test,good,test/good/000.png,1.582839
patchcore_wr50_1,bottle,0,gate,test,good,test/good/001.png,1.786456
patchcore_wr50_1,bottle,0,gate,test,good,test/good/002.png,1.660613
patchcore_wr50_1,bottle,0,gate,test,good,test/good/003.png,1.576310
patchcore_wr50_1,bottle,0,gate,test,good,test/good/004.png,1.560135
patchcore_wr50_1,bottle,0,gate,test,good,test/good/005.png,1.724756
patchcore_wr50_1,bottle,0,gate,test,good,test/good/006.png,1.647836
patchcore_wr50_1,bottle,0,gate,test,good,test/good/007.png,1.707909
patchcore_wr50_1,bottle,0,gate,test,good,test/good/008.png,1.593153
patchcore_wr50_1,bottle,0,gate,test,good,test/good/009.png,1.661012
patchcore_wr50_1,bottle,0,gate,test,good,test/good/010.png,1.541585
patchcore_wr50_1,bottle,0,gate,test,good,test/good/011.png,1.579542
patchcore_wr50_1,bottle,0,gate,test,good,test/good/012.png,1.590808
patchcore_wr50_1,bottle,0,gate,test,good,test/good/013.png,1.519559
patchcore_wr50_1,bottle,0,gate,test,good,test/good/014.png,1.596782
patchcore_wr50_1,bottle,0,gate,test,good,test/good/015.png,1.626404
patchcore_wr50_1,bottle,0,gate,test,good,test/good/016.png,1.568532
patchcore_wr50_1,bottle,0,gate,test,good,test/good/017.png,1.563375
patchcore_wr50_1,bottle,0,gate,test,good,test/good/018.png,1.673808
patchcore_wr50_1,bottle,0,gate,test,good,test/good/019.png,1.684110
patchcore_wr50_1,bottle,1,full,test,broken_large,test/broken_large/000.png,3.400063
patchcore_wr50_1,bottle,1,full,test,broken_large,test/broken_large/001.png,3.372931
patchcore_wr50_1,bottle,1,full,test,broken_large,test/broken_large/002.png,3.334892
patchcore_wr50_1,bottle,1,full,test,broken_large,test/broken_large/003.png,3.639520
patchcore_wr50_1,bottle,1,full,test,broken_large,test/broken_large/004.png,3.745697
patchcore_wr50_1,bottle,1,full,test,broken_large,test/broken_large/005.png,3.325668
patchcore_wr50_1,bottle,1,full,test,broken_large,test/broken_large/006.png,3.618781
patchcore_wr50_1,bottle,1,full,test,broken_large,test/broken_large/007.png,3.308642
patchcore_wr50_1,bottle,1,full,test,broken_large,test/broken_large/008.png,3.511248
patchcore_wr50_1,bottle,1,full,test,broken_large,test/broken_large/009.png,3.355309
patchcore_wr50_1,bottle,1,full,test,broken_large,test/broken_large/010.png,3.581070
patchcore_wr50_1,bottle,1,full,test,broken_large,test/broken_large/011.png,3.014560
patchcore_wr50_1,bottle,1,full,test,broken_large,test/broken_large/012.png,3.732092
patchcore_wr50_1,bottle,1,full,test,broken_large,test/broken_large/013.png,3.256928
patchcore_wr50_1,bottle,1,full,test,broken_large,test/broken_large/014.png,3.431976
patchcore_wr50_1,bottle,1,full,test,broken_large,test/broken_large/015.png,3.424291
patchcore_wr50_1,bottle,1,full,test,broken_large,test/broken_large/016.png,3.279527
patchcore_wr50_1,bottle,1,full,test,broken_large,test/broken_large/017.png,3.748732
patchcore_wr50_1,bottle,1,full,test,broken_large,test/broken_large/018.png,3.420635
patchcore_wr50_1,bottle,1,full,test,broken_large,test/broken_large/019.png,3.276235
patchcore_wr50_1,bottle,1,full,test,broken_small,test/broken_small/000.png,2.766175
patchcore_wr50_1,bottle,1,full,test,broken_small,test/broken_small/001.png,3.413949
patchcore_wr50_1,bottle,1,full,test,broken_small,test/broken_small/002.png,3.433832
patchcore_wr50_1,bottle,1,full,test,broken_small,test/broken_small/003.png,3.482010
patchcore_wr50_1,bottle,1,full,test,broken_small,test/broken_small/004.png,3.799127
patchcore_wr50_1,bottle,1,full,test,broken_small,test/broken_small/005.png,2.991279
patchcore_wr50_1,bottle,1,full,test,broken_small,test/broken_small/006.png,3.501306
patchcore_wr50_1,bottle,1,full,test,broken_small,test/broken_small/007.png,3.035693
patchcore_wr50_1,bottle,1,full,test,broken_small,test/broken_small/008.png,2.945565
patchcore_wr50_1,bottle,1,full,test,broken_small,test/broken_small/009.png,3.327061
patchcore_wr50_1,bottle,1,full,test,broken_small,test/broken_small/010.png,3.575525
patchcore_wr50_1,bottle,1,full,test,broken_small,test/broken_small/011.png,3.123169
patchcore_wr50_1,bottle,1,full,test,broken_small,test/broken_small/012.png,3.587421
patchcore_wr50_1,bottle,1,full,test,broken_small,test/broken_small/013.png,3.071819
patchcore_wr50_1,bottle,1,full,test,broken_small,test/broken_small/014.png,3.016724
patchcore_wr50_1,bottle,1,full,test,broken_small,test/broken_small/015.png,3.069514
patchcore_wr50_1,bottle,1,full,test,broken_small,test/broken_small/016.png,3.287512
patchcore_wr50_1,bottle,1,full,test,broken_small,test/broken_small/017.png,3.809524
patchcore_wr50_1,bottle,1,full,test,broken_small,test/broken_small/018.png,3.931966
patchcore_wr50_1,bottle,1,full,test,broken_small,test/broken_small/019.png,3.489359
patchcore_wr50_1,bottle,1,full,test,broken_small,test/broken_small/020.png,3.636673
patchcore_wr50_1,bottle,1,full,test,broken_small,test/broken_small/021.png,3.280644
patchcore_wr50_1,bottle,1,full,test,contamination,test/contamination/000.png,3.183599
patchcore_wr50_1,bottle,1,full,test,contamination,test/contamination/001.png,2.686535
patchcore_wr50_1,bottle,1,full,test,contamination,test/contamination/002.png,2.761793
patchcore_wr50_1,bottle,1,full,test,contamination,test/contamination/003.png,2.062990
patchcore_wr50_1,bottle,1,full,test,contamination,test/contamination/004.png,2.386236
patchcore_wr50_1,bottle,1,full,test,contamination,test/contamination/005.png,3.537957
patchcore_wr50_1,bottle,1,full,test,contamination,test/contamination/006.png,3.072157
patchcore_wr50_1,bottle,1,full,test,contamination,test/contamination/007.png,4.106017
patchcore_wr50_1,bottle,1,full,test,contamination,test/contamination/008.png,3.097759
patchcore_wr50_1,bottle,1,full,test,contamination,test/contamination/009.png,3.168114
patchcore_wr50_1,bottle,1,full,test,contamination,test/contamination/010.png,3.272426
patchcore_wr50_1,bottle,1,full,test,contamination,test/contamination/011.png,2.747422
patchcore_wr50_1,bottle,1,full,test,contamination,test/contamination/012.png,2.327922
patchcore_wr50_1,bottle,1,full,test,contamination,test/contamination/013.png,4.230901
patchcore_wr50_1,bottle,1,full,test,contamination,test/contamination/014.png,2.624693
patchcore_wr50_1,bottle,1,full,test,contamination,test/contamination/015.png,3.386352
patchcore_wr50_1,bottle,1,full,test,contamination,test/contamination/016.png,2.819142
patchcore_wr50_1,bottle,1,full,test,contamination,test/contamination/017.png,3.676982
patchcore_wr50_1,bottle,1,full,test,contamination,test/contamination/018.png,3.752873
patchcore_wr50_1,bottle,1,full,test,contamination,test/contamination/019.png,2.161364
patchcore_wr50_1,bottle,1,full,test,contamination,test/contamination/020.png,2.671212
patchcore_wr50_1,bottle,1,full,test,good,test/good/000.png,1.473223
patchcore_wr50_1,bottle,1,full,test,good,test/good/001.png,1.806018
patchcore_wr50_1,bottle,1,full,test,good,test/good/002.png,1.642805
patchcore_wr50_1,bottle,1,full,test,good,test/good/003.png,1.486523
patchcore_wr50_1,bottle,1,full,test,good,test/good/004.png,1.519137
patchcore_wr50_1,bottle,1,full,test,good,test/good/005.png,1.518047
patchcore_wr50_1,bottle,1,full,test,good,test/good/006.png,1.768218
patchcore_wr50_1,bottle,1,full,test,good,test/good/007.png,1.608075
patchcore_wr50_1,bottle,1,full,test,good,test/good/008.png,1.584997
patchcore_wr50_1,bottle,1,full,test,good,test/good/009.png,1.597827
patchcore_wr50_1,bottle,1,full,test,good,test/good/010.png,1.600084
patchcore_wr50_1,bottle,1,full,test,good,test/good/011.png,1.575154
patchcore_wr50_1,bottle,1,full,test,good,test/good/012.png,1.590983
patchcore_wr50_1,bottle,1,full,test,good,test/good/013.png,1.525138
patchcore_wr50_1,bottle,1,full,test,good,test/good/014.png,1.554339
patchcore_wr50_1,bottle,1,full,test,good,test/good/015.png,1.695809
patchcore_wr50_1,bottle,1,full,test,good,test/good/016.png,1.526574
patchcore_wr50_1,bottle,1,full,test,good,test/good/017.png,1.480827
patchcore_wr50_1,bottle,1,full,test,good,test/good/018.png,1.648324
patchcore_wr50_1,bottle,1,full,test,good,test/good/019.png,1.639286
patchcore_wr50_1,bottle,1,gate,calibration,good,train/good/001.png,1.511577
patchcore_wr50_1,bottle,1,gate,calibration,good,train/good/005.png,1.620334
patchcore_wr50_1,bottle,1,gate,calibration,good,train/good/007.png,1.515224
patchcore_wr50_1,bottle,1,gate,calibration,good,train/good/008.png,1.480685
patchcore_wr50_1,bottle,1,gate,calibration,good,train/good/009.png,1.660793
patchcore_wr50_1,bottle,1,gate,calibration,good,train/good/020.png,1.744438
patchcore_wr50_1,bottle,1,gate,calibration,good,train/good/021.png,1.513643
patchcore_wr50_1,bottle,1,gate,calibration,good,train/good/022.png,1.533347
patchcore_wr50_1,bottle,1,gate,calibration,good,train/good/024.png,1.596973
patchcore_wr50_1,bottle,1,gate,calibration,good,train/good/029.png,1.586207
patchcore_wr50_1,bottle,1,gate,calibration,good,train/good/031.png,1.523737
patchcore_wr50_1,bottle,1,gate,calibration,good,train/good/043.png,1.657827
patchcore_wr50_1,bottle,1,gate,calibration,good,train/good/052.png,1.522406
patchcore_wr50_1,bottle,1,gate,calibration,good,train/good/059.png,1.561191
patchcore_wr50_1,bottle,1,gate,calibration,good,train/good/063.png,1.556720
patchcore_wr50_1,bottle,1,gate,calibration,good,train/good/070.png,1.504493
patchcore_wr50_1,bottle,1,gate,calibration,good,train/good/080.png,1.523302
patchcore_wr50_1,bottle,1,gate,calibration,good,train/good/084.png,1.539307
patchcore_wr50_1,bottle,1,gate,calibration,good,train/good/094.png,1.582493
patchcore_wr50_1,bottle,1,gate,calibration,good,train/good/097.png,1.674375
patchcore_wr50_1,bottle,1,gate,calibration,good,train/good/106.png,1.780732
patchcore_wr50_1,bottle,1,gate,calibration,good,train/good/110.png,1.529409
patchcore_wr50_1,bottle,1,gate,calibration,good,train/good/111.png,1.598201
patchcore_wr50_1,bottle,1,gate,calibration,good,train/good/112.png,1.638437
patchcore_wr50_1,bottle,1,gate,calibration,good,train/good/113.png,1.577605
patchcore_wr50_1,bottle,1,gate,calibration,good,train/good/119.png,1.777705
patchcore_wr50_1,bottle,1,gate,calibration,good,train/good/121.png,1.555714
patchcore_wr50_1,bottle,1,gate,calibration,good,train/good/131.png,1.644244
patchcore_wr50_1,bottle,1,gate,calibration,good,train/good/134.png,1.671807
patchcore_wr50_1,bottle,1,gate,calibration,good,train/good/148.png,1.721256
patchcore_wr50_1,bottle,1,gate,calibration,good,train/good/152.png,1.563406
patchcore_wr50_1,bottle,1,gate,calibration,good,train/good/156.png,1.617436
patchcore_wr50_1,bottle,1,gate,calibration,good,train/good/158.png,1.626948
patchcore_wr50_1,bottle,1,gate,calibration,good,train/good/163.png,1.578380
patchcore_wr50_1,bottle,1,gate,calibration,good,train/good/166.png,1.577464
patchcore_wr50_1,bottle,1,gate,calibration,good,train/good/175.png,1.671012
patchcore_wr50_1,bottle,1,gate,calibration,good,train/good/176.png,1.499079
patchcore_wr50_1,bottle,1,gate,calibration,good,train/good/184.png,1.615463
patchcore_wr50_1,bottle,1,gate,calibration,good,train/good/189.png,1.556172
patchcore_wr50_1,bottle,1,gate,calibration,good,train/good/191.png,1.521640
patchcore_wr50_1,bottle,1,gate,calibration,good,train/good/193.png,1.582363
patchcore_wr50_1,bottle,1,gate,calibration,good,train/good/195.png,1.669802
patchcore_wr50_1,bottle,1,gate,test,broken_large,test/broken_large/000.png,3.457448
patchcore_wr50_1,bottle,1,gate,test,broken_large,test/broken_large/001.png,3.398751
patchcore_wr50_1,bottle,1,gate,test,broken_large,test/broken_large/002.png,3.368326
patchcore_wr50_1,bottle,1,gate,test,broken_large,test/broken_large/003.png,3.639520
patchcore_wr50_1,bottle,1,gate,test,broken_large,test/broken_large/004.png,3.745697
patchcore_wr50_1,bottle,1,gate,test,broken_large,test/broken_large/005.png,3.285562
patchcore_wr50_1,bottle,1,gate,test,broken_large,test/broken_large/006.png,3.654445
patchcore_wr50_1,bottle,1,gate,test,broken_large,test/broken_large/007.png,3.320525
patchcore_wr50_1,bottle,1,gate,test,broken_large,test/broken_large/008.png,3.556955
patchcore_wr50_1,bottle,1,gate,test,broken_large,test/broken_large/009.png,3.383992
patchcore_wr50_1,bottle,1,gate,test,broken_large,test/broken_large/010.png,3.561897
patchcore_wr50_1,bottle,1,gate,test,broken_large,test/broken_large/011.png,3.049718
patchcore_wr50_1,bottle,1,gate,test,broken_large,test/broken_large/012.png,3.620947
patchcore_wr50_1,bottle,1,gate,test,broken_large,test/broken_large/013.png,3.215416
patchcore_wr50_1,bottle,1,gate,test,broken_large,test/broken_large/014.png,3.431179
patchcore_wr50_1,bottle,1,gate,test,broken_large,test/broken_large/015.png,3.422462
patchcore_wr50_1,bottle,1,gate,test,broken_large,test/broken_large/016.png,3.329625
patchcore_wr50_1,bottle,1,gate,test,broken_large,test/broken_large/017.png,3.707487
patchcore_wr50_1,bottle,1,gate,test,broken_large,test/broken_large/018.png,3.454136
patchcore_wr50_1,bottle,1,gate,test,broken_large,test/broken_large/019.png,3.251206
patchcore_wr50_1,bottle,1,gate,test,broken_small,test/broken_small/000.png,2.668320
patchcore_wr50_1,bottle,1,gate,test,broken_small,test/broken_small/001.png,3.467736
patchcore_wr50_1,bottle,1,gate,test,broken_small,test/broken_small/002.png,3.400446
patchcore_wr50_1,bottle,1,gate,test,broken_small,test/broken_small/003.png,3.523626
patchcore_wr50_1,bottle,1,gate,test,broken_small,test/broken_small/004.png,3.821283
patchcore_wr50_1,bottle,1,gate,test,broken_small,test/broken_small/005.png,2.960804
patchcore_wr50_1,bottle,1,gate,test,broken_small,test/broken_small/006.png,3.486709
patchcore_wr50_1,bottle,1,gate,test,broken_small,test/broken_small/007.png,3.018380
patchcore_wr50_1,bottle,1,gate,test,broken_small,test/broken_small/008.png,2.945565
patchcore_wr50_1,bottle,1,gate,test,broken_small,test/broken_small/009.png,3.368842
patchcore_wr50_1,bottle,1,gate,test,broken_small,test/broken_small/010.png,3.635008
patchcore_wr50_1,bottle,1,gate,test,broken_small,test/broken_small/011.png,3.067509
patchcore_wr50_1,bottle,1,gate,test,broken_small,test/broken_small/012.png,3.642631
patchcore_wr50_1,bottle,1,gate,test,broken_small,test/broken_small/013.png,3.045228
patchcore_wr50_1,bottle,1,gate,test,broken_small,test/broken_small/014.png,2.975571
patchcore_wr50_1,bottle,1,gate,test,broken_small,test/broken_small/015.png,3.048286
patchcore_wr50_1,bottle,1,gate,test,broken_small,test/broken_small/016.png,3.358083
patchcore_wr50_1,bottle,1,gate,test,broken_small,test/broken_small/017.png,3.812927
patchcore_wr50_1,bottle,1,gate,test,broken_small,test/broken_small/018.png,3.954227
patchcore_wr50_1,bottle,1,gate,test,broken_small,test/broken_small/019.png,3.498206
patchcore_wr50_1,bottle,1,gate,test,broken_small,test/broken_small/020.png,3.636638
patchcore_wr50_1,bottle,1,gate,test,broken_small,test/broken_small/021.png,3.280644
patchcore_wr50_1,bottle,1,gate,test,contamination,test/contamination/000.png,3.177121
patchcore_wr50_1,bottle,1,gate,test,contamination,test/contamination/001.png,2.692961
patchcore_wr50_1,bottle,1,gate,test,contamination,test/contamination/002.png,2.767052
patchcore_wr50_1,bottle,1,gate,test,contamination,test/contamination/003.png,2.071640
patchcore_wr50_1,bottle,1,gate,test,contamination,test/contamination/004.png,2.300066
patchcore_wr50_1,bottle,1,gate,test,contamination,test/contamination/005.png,3.536590
patchcore_wr50_1,bottle,1,gate,test,contamination,test/contamination/006.png,3.047233
patchcore_wr50_1,bottle,1,gate,test,contamination,test/contamination/007.png,4.096570
patchcore_wr50_1,bottle,1,gate,test,contamination,test/contamination/008.png,3.092063
patchcore_wr50_1,bottle,1,gate,test,contamination,test/contamination/009.png,3.168114
patchcore_wr50_1,bottle,1,gate,test,contamination,test/contamination/010.png,3.290401
patchcore_wr50_1,bottle,1,gate,test,contamination,test/contamination/011.png,2.778903
patchcore_wr50_1,bottle,1,gate,test,contamination,test/contamination/012.png,2.386186
patchcore_wr50_1,bottle,1,gate,test,contamination,test/contamination/013.png,4.175274
patchcore_wr50_1,bottle,1,gate,test,contamination,test/contamination/014.png,2.644252
patchcore_wr50_1,bottle,1,gate,test,contamination,test/contamination/015.png,3.508604
patchcore_wr50_1,bottle,1,gate,test,contamination,test/contamination/016.png,2.784344
patchcore_wr50_1,bottle,1,gate,test,contamination,test/contamination/017.png,3.697121
patchcore_wr50_1,bottle,1,gate,test,contamination,test/contamination/018.png,3.811953
patchcore_wr50_1,bottle,1,gate,test,contamination,test/contamination/019.png,2.244349
patchcore_wr50_1,bottle,1,gate,test,contamination,test/contamination/020.png,2.673445
patchcore_wr50_1,bottle,1,gate,test,good,test/good/000.png,1.551764
patchcore_wr50_1,bottle,1,gate,test,good,test/good/001.png,1.739328
patchcore_wr50_1,bottle,1,gate,test,good,test/good/002.png,1.636462
patchcore_wr50_1,bottle,1,gate,test,good,test/good/003.png,1.566613
patchcore_wr50_1,bottle,1,gate,test,good,test/good/004.png,1.554778
patchcore_wr50_1,bottle,1,gate,test,good,test/good/005.png,1.539392
patchcore_wr50_1,bottle,1,gate,test,good,test/good/006.png,1.653872
patchcore_wr50_1,bottle,1,gate,test,good,test/good/007.png,1.689754
patchcore_wr50_1,bottle,1,gate,test,good,test/good/008.png,1.578097
patchcore_wr50_1,bottle,1,gate,test,good,test/good/009.png,1.684725
patchcore_wr50_1,bottle,1,gate,test,good,test/good/010.png,1.623077
patchcore_wr50_1,bottle,1,gate,test,good,test/good/011.png,1.566001
patchcore_wr50_1,bottle,1,gate,test,good,test/good/012.png,1.591307
patchcore_wr50_1,bottle,1,gate,test,good,test/good/013.png,1.528225
patchcore_wr50_1,bottle,1,gate,test,good,test/good/014.png,1.640191
patchcore_wr50_1,bottle,1,gate,test,good,test/good/015.png,1.759137
patchcore_wr50_1,bottle,1,gate,test,good,test/good/016.png,1.599010
patchcore_wr50_1,bottle,1,gate,test,good,test/good/017.png,1.543257
patchcore_wr50_1,bottle,1,gate,test,good,test/good/018.png,1.630572
patchcore_wr50_1,bottle,1,gate,test,good,test/good/019.png,1.695973
patchcore_wr50_1,bottle,2,full,test,broken_large,test/broken_large/000.png,3.419335
patchcore_wr50_1,bottle,2,full,test,broken_large,test/broken_large/001.png,3.393850
patchcore_wr50_1,bottle,2,full,test,broken_large,test/broken_large/002.png,3.453452
patchcore_wr50_1,bottle,2,full,test,broken_large,test/broken_large/003.png,3.622356
patchcore_wr50_1,bottle,2,full,test,broken_large,test/broken_large/004.png,3.732508
patchcore_wr50_1,bottle,2,full,test,broken_large,test/broken_large/005.png,3.352715
patchcore_wr50_1,bottle,2,full,test,broken_large,test/broken_large/006.png,3.661966
patchcore_wr50_1,bottle,2,full,test,broken_large,test/broken_large/007.png,3.277600
patchcore_wr50_1,bottle,2,full,test,broken_large,test/broken_large/008.png,3.549189
patchcore_wr50_1,bottle,2,full,test,broken_large,test/broken_large/009.png,3.318264
patchcore_wr50_1,bottle,2,full,test,broken_large,test/broken_large/010.png,3.547896
patchcore_wr50_1,bottle,2,full,test,broken_large,test/broken_large/011.png,2.998265
patchcore_wr50_1,bottle,2,full,test,broken_large,test/broken_large/012.png,3.620947
patchcore_wr50_1,bottle,2,full,test,broken_large,test/broken_large/013.png,3.202429
patchcore_wr50_1,bottle,2,full,test,broken_large,test/broken_large/014.png,3.369915
patchcore_wr50_1,bottle,2,full,test,broken_large,test/broken_large/015.png,3.487370
patchcore_wr50_1,bottle,2,full,test,broken_large,test/broken_large/016.png,3.241051
patchcore_wr50_1,bottle,2,full,test,broken_large,test/broken_large/017.png,3.707487
patchcore_wr50_1,bottle,2,full,test,broken_large,test/broken_large/018.png,3.454136
patchcore_wr50_1,bottle,2,full,test,broken_large,test/broken_large/019.png,3.291288
patchcore_wr50_1,bottle,2,full,test,broken_small,test/broken_small/000.png,2.742322
patchcore_wr50_1,bottle,2,full,test,broken_small,test/broken_small/001.png,3.457657
patchcore_wr50_1,bottle,2,full,test,broken_small,test/broken_small/002.png,3.472522
patchcore_wr50_1,bottle,2,full,test,broken_small,test/broken_small/003.png,3.524255
patchcore_wr50_1,bottle,2,full,test,broken_small,test/broken_small/004.png,3.821283
patchcore_wr50_1,bottle,2,full,test,broken_small,test/broken_small/005.png,2.984090
patchcore_wr50_1,bottle,2,full,test,broken_small,test/broken_small/006.png,3.529800
patchcore_wr50_1,bottle,2,full,test,broken_small,test/broken_small/007.png,3.140152
patchcore_wr50_1,bottle,2,full,test,broken_small,test/broken_small/008.png,2.849812
patchcore_wr50_1,bottle,2,full,test,broken_small,test/broken_small/009.png,3.362190
patchcore_wr50_1,bottle,2,full,test,broken_small,test/broken_small/010.png,3.556474
patchcore_wr50_1,bottle,2,full,test,broken_small,test/broken_small/011.png,3.100863
patchcore_wr50_1,bottle,2,full,test,broken_small,test/broken_small/012.png,3.554942
patchcore_wr50_1,bottle,2,full,test,broken_small,test/broken_small/013.png,2.948556
patchcore_wr50_1,bottle,2,full,test,broken_small,test/broken_small/014.png,2.979479
patchcore_wr50_1,bottle,2,full,test,broken_small,test/broken_small/015.png,3.034108
patchcore_wr50_1,bottle,2,full,test,broken_small,test/broken_small/016.png,3.269003
patchcore_wr50_1,bottle,2,full,test,broken_small,test/broken_small/017.png,3.806455
patchcore_wr50_1,bottle,2,full,test,broken_small,test/broken_small/018.png,3.931966
patchcore_wr50_1,bottle,2,full,test,broken_small,test/broken_small/019.png,3.487668
patchcore_wr50_1,bottle,2,full,test,broken_small,test/broken_small/020.png,3.652761
patchcore_wr50_1,bottle,2,full,test,broken_small,test/broken_small/021.png,3.243363
patchcore_wr50_1,bottle,2,full,test,contamination,test/contamination/000.png,3.145014
patchcore_wr50_1,bottle,2,full,test,contamination,test/contamination/001.png,2.677515
patchcore_wr50_1,bottle,2,full,test,contamination,test/contamination/002.png,2.735409
patchcore_wr50_1,bottle,2,full,test,contamination,test/contamination/003.png,2.152796
patchcore_wr50_1,bottle,2,full,test,contamination,test/contamination/004.png,2.378075
patchcore_wr50_1,bottle,2,full,test,contamination,test/contamination/005.png,3.622392
patchcore_wr50_1,bottle,2,full,test,contamination,test/contamination/006.png,3.127037
patchcore_wr50_1,bottle,2,full,test,contamination,test/contamination/007.png,4.158994
patchcore_wr50_1,bottle,2,full,test,contamination,test/contamination/008.png,3.130622
patchcore_wr50_1,bottle,2,full,test,contamination,test/contamination/009.png,3.161156
patchcore_wr50_1,bottle,2,full,test,contamination,test/contamination/010.png,3.291834
patchcore_wr50_1,bottle,2,full,test,contamination,test/contamination/011.png,2.690847
patchcore_wr50_1,bottle,2,full,test,contamination,test/contamination/012.png,2.392191
patchcore_wr50_1,bottle,2,full,test,contamination,test/contamination/013.png,4.156958
patchcore_wr50_1,bottle,2,full,test,contamination,test/contamination/014.png,2.540277
patchcore_wr50_1,bottle,2,full,test,contamination,test/contamination/015.png,3.484612
patchcore_wr50_1,bottle,2,full,test,contamination,test/contamination/016.png,2.735687
patchcore_wr50_1,bottle,2,full,test,contamination,test/contamination/017.png,3.670228
patchcore_wr50_1,bottle,2,full,test,contamination,test/contamination/018.png,3.790250
patchcore_wr50_1,bottle,2,full,test,contamination,test/contamination/019.png,2.245249
patchcore_wr50_1,bottle,2,full,test,contamination,test/contamination/020.png,2.607080
patchcore_wr50_1,bottle,2,full,test,good,test/good/000.png,1.528827
patchcore_wr50_1,bottle,2,full,test,good,test/good/001.png,1.731629
patchcore_wr50_1,bottle,2,full,test,good,test/good/002.png,1.645069
patchcore_wr50_1,bottle,2,full,test,good,test/good/003.png,1.460697
patchcore_wr50_1,bottle,2,full,test,good,test/good/004.png,1.499353
patchcore_wr50_1,bottle,2,full,test,good,test/good/005.png,1.472404
patchcore_wr50_1,bottle,2,full,test,good,test/good/006.png,1.617065
patchcore_wr50_1,bottle,2,full,test,good,test/good/007.png,1.599658
patchcore_wr50_1,bottle,2,full,test,good,test/good/008.png,1.518458
patchcore_wr50_1,bottle,2,full,test,good,test/good/009.png,1.616470
patchcore_wr50_1,bottle,2,full,test,good,test/good/010.png,1.557624
patchcore_wr50_1,bottle,2,full,test,good,test/good/011.png,1.555367
patchcore_wr50_1,bottle,2,full,test,good,test/good/012.png,1.596992
patchcore_wr50_1,bottle,2,full,test,good,test/good/013.png,1.530282
patchcore_wr50_1,bottle,2,full,test,good,test/good/014.png,1.553325
patchcore_wr50_1,bottle,2,full,test,good,test/good/015.png,1.662086
patchcore_wr50_1,bottle,2,full,test,good,test/good/016.png,1.618055
patchcore_wr50_1,bottle,2,full,test,good,test/good/017.png,1.554338
patchcore_wr50_1,bottle,2,full,test,good,test/good/018.png,1.657704
patchcore_wr50_1,bottle,2,full,test,good,test/good/019.png,1.654861
patchcore_wr50_1,bottle,2,gate,calibration,good,train/good/000.png,1.607890
patchcore_wr50_1,bottle,2,gate,calibration,good,train/good/011.png,1.543812
patchcore_wr50_1,bottle,2,gate,calibration,good,train/good/026.png,1.516732
patchcore_wr50_1,bottle,2,gate,calibration,good,train/good/032.png,1.661655
patchcore_wr50_1,bottle,2,gate,calibration,good,train/good/038.png,1.782991
patchcore_wr50_1,bottle,2,gate,calibration,good,train/good/039.png,1.671781
patchcore_wr50_1,bottle,2,gate,calibration,good,train/good/042.png,1.857811
patchcore_wr50_1,bottle,2,gate,calibration,good,train/good/045.png,1.746904
patchcore_wr50_1,bottle,2,gate,calibration,good,train/good/053.png,1.550903
patchcore_wr50_1,bottle,2,gate,calibration,good,train/good/059.png,1.551966
patchcore_wr50_1,bottle,2,gate,calibration,good,train/good/066.png,1.573522
patchcore_wr50_1,bottle,2,gate,calibration,good,train/good/067.png,1.501971
patchcore_wr50_1,bottle,2,gate,calibration,good,train/good/071.png,1.636636
patchcore_wr50_1,bottle,2,gate,calibration,good,train/good/075.png,1.667176
patchcore_wr50_1,bottle,2,gate,calibration,good,train/good/081.png,1.683543
patchcore_wr50_1,bottle,2,gate,calibration,good,train/good/093.png,1.501121
patchcore_wr50_1,bottle,2,gate,calibration,good,train/good/096.png,1.539520
patchcore_wr50_1,bottle,2,gate,calibration,good,train/good/098.png,1.515505
patchcore_wr50_1,bottle,2,gate,calibration,good,train/good/104.png,1.673698
patchcore_wr50_1,bottle,2,gate,calibration,good,train/good/126.png,1.483632
patchcore_wr50_1,bottle,2,gate,calibration,good,train/good/132.png,2.219314
patchcore_wr50_1,bottle,2,gate,calibration,good,train/good/135.png,1.733033
patchcore_wr50_1,bottle,2,gate,calibration,good,train/good/136.png,1.519269
patchcore_wr50_1,bottle,2,gate,calibration,good,train/good/140.png,1.631450
patchcore_wr50_1,bottle,2,gate,calibration,good,train/good/146.png,1.591968
patchcore_wr50_1,bottle,2,gate,calibration,good,train/good/148.png,1.778316
patchcore_wr50_1,bottle,2,gate,calibration,good,train/good/150.png,1.600322
patchcore_wr50_1,bottle,2,gate,calibration,good,train/good/151.png,1.554626
patchcore_wr50_1,bottle,2,gate,calibration,good,train/good/155.png,1.768861
patchcore_wr50_1,bottle,2,gate,calibration,good,train/good/161.png,1.601476
patchcore_wr50_1,bottle,2,gate,calibration,good,train/good/162.png,1.616683
patchcore_wr50_1,bottle,2,gate,calibration,good,train/good/163.png,1.496976
patchcore_wr50_1,bottle,2,gate,calibration,good,train/good/168.png,1.499934
patchcore_wr50_1,bottle,2,gate,calibration,good,train/good/170.png,1.576865
patchcore_wr50_1,bottle,2,gate,calibration,good,train/good/176.png,1.558555
patchcore_wr50_1,bottle,2,gate,calibration,good,train/good/182.png,1.677133
patchcore_wr50_1,bottle,2,gate,calibration,good,train/good/186.png,1.564307
patchcore_wr50_1,bottle,2,gate,calibration,good,train/good/189.png,1.505142
patchcore_wr50_1,bottle,2,gate,calibration,good,train/good/200.png,1.575791
patchcore_wr50_1,bottle,2,gate,calibration,good,train/good/203.png,1.648101
patchcore_wr50_1,bottle,2,gate,calibration,good,train/good/206.png,1.518164
patchcore_wr50_1,bottle,2,gate,calibration,good,train/good/208.png,1.537371
patchcore_wr50_1,bottle,2,gate,test,broken_large,test/broken_large/000.png,3.475767
patchcore_wr50_1,bottle,2,gate,test,broken_large,test/broken_large/001.png,3.424537
patchcore_wr50_1,bottle,2,gate,test,broken_large,test/broken_large/002.png,3.454866
patchcore_wr50_1,bottle,2,gate,test,broken_large,test/broken_large/003.png,3.619840
patchcore_wr50_1,bottle,2,gate,test,broken_large,test/broken_large/004.png,3.770156
patchcore_wr50_1,bottle,2,gate,test,broken_large,test/broken_large/005.png,3.379884
patchcore_wr50_1,bottle,2,gate,test,broken_large,test/broken_large/006.png,3.661966
patchcore_wr50_1,bottle,2,gate,test,broken_large,test/broken_large/007.png,3.347959
patchcore_wr50_1,bottle,2,gate,test,broken_large,test/broken_large/008.png,3.616660
patchcore_wr50_1,bottle,2,gate,test,broken_large,test/broken_large/009.png,3.338383
patchcore_wr50_1,bottle,2,gate,test,broken_large,test/broken_large/010.png,3.570641
patchcore_wr50_1,bottle,2,gate,test,broken_large,test/broken_large/011.png,2.976881
patchcore_wr50_1,bottle,2,gate,test,broken_large,test/broken_large/012.png,3.752120
patchcore_wr50_1,bottle,2,gate,test,broken_large,test/broken_large/013.png,3.214197
patchcore_wr50_1,bottle,2,gate,test,broken_large,test/broken_large/014.png,3.411392
patchcore_wr50_1,bottle,2,gate,test,broken_large,test/broken_large/015.png,3.487370
patchcore_wr50_1,bottle,2,gate,test,broken_large,test/broken_large/016.png,3.253908
patchcore_wr50_1,bottle,2,gate,test,broken_large,test/broken_large/017.png,3.707487
patchcore_wr50_1,bottle,2,gate,test,broken_large,test/broken_large/018.png,3.454136
patchcore_wr50_1,bottle,2,gate,test,broken_large,test/broken_large/019.png,3.291288
patchcore_wr50_1,bottle,2,gate,test,broken_small,test/broken_small/000.png,2.805670
patchcore_wr50_1,bottle,2,gate,test,broken_small,test/broken_small/001.png,3.426108
patchcore_wr50_1,bottle,2,gate,test,broken_small,test/broken_small/002.png,3.410566
patchcore_wr50_1,bottle,2,gate,test,broken_small,test/broken_small/003.png,3.485177
patchcore_wr50_1,bottle,2,gate,test,broken_small,test/broken_small/004.png,3.815565
patchcore_wr50_1,bottle,2,gate,test,broken_small,test/broken_small/005.png,3.007266
patchcore_wr50_1,bottle,2,gate,test,broken_small,test/broken_small/006.png,3.501306
patchcore_wr50_1,bottle,2,gate,test,broken_small,test/broken_small/007.png,3.140152
patchcore_wr50_1,bottle,2,gate,test,broken_small,test/broken_small/008.png,2.959796
patchcore_wr50_1,bottle,2,gate,test,broken_small,test/broken_small/009.png,3.288724
patchcore_wr50_1,bottle,2,gate,test,broken_small,test/broken_small/010.png,3.556474
patchcore_wr50_1,bottle,2,gate,test,broken_small,test/broken_small/011.png,3.141285
patchcore_wr50_1,bottle,2,gate,test,broken_small,test/broken_small/012.png,3.523220
patchcore_wr50_1,bottle,2,gate,test,broken_small,test/broken_small/013.png,2.979977
patchcore_wr50_1,bottle,2,gate,test,broken_small,test/broken_small/014.png,3.076919
patchcore_wr50_1,bottle,2,gate,test,broken_small,test/broken_small/015.png,3.048286
patchcore_wr50_1,bottle,2,gate,test,broken_small,test/broken_small/016.png,3.269003
patchcore_wr50_1,bottle,2,gate,test,broken_small,test/broken_small/017.png,3.781795
patchcore_wr50_1,bottle,2,gate,test,broken_small,test/broken_small/018.png,3.931966
patchcore_wr50_1,bottle,2,gate,test,broken_small,test/broken_small/019.png,3.471197
patchcore_wr50_1,bottle,2,gate,test,broken_small,test/broken_small/020.png,3.665459
patchcore_wr50_1,bottle,2,gate,test,broken_small,test/broken_small/021.png,3.243363
patchcore_wr50_1,bottle,2,gate,test,contamination,test/contamination/000.png,3.153256
patchcore_wr50_1,bottle,2,gate,test,contamination,test/contamination/001.png,2.605665
patchcore_wr50_1,bottle,2,gate,test,contamination,test/contamination/002.png,2.767052
patchcore_wr50_1,bottle,2,gate,test,contamination,test/contamination/003.png,2.150971
patchcore_wr50_1,bottle,2,gate,test,contamination,test/contamination/004.png,2.442245
patchcore_wr50_1,bottle,2,gate,test,contamination,test/contamination/005.png,3.599991
patchcore_wr50_1,bottle,2,gate,test,contamination,test/contamination/006.png,3.100945
patchcore_wr50_1,bottle,2,gate,test,contamination,test/contamination/007.png,4.095288
patchcore_wr50_1,bottle,2,gate,test,contamination,test/contamination/008.png,3.230801
patchcore_wr50_1,bottle,2,gate,test,contamination,test/contamination/009.png,3.354492
patchcore_wr50_1,bottle,2,gate,test,contamination,test/contamination/010.png,3.292266
patchcore_wr50_1,bottle,2,gate,test,contamination,test/contamination/011.png,2.761846
patchcore_wr50_1,bottle,2,gate,test,contamination,test/contamination/012.png,2.429967
patchcore_wr50_1,bottle,2,gate,test,contamination,test/contamination/013.png,4.175274
patchcore_wr50_1,bottle,2,gate,test,contamination,test/contamination/014.png,2.540277
patchcore_wr50_1,bottle,2,gate,test,contamination,test/contamination/015.png,3.433230
patchcore_wr50_1,bottle,2,gate,test,contamination,test/contamination/016.png,2.746269
patchcore_wr50_1,bottle,2,gate,test,contamination,test/contamination/017.png,3.698540
patchcore_wr50_1,bottle,2,gate,test,contamination,test/contamination/018.png,3.827374
patchcore_wr50_1,bottle,2,gate,test,contamination,test/contamination/019.png,2.308612
patchcore_wr50_1,bottle,2,gate,test,contamination,test/contamination/020.png,2.632193
patchcore_wr50_1,bottle,2,gate,test,good,test/good/000.png,1.614390
patchcore_wr50_1,bottle,2,gate,test,good,test/good/001.png,1.822618
patchcore_wr50_1,bottle,2,gate,test,good,test/good/002.png,1.690169
patchcore_wr50_1,bottle,2,gate,test,good,test/good/003.png,1.535085
patchcore_wr50_1,bottle,2,gate,test,good,test/good/004.png,1.539092
patchcore_wr50_1,bottle,2,gate,test,good,test/good/005.png,1.517991
patchcore_wr50_1,bottle,2,gate,test,good,test/good/006.png,1.629025
patchcore_wr50_1,bottle,2,gate,test,good,test/good/007.png,1.621707
patchcore_wr50_1,bottle,2,gate,test,good,test/good/008.png,1.636663
patchcore_wr50_1,bottle,2,gate,test,good,test/good/009.png,1.706351
patchcore_wr50_1,bottle,2,gate,test,good,test/good/010.png,1.668710
patchcore_wr50_1,bottle,2,gate,test,good,test/good/011.png,1.562909
patchcore_wr50_1,bottle,2,gate,test,good,test/good/012.png,1.609262
patchcore_wr50_1,bottle,2,gate,test,good,test/good/013.png,1.579063
patchcore_wr50_1,bottle,2,gate,test,good,test/good/014.png,1.585324
patchcore_wr50_1,bottle,2,gate,test,good,test/good/015.png,1.775931
patchcore_wr50_1,bottle,2,gate,test,good,test/good/016.png,1.642903
patchcore_wr50_1,bottle,2,gate,test,good,test/good/017.png,1.542300
patchcore_wr50_1,bottle,2,gate,test,good,test/good/018.png,1.724782
patchcore_wr50_1,bottle,2,gate,test,good,test/good/019.png,1.720578
patchcore_wr50_1,grid,0,full,test,bent,test/bent/000.png,2.217201
patchcore_wr50_1,grid,0,full,test,bent,test/bent/001.png,2.640547
patchcore_wr50_1,grid,0,full,test,bent,test/bent/002.png,2.276205
patchcore_wr50_1,grid,0,full,test,bent,test/bent/003.png,2.343351
patchcore_wr50_1,grid,0,full,test,bent,test/bent/004.png,2.373261
patchcore_wr50_1,grid,0,full,test,bent,test/bent/005.png,2.276806
patchcore_wr50_1,grid,0,full,test,bent,test/bent/006.png,2.448812
patchcore_wr50_1,grid,0,full,test,bent,test/bent/007.png,2.197063
patchcore_wr50_1,grid,0,full,test,bent,test/bent/008.png,2.096249
patchcore_wr50_1,grid,0,full,test,bent,test/bent/009.png,2.853715
patchcore_wr50_1,grid,0,full,test,bent,test/bent/010.png,2.682498
patchcore_wr50_1,grid,0,full,test,bent,test/bent/011.png,2.567234
patchcore_wr50_1,grid,0,full,test,broken,test/broken/000.png,2.485541
patchcore_wr50_1,grid,0,full,test,broken,test/broken/001.png,3.286790
patchcore_wr50_1,grid,0,full,test,broken,test/broken/002.png,2.271914
patchcore_wr50_1,grid,0,full,test,broken,test/broken/003.png,2.921613
patchcore_wr50_1,grid,0,full,test,broken,test/broken/004.png,2.727564
patchcore_wr50_1,grid,0,full,test,broken,test/broken/005.png,2.366454
patchcore_wr50_1,grid,0,full,test,broken,test/broken/006.png,2.382821
patchcore_wr50_1,grid,0,full,test,broken,test/broken/007.png,2.478754
patchcore_wr50_1,grid,0,full,test,broken,test/broken/008.png,2.340672
patchcore_wr50_1,grid,0,full,test,broken,test/broken/009.png,2.603801
patchcore_wr50_1,grid,0,full,test,broken,test/broken/010.png,2.869864
patchcore_wr50_1,grid,0,full,test,broken,test/broken/011.png,2.382588
patchcore_wr50_1,grid,0,full,test,glue,test/glue/000.png,1.841044
patchcore_wr50_1,grid,0,full,test,glue,test/glue/001.png,2.122564
patchcore_wr50_1,grid,0,full,test,glue,test/glue/002.png,2.322703
patchcore_wr50_1,grid,0,full,test,glue,test/glue/003.png,1.914927
patchcore_wr50_1,grid,0,full,test,glue,test/glue/004.png,2.181282
patchcore_wr50_1,grid,0,full,test,glue,test/glue/005.png,2.213427
patchcore_wr50_1,grid,0,full,test,glue,test/glue/006.png,1.996478
patchcore_wr50_1,grid,0,full,test,glue,test/glue/007.png,2.136653
patchcore_wr50_1,grid,0,full,test,glue,test/glue/008.png,1.668535
patchcore_wr50_1,grid,0,full,test,glue,test/glue/009.png,2.071297
patchcore_wr50_1,grid,0,full,test,glue,test/glue/010.png,2.370535
patchcore_wr50_1,grid,0,full,test,good,test/good/000.png,1.763961
patchcore_wr50_1,grid,0,full,test,good,test/good/001.png,1.680760
patchcore_wr50_1,grid,0,full,test,good,test/good/002.png,1.645291
patchcore_wr50_1,grid,0,full,test,good,test/good/003.png,1.945675
patchcore_wr50_1,grid,0,full,test,good,test/good/004.png,1.794448
patchcore_wr50_1,grid,0,full,test,good,test/good/005.png,1.781037
patchcore_wr50_1,grid,0,full,test,good,test/good/006.png,1.934562
patchcore_wr50_1,grid,0,full,test,good,test/good/007.png,1.615652
patchcore_wr50_1,grid,0,full,test,good,test/good/008.png,1.773898
patchcore_wr50_1,grid,0,full,test,good,test/good/009.png,1.642937
patchcore_wr50_1,grid,0,full,test,good,test/good/010.png,1.744244
patchcore_wr50_1,grid,0,full,test,good,test/good/011.png,1.717356
patchcore_wr50_1,grid,0,full,test,good,test/good/012.png,1.782377
patchcore_wr50_1,grid,0,full,test,good,test/good/013.png,1.787855
patchcore_wr50_1,grid,0,full,test,good,test/good/014.png,1.627355
patchcore_wr50_1,grid,0,full,test,good,test/good/015.png,1.629904
patchcore_wr50_1,grid,0,full,test,good,test/good/016.png,1.694984
patchcore_wr50_1,grid,0,full,test,good,test/good/017.png,1.703134
patchcore_wr50_1,grid,0,full,test,good,test/good/018.png,2.107022
patchcore_wr50_1,grid,0,full,test,good,test/good/019.png,1.637328
patchcore_wr50_1,grid,0,full,test,good,test/good/020.png,1.848787
patchcore_wr50_1,grid,0,full,test,metal_contamination,test/metal_contamination/000.png,2.638707
patchcore_wr50_1,grid,0,full,test,metal_contamination,test/metal_contamination/001.png,2.693055
patchcore_wr50_1,grid,0,full,test,metal_contamination,test/metal_contamination/002.png,3.207510
patchcore_wr50_1,grid,0,full,test,metal_contamination,test/metal_contamination/003.png,2.424495
patchcore_wr50_1,grid,0,full,test,metal_contamination,test/metal_contamination/004.png,2.439209
patchcore_wr50_1,grid,0,full,test,metal_contamination,test/metal_contamination/005.png,2.306057
patchcore_wr50_1,grid,0,full,test,metal_contamination,test/metal_contamination/006.png,2.164242
patchcore_wr50_1,grid,0,full,test,metal_contamination,test/metal_contamination/007.png,2.022610
patchcore_wr50_1,grid,0,full,test,metal_contamination,test/metal_contamination/008.png,2.514303
patchcore_wr50_1,grid,0,full,test,metal_contamination,test/metal_contamination/009.png,2.082885
patchcore_wr50_1,grid,0,full,test,metal_contamination,test/metal_contamination/010.png,2.336291
patchcore_wr50_1,grid,0,full,test,thread,test/thread/000.png,2.350206
patchcore_wr50_1,grid,0,full,test,thread,test/thread/001.png,3.076491
patchcore_wr50_1,grid,0,full,test,thread,test/thread/002.png,1.948045
patchcore_wr50_1,grid,0,full,test,thread,test/thread/003.png,1.870271
patchcore_wr50_1,grid,0,full,test,thread,test/thread/004.png,2.724780
patchcore_wr50_1,grid,0,full,test,thread,test/thread/005.png,3.077942
patchcore_wr50_1,grid,0,full,test,thread,test/thread/006.png,2.329652
patchcore_wr50_1,grid,0,full,test,thread,test/thread/007.png,2.101646
patchcore_wr50_1,grid,0,full,test,thread,test/thread/008.png,2.099768
patchcore_wr50_1,grid,0,full,test,thread,test/thread/009.png,2.447186
patchcore_wr50_1,grid,0,full,test,thread,test/thread/010.png,2.617683
patchcore_wr50_1,grid,0,gate,calibration,good,train/good/000.png,1.653176
patchcore_wr50_1,grid,0,gate,calibration,good,train/good/006.png,1.641477
patchcore_wr50_1,grid,0,gate,calibration,good,train/good/013.png,1.783714
patchcore_wr50_1,grid,0,gate,calibration,good,train/good/017.png,2.031012
patchcore_wr50_1,grid,0,gate,calibration,good,train/good/018.png,1.826064
patchcore_wr50_1,grid,0,gate,calibration,good,train/good/025.png,1.727848
patchcore_wr50_1,grid,0,gate,calibration,good,train/good/033.png,1.718460
patchcore_wr50_1,grid,0,gate,calibration,good,train/good/036.png,1.745528
patchcore_wr50_1,grid,0,gate,calibration,good,train/good/039.png,1.698195
patchcore_wr50_1,grid,0,gate,calibration,good,train/good/041.png,1.886632
patchcore_wr50_1,grid,0,gate,calibration,good,train/good/065.png,1.750323
patchcore_wr50_1,grid,0,gate,calibration,good,train/good/068.png,1.787192
patchcore_wr50_1,grid,0,gate,calibration,good,train/good/070.png,1.868518
patchcore_wr50_1,grid,0,gate,calibration,good,train/good/071.png,1.825963
patchcore_wr50_1,grid,0,gate,calibration,good,train/good/074.png,1.728726
patchcore_wr50_1,grid,0,gate,calibration,good,train/good/075.png,1.671160
patchcore_wr50_1,grid,0,gate,calibration,good,train/good/092.png,1.720203
patchcore_wr50_1,grid,0,gate,calibration,good,train/good/093.png,1.970805
patchcore_wr50_1,grid,0,gate,calibration,good,train/good/094.png,1.673581
patchcore_wr50_1,grid,0,gate,calibration,good,train/good/097.png,1.772970
patchcore_wr50_1,grid,0,gate,calibration,good,train/good/098.png,1.748715
patchcore_wr50_1,grid,0,gate,calibration,good,train/good/103.png,1.660071
patchcore_wr50_1,grid,0,gate,calibration,good,train/good/111.png,1.927023
patchcore_wr50_1,grid,0,gate,calibration,good,train/good/116.png,1.663634
patchcore_wr50_1,grid,0,gate,calibration,good,train/good/123.png,1.813581
patchcore_wr50_1,grid,0,gate,calibration,good,train/good/124.png,1.670373
patchcore_wr50_1,grid,0,gate,calibration,good,train/good/126.png,1.711947
patchcore_wr50_1,grid,0,gate,calibration,good,train/good/130.png,1.779000
patchcore_wr50_1,grid,0,gate,calibration,good,train/good/132.png,1.774828
patchcore_wr50_1,grid,0,gate,calibration,good,train/good/133.png,1.748844
patchcore_wr50_1,grid,0,gate,calibration,good,train/good/138.png,1.685481
patchcore_wr50_1,grid,0,gate,calibration,good,train/good/140.png,1.730473
patchcore_wr50_1,grid,0,gate,calibration,good,train/good/142.png,1.741286
patchcore_wr50_1,grid,0,gate,calibration,good,train/good/148.png,1.873266
patchcore_wr50_1,grid,0,gate,calibration,good,train/good/149.png,1.742532
patchcore_wr50_1,grid,0,gate,calibration,good,train/good/157.png,1.840919
patchcore_wr50_1,grid,0,gate,calibration,good,train/good/160.png,1.809192
patchcore_wr50_1,grid,0,gate,calibration,good,train/good/161.png,1.655758
patchcore_wr50_1,grid,0,gate,calibration,good,train/good/164.png,1.929573
patchcore_wr50_1,grid,0,gate,calibration,good,train/good/165.png,1.750904
patchcore_wr50_1,grid,0,gate,calibration,good,train/good/167.png,1.842456
patchcore_wr50_1,grid,0,gate,calibration,good,train/good/173.png,1.669850
patchcore_wr50_1,grid,0,gate,calibration,good,train/good/194.png,1.842217
patchcore_wr50_1,grid,0,gate,calibration,good,train/good/200.png,1.691260
patchcore_wr50_1,grid,0,gate,calibration,good,train/good/201.png,1.627020
patchcore_wr50_1,grid,0,gate,calibration,good,train/good/214.png,1.742188
patchcore_wr50_1,grid,0,gate,calibration,good,train/good/223.png,1.672250
patchcore_wr50_1,grid,0,gate,calibration,good,train/good/227.png,1.708363
patchcore_wr50_1,grid,0,gate,calibration,good,train/good/229.png,1.707342
patchcore_wr50_1,grid,0,gate,calibration,good,train/good/235.png,1.776034
patchcore_wr50_1,grid,0,gate,calibration,good,train/good/239.png,1.660512
patchcore_wr50_1,grid,0,gate,calibration,good,train/good/246.png,1.762902
patchcore_wr50_1,grid,0,gate,calibration,good,train/good/249.png,1.823311
patchcore_wr50_1,grid,0,gate,test,bent,test/bent/000.png,2.178399
patchcore_wr50_1,grid,0,gate,test,bent,test/bent/001.png,2.850706
patchcore_wr50_1,grid,0,gate,test,bent,test/bent/002.png,2.311813
patchcore_wr50_1,grid,0,gate,test,bent,test/bent/003.png,2.435234
patchcore_wr50_1,grid,0,gate,test,bent,test/bent/004.png,2.395622
patchcore_wr50_1,grid,0,gate,test,bent,test/bent/005.png,2.314107
patchcore_wr50_1,grid,0,gate,test,bent,test/bent/006.png,2.460518
patchcore_wr50_1,grid,0,gate,test,bent,test/bent/007.png,2.267654
patchcore_wr50_1,grid,0,gate,test,bent,test/bent/008.png,2.100946
patchcore_wr50_1,grid,0,gate,test,bent,test/bent/009.png,2.864434
patchcore_wr50_1,grid,0,gate,test,bent,test/bent/010.png,2.695388
patchcore_wr50_1,grid,0,gate,test,bent,test/bent/011.png,2.528022
patchcore_wr50_1,grid,0,gate,test,broken,test/broken/000.png,2.489877
patchcore_wr50_1,grid,0,gate,test,broken,test/broken/001.png,3.328853
patchcore_wr50_1,grid,0,gate,test,broken,test/broken/002.png,2.341320
patchcore_wr50_1,grid,0,gate,test,broken,test/broken/003.png,2.970248
patchcore_wr50_1,grid,0,gate,test,broken,test/broken/004.png,2.623437
patchcore_wr50_1,grid,0,gate,test,broken,test/broken/005.png,2.337447
patchcore_wr50_1,grid,0,gate,test,broken,test/broken/006.png,2.560442
patchcore_wr50_1,grid,0,gate,test,broken,test/broken/007.png,2.441940
patchcore_wr50_1,grid,0,gate,test,broken,test/broken/008.png,2.388569
patchcore_wr50_1,grid,0,gate,test,broken,test/broken/009.png,2.693018
patchcore_wr50_1,grid,0,gate,test,broken,test/broken/010.png,2.844149
patchcore_wr50_1,grid,0,gate,test,broken,test/broken/011.png,2.308445
patchcore_wr50_1,grid,0,gate,test,glue,test/glue/000.png,1.900598
patchcore_wr50_1,grid,0,gate,test,glue,test/glue/001.png,2.027618
patchcore_wr50_1,grid,0,gate,test,glue,test/glue/002.png,2.288330
patchcore_wr50_1,grid,0,gate,test,glue,test/glue/003.png,1.945635
patchcore_wr50_1,grid,0,gate,test,glue,test/glue/004.png,2.184982
patchcore_wr50_1,grid,0,gate,test,glue,test/glue/005.png,2.235181
patchcore_wr50_1,grid,0,gate,test,glue,test/glue/006.png,2.014431
patchcore_wr50_1,grid,0,gate,test,glue,test/glue/007.png,2.099009
patchcore_wr50_1,grid,0,gate,test,glue,test/glue/008.png,1.616711
patchcore_wr50_1,grid,0,gate,test,glue,test/glue/009.png,2.125955
patchcore_wr50_1,grid,0,gate,test,glue,test/glue/010.png,2.499654
patchcore_wr50_1,grid,0,gate,test,good,test/good/000.png,1.809549
patchcore_wr50_1,grid,0,gate,test,good,test/good/001.png,1.752102
patchcore_wr50_1,grid,0,gate,test,good,test/good/002.png,1.733405
patchcore_wr50_1,grid,0,gate,test,good,test/good/003.png,2.004968
patchcore_wr50_1,grid,0,gate,test,good,test/good/004.png,1.734732
patchcore_wr50_1,grid,0,gate,test,good,test/good/005.png,1.902822
patchcore_wr50_1,grid,0,gate,test,good,test/good/006.png,1.884880
patchcore_wr50_1,grid,0,gate,test,good,test/good/007.png,1.694943
patchcore_wr50_1,grid,0,gate,test,good,test/good/008.png,1.802357
patchcore_wr50_1,grid,0,gate,test,good,test/good/009.png,1.733598
patchcore_wr50_1,grid,0,gate,test,good,test/good/010.png,1.742733
patchcore_wr50_1,grid,0,gate,test,good,test/good/011.png,1.716699
patchcore_wr50_1,grid,0,gate,test,good,test/good/012.png,1.760104
patchcore_wr50_1,grid,0,gate,test,good,test/good/013.png,1.727622
patchcore_wr50_1,grid,0,gate,test,good,test/good/014.png,1.692059
patchcore_wr50_1,grid,0,gate,test,good,test/good/015.png,1.696798
patchcore_wr50_1,grid,0,gate,test,good,test/good/016.png,1.699986
patchcore_wr50_1,grid,0,gate,test,good,test/good/017.png,1.740416
patchcore_wr50_1,grid,0,gate,test,good,test/good/018.png,2.125386
patchcore_wr50_1,grid,0,gate,test,good,test/good/019.png,1.791493
patchcore_wr50_1,grid,0,gate,test,good,test/good/020.png,1.841646
patchcore_wr50_1,grid,0,gate,test,metal_contamination,test/metal_contamination/000.png,2.610512
patchcore_wr50_1,grid,0,gate,test,metal_contamination,test/metal_contamination/001.png,2.654512
patchcore_wr50_1,grid,0,gate,test,metal_contamination,test/metal_contamination/002.png,3.221571
patchcore_wr50_1,grid,0,gate,test,metal_contamination,test/metal_contamination/003.png,2.424497
patchcore_wr50_1,grid,0,gate,test,metal_contamination,test/metal_contamination/004.png,2.649024
patchcore_wr50_1,grid,0,gate,test,metal_contamination,test/metal_contamination/005.png,2.422303
patchcore_wr50_1,grid,0,gate,test,metal_contamination,test/metal_contamination/006.png,2.178098
patchcore_wr50_1,grid,0,gate,test,metal_contamination,test/metal_contamination/007.png,2.119700
patchcore_wr50_1,grid,0,gate,test,metal_contamination,test/metal_contamination/008.png,2.558676
patchcore_wr50_1,grid,0,gate,test,metal_contamination,test/metal_contamination/009.png,1.994572
patchcore_wr50_1,grid,0,gate,test,metal_contamination,test/metal_contamination/010.png,2.375324
patchcore_wr50_1,grid,0,gate,test,thread,test/thread/000.png,2.355812
patchcore_wr50_1,grid,0,gate,test,thread,test/thread/001.png,3.033383
patchcore_wr50_1,grid,0,gate,test,thread,test/thread/002.png,1.887955
patchcore_wr50_1,grid,0,gate,test,thread,test/thread/003.png,1.824330
patchcore_wr50_1,grid,0,gate,test,thread,test/thread/004.png,2.744395
patchcore_wr50_1,grid,0,gate,test,thread,test/thread/005.png,3.097440
patchcore_wr50_1,grid,0,gate,test,thread,test/thread/006.png,2.302372
patchcore_wr50_1,grid,0,gate,test,thread,test/thread/007.png,2.108454
patchcore_wr50_1,grid,0,gate,test,thread,test/thread/008.png,2.091644
patchcore_wr50_1,grid,0,gate,test,thread,test/thread/009.png,2.495871
patchcore_wr50_1,grid,0,gate,test,thread,test/thread/010.png,2.472808
patchcore_wr50_1,grid,1,full,test,bent,test/bent/000.png,2.145655
patchcore_wr50_1,grid,1,full,test,bent,test/bent/001.png,2.744292
patchcore_wr50_1,grid,1,full,test,bent,test/bent/002.png,2.394202
patchcore_wr50_1,grid,1,full,test,bent,test/bent/003.png,2.512246
patchcore_wr50_1,grid,1,full,test,bent,test/bent/004.png,2.326199
patchcore_wr50_1,grid,1,full,test,bent,test/bent/005.png,2.220461
patchcore_wr50_1,grid,1,full,test,bent,test/bent/006.png,2.439876
patchcore_wr50_1,grid,1,full,test,bent,test/bent/007.png,2.154197
patchcore_wr50_1,grid,1,full,test,bent,test/bent/008.png,2.128911
patchcore_wr50_1,grid,1,full,test,bent,test/bent/009.png,2.793594
patchcore_wr50_1,grid,1,full,test,bent,test/bent/010.png,2.681131
patchcore_wr50_1,grid,1,full,test,bent,test/bent/011.png,2.508951
patchcore_wr50_1,grid,1,full,test,broken,test/broken/000.png,2.408601
patchcore_wr50_1,grid,1,full,test,broken,test/broken/001.png,3.358498
patchcore_wr50_1,grid,1,full,test,broken,test/broken/002.png,2.306000
patchcore_wr50_1,grid,1,full,test,broken,test/broken/003.png,2.970423
patchcore_wr50_1,grid,1,full,test,broken,test/broken/004.png,2.769036
patchcore_wr50_1,grid,1,full,test,broken,test/broken/005.png,2.370971
patchcore_wr50_1,grid,1,full,test,broken,test/broken/006.png,2.496744
patchcore_wr50_1,grid,1,full,test,broken,test/broken/007.png,2.508203
patchcore_wr50_1,grid,1,full,test,broken,test/broken/008.png,2.399834
patchcore_wr50_1,grid,1,full,test,broken,test/broken/009.png,2.649386
patchcore_wr50_1,grid,1,full,test,broken,test/broken/010.png,2.865441
patchcore_wr50_1,grid,1,full,test,broken,test/broken/011.png,2.331581
patchcore_wr50_1,grid,1,full,test,glue,test/glue/000.png,1.968182
patchcore_wr50_1,grid,1,full,test,glue,test/glue/001.png,2.014660
patchcore_wr50_1,grid,1,full,test,glue,test/glue/002.png,2.335563
patchcore_wr50_1,grid,1,full,test,glue,test/glue/003.png,1.953680
patchcore_wr50_1,grid,1,full,test,glue,test/glue/004.png,2.203612
patchcore_wr50_1,grid,1,full,test,glue,test/glue/005.png,2.270503
patchcore_wr50_1,grid,1,full,test,glue,test/glue/006.png,2.100656
patchcore_wr50_1,grid,1,full,test,glue,test/glue/007.png,2.046296
patchcore_wr50_1,grid,1,full,test,glue,test/glue/008.png,1.678255
patchcore_wr50_1,grid,1,full,test,glue,test/glue/009.png,2.046855
patchcore_wr50_1,grid,1,full,test,glue,test/glue/010.png,2.298958
patchcore_wr50_1,grid,1,full,test,good,test/good/000.png,1.668686
patchcore_wr50_1,grid,1,full,test,good,test/good/001.png,1.659437
patchcore_wr50_1,grid,1,full,test,good,test/good/002.png,1.661524
patchcore_wr50_1,grid,1,full,test,good,test/good/003.png,1.798114
patchcore_wr50_1,grid,1,full,test,good,test/good/004.png,1.742939
patchcore_wr50_1,grid,1,full,test,good,test/good/005.png,1.764558
patchcore_wr50_1,grid,1,full,test,good,test/good/006.png,1.874185
patchcore_wr50_1,grid,1,full,test,good,test/good/007.png,1.670376
patchcore_wr50_1,grid,1,full,test,good,test/good/008.png,1.804436
patchcore_wr50_1,grid,1,full,test,good,test/good/009.png,1.652704
patchcore_wr50_1,grid,1,full,test,good,test/good/010.png,1.748128
patchcore_wr50_1,grid,1,full,test,good,test/good/011.png,1.758101
patchcore_wr50_1,grid,1,full,test,good,test/good/012.png,1.726786
patchcore_wr50_1,grid,1,full,test,good,test/good/013.png,1.666045
patchcore_wr50_1,grid,1,full,test,good,test/good/014.png,1.727500
patchcore_wr50_1,grid,1,full,test,good,test/good/015.png,1.647698
patchcore_wr50_1,grid,1,full,test,good,test/good/016.png,1.692982
patchcore_wr50_1,grid,1,full,test,good,test/good/017.png,1.761611
patchcore_wr50_1,grid,1,full,test,good,test/good/018.png,2.108592
patchcore_wr50_1,grid,1,full,test,good,test/good/019.png,1.694667
patchcore_wr50_1,grid,1,full,test,good,test/good/020.png,1.814797
patchcore_wr50_1,grid,1,full,test,metal_contamination,test/metal_contamination/000.png,2.523700
patchcore_wr50_1,grid,1,full,test,metal_contamination,test/metal_contamination/001.png,2.682536
patchcore_wr50_1,grid,1,full,test,metal_contamination,test/metal_contamination/002.png,3.228234
patchcore_wr50_1,grid,1,full,test,metal_contamination,test/metal_contamination/003.png,2.453700
patchcore_wr50_1,grid,1,full,test,metal_contamination,test/metal_contamination/004.png,2.525486
patchcore_wr50_1,grid,1,full,test,metal_contamination,test/metal_contamination/005.png,2.359234
patchcore_wr50_1,grid,1,full,test,metal_contamination,test/metal_contamination/006.png,2.160737
patchcore_wr50_1,grid,1,full,test,metal_contamination,test/metal_contamination/007.png,2.088124
patchcore_wr50_1,grid,1,full,test,metal_contamination,test/metal_contamination/008.png,2.539125
patchcore_wr50_1,grid,1,full,test,metal_contamination,test/metal_contamination/009.png,1.986488
patchcore_wr50_1,grid,1,full,test,metal_contamination,test/metal_contamination/010.png,2.390397
patchcore_wr50_1,grid,1,full,test,thread,test/thread/000.png,2.324798
patchcore_wr50_1,grid,1,full,test,thread,test/thread/001.png,3.082433
patchcore_wr50_1,grid,1,full,test,thread,test/thread/002.png,1.883561
patchcore_wr50_1,grid,1,full,test,thread,test/thread/003.png,1.864233
patchcore_wr50_1,grid,1,full,test,thread,test/thread/004.png,2.748570
patchcore_wr50_1,grid,1,full,test,thread,test/thread/005.png,3.073861
patchcore_wr50_1,grid,1,full,test,thread,test/thread/006.png,2.299176
patchcore_wr50_1,grid,1,full,test,thread,test/thread/007.png,2.145270
patchcore_wr50_1,grid,1,full,test,thread,test/thread/008.png,2.120993
patchcore_wr50_1,grid,1,full,test,thread,test/thread/009.png,2.531693
patchcore_wr50_1,grid,1,full,test,thread,test/thread/010.png,2.583121
patchcore_wr50_1,grid,1,gate,calibration,good,train/good/001.png,1.742264
patchcore_wr50_1,grid,1,gate,calibration,good,train/good/005.png,1.625237
patchcore_wr50_1,grid,1,gate,calibration,good,train/good/006.png,1.694020
patchcore_wr50_1,grid,1,gate,calibration,good,train/good/007.png,1.739312
patchcore_wr50_1,grid,1,gate,calibration,good,train/good/008.png,1.664343
patchcore_wr50_1,grid,1,gate,calibration,good,train/good/013.png,1.804391
patchcore_wr50_1,grid,1,gate,calibration,good,train/good/014.png,1.794530
patchcore_wr50_1,grid,1,gate,calibration,good,train/good/019.png,1.707856
patchcore_wr50_1,grid,1,gate,calibration,good,train/good/021.png,1.762091
patchcore_wr50_1,grid,1,gate,calibration,good,train/good/022.png,1.652850
patchcore_wr50_1,grid,1,gate,calibration,good,train/good/023.png,1.771777
patchcore_wr50_1,grid,1,gate,calibration,good,train/good/024.png,1.851713
patchcore_wr50_1,grid,1,gate,calibration,good,train/good/029.png,1.894980
patchcore_wr50_1,grid,1,gate,calibration,good,train/good/032.png,1.758502
patchcore_wr50_1,grid,1,gate,calibration,good,train/good/043.png,1.935905
patchcore_wr50_1,grid,1,gate,calibration,good,train/good/048.png,1.913108
patchcore_wr50_1,grid,1,gate,calibration,good,train/good/059.png,1.744911
patchcore_wr50_1,grid,1,gate,calibration,good,train/good/063.png,1.775916
patchcore_wr50_1,grid,1,gate,calibration,good,train/good/067.png,1.734404
patchcore_wr50_1,grid,1,gate,calibration,good,train/good/073.png,1.634096
patchcore_wr50_1,grid,1,gate,calibration,good,train/good/078.png,1.755330
patchcore_wr50_1,grid,1,gate,calibration,good,train/good/084.png,1.663677
patchcore_wr50_1,grid,1,gate,calibration,good,train/good/088.png,1.725319
patchcore_wr50_1,grid,1,gate,calibration,good,train/good/096.png,1.685695
patchcore_wr50_1,grid,1,gate,calibration,good,train/good/099.png,1.910365
patchcore_wr50_1,grid,1,gate,calibration,good,train/good/105.png,1.661133
patchcore_wr50_1,grid,1,gate,calibration,good,train/good/106.png,1.611155
patchcore_wr50_1,grid,1,gate,calibration,good,train/good/108.png,1.723826
patchcore_wr50_1,grid,1,gate,calibration,good,train/good/111.png,1.810144
patchcore_wr50_1,grid,1,gate,calibration,good,train/good/123.png,1.712665
patchcore_wr50_1,grid,1,gate,calibration,good,train/good/124.png,1.719473
patchcore_wr50_1,grid,1,gate,calibration,good,train/good/126.png,1.750182
patchcore_wr50_1,grid,1,gate,calibration,good,train/good/133.png,1.728172
patchcore_wr50_1,grid,1,gate,calibration,good,train/good/135.png,1.758716
patchcore_wr50_1,grid,1,gate,calibration,good,train/good/136.png,1.709699
patchcore_wr50_1,grid,1,gate,calibration,good,train/good/145.png,1.813283
patchcore_wr50_1,grid,1,gate,calibration,good,train/good/150.png,1.676354
patchcore_wr50_1,grid,1,gate,calibration,good,train/good/160.png,1.793637
patchcore_wr50_1,grid,1,gate,calibration,good,train/good/171.png,1.702717
patchcore_wr50_1,grid,1,gate,calibration,good,train/good/172.png,1.844199
patchcore_wr50_1,grid,1,gate,calibration,good,train/good/175.png,1.769960
patchcore_wr50_1,grid,1,gate,calibration,good,train/good/180.png,1.854248
patchcore_wr50_1,grid,1,gate,calibration,good,train/good/191.png,1.710991
patchcore_wr50_1,grid,1,gate,calibration,good,train/good/195.png,1.737249
patchcore_wr50_1,grid,1,gate,calibration,good,train/good/197.png,1.644986
patchcore_wr50_1,grid,1,gate,calibration,good,train/good/201.png,1.712725
patchcore_wr50_1,grid,1,gate,calibration,good,train/good/214.png,1.743412
patchcore_wr50_1,grid,1,gate,calibration,good,train/good/217.png,1.725358
patchcore_wr50_1,grid,1,gate,calibration,good,train/good/229.png,1.714020
patchcore_wr50_1,grid,1,gate,calibration,good,train/good/237.png,1.863197
patchcore_wr50_1,grid,1,gate,calibration,good,train/good/244.png,1.835586
patchcore_wr50_1,grid,1,gate,calibration,good,train/good/258.png,1.923896
patchcore_wr50_1,grid,1,gate,calibration,good,train/good/259.png,1.822975
patchcore_wr50_1,grid,1,gate,test,bent,test/bent/000.png,2.190254
patchcore_wr50_1,grid,1,gate,test,bent,test/bent/001.png,2.761659
patchcore_wr50_1,grid,1,gate,test,bent,test/bent/002.png,2.343789
patchcore_wr50_1,grid,1,gate,test,bent,test/bent/003.png,2.435234
patchcore_wr50_1,grid,1,gate,test,bent,test/bent/004.png,2.368438
patchcore_wr50_1,grid,1,gate,test,bent,test/bent/005.png,2.273551
patchcore_wr50_1,grid,1,gate,test,bent,test/bent/006.png,2.447380
patchcore_wr50_1,grid,1,gate,test,bent,test/bent/007.png,2.224933
patchcore_wr50_1,grid,1,gate,test,bent,test/bent/008.png,2.169056
patchcore_wr50_1,grid,1,gate,test,bent,test/bent/009.png,2.835822
patchcore_wr50_1,grid,1,gate,test,bent,test/bent/010.png,2.741481
patchcore_wr50_1,grid,1,gate,test,bent,test/bent/011.png,2.463982
patchcore_wr50_1,grid,1,gate,test,broken,test/broken/000.png,2.426534
patchcore_wr50_1,grid,1,gate,test,broken,test/broken/001.png,3.337708
patchcore_wr50_1,grid,1,gate,test,broken,test/broken/002.png,2.402946
patchcore_wr50_1,grid,1,gate,test,broken,test/broken/003.png,2.924113
patchcore_wr50_1,grid,1,gate,test,broken,test/broken/004.png,2.668516
patchcore_wr50_1,grid,1,gate,test,broken,test/broken/005.png,2.370731
patchcore_wr50_1,grid,1,gate,test,broken,test/broken/006.png,2.561514
patchcore_wr50_1,grid,1,gate,test,broken,test/broken/007.png,2.531749
patchcore_wr50_1,grid,1,gate,test,broken,test/broken/008.png,2.442318
patchcore_wr50_1,grid,1,gate,test,broken,test/broken/009.png,2.659418
patchcore_wr50_1,grid,1,gate,test,broken,test/broken/010.png,2.890968
patchcore_wr50_1,grid,1,gate,test,broken,test/broken/011.png,2.510784
patchcore_wr50_1,grid,1,gate,test,glue,test/glue/000.png,1.856949
patchcore_wr50_1,grid,1,gate,test,glue,test/glue/001.png,1.933196
patchcore_wr50_1,grid,1,gate,test,glue,test/glue/002.png,2.335561
patchcore_wr50_1,grid,1,gate,test,glue,test/glue/003.png,1.959904
patchcore_wr50_1,grid,1,gate,test,glue,test/glue/004.png,2.287761
patchcore_wr50_1,grid,1,gate,test,glue,test/glue/005.png,2.277460
patchcore_wr50_1,grid,1,gate,test,glue,test/glue/006.png,2.031490
patchcore_wr50_1,grid,1,gate,test,glue,test/glue/007.png,2.042871
patchcore_wr50_1,grid,1,gate,test,glue,test/glue/008.png,1.602117
patchcore_wr50_1,grid,1,gate,test,glue,test/glue/009.png,1.998852
patchcore_wr50_1,grid,1,gate,test,glue,test/glue/010.png,2.351618
patchcore_wr50_1,grid,1,gate,test,good,test/good/000.png,1.790035
patchcore_wr50_1,grid,1,gate,test,good,test/good/001.png,1.717724
patchcore_wr50_1,grid,1,gate,test,good,test/good/002.png,1.758249
patchcore_wr50_1,grid,1,gate,test,good,test/good/003.png,1.805758
patchcore_wr50_1,grid,1,gate,test,good,test/good/004.png,1.678861
patchcore_wr50_1,grid,1,gate,test,good,test/good/005.png,1.928290
patchcore_wr50_1,grid,1,gate,test,good,test/good/006.png,1.838018
patchcore_wr50_1,grid,1,gate,test,good,test/good/007.png,1.668716
patchcore_wr50_1,grid,1,gate,test,good,test/good/008.png,1.822182
patchcore_wr50_1,grid,1,gate,test,good,test/good/009.png,1.741195
patchcore_wr50_1,grid,1,gate,test,good,test/good/010.png,1.953562
patchcore_wr50_1,grid,1,gate,test,good,test/good/011.png,1.784819
patchcore_wr50_1,grid,1,gate,test,good,test/good/012.png,1.991070
patchcore_wr50_1,grid,1,gate,test,good,test/good/013.png,1.715366
patchcore_wr50_1,grid,1,gate,test,good,test/good/014.png,1.680290
patchcore_wr50_1,grid,1,gate,test,good,test/good/015.png,1.666923
patchcore_wr50_1,grid,1,gate,test,good,test/good/016.png,1.727282
patchcore_wr50_1,grid,1,gate,test,good,test/good/017.png,1.724805
patchcore_wr50_1,grid,1,gate,test,good,test/good/018.png,2.051942
patchcore_wr50_1,grid,1,gate,test,good,test/good/019.png,1.706684
patchcore_wr50_1,grid,1,gate,test,good,test/good/020.png,1.842561
patchcore_wr50_1,grid,1,gate,test,metal_contamination,test/metal_contamination/000.png,2.667849
patchcore_wr50_1,grid,1,gate,test,metal_contamination,test/metal_contamination/001.png,2.653352
patchcore_wr50_1,grid,1,gate,test,metal_contamination,test/metal_contamination/002.png,3.221571
patchcore_wr50_1,grid,1,gate,test,metal_contamination,test/metal_contamination/003.png,2.489773
patchcore_wr50_1,grid,1,gate,test,metal_contamination,test/metal_contamination/004.png,2.406949
patchcore_wr50_1,grid,1,gate,test,metal_contamination,test/metal_contamination/005.png,2.356026
patchcore_wr50_1,grid,1,gate,test,metal_contamination,test/metal_contamination/006.png,2.089100
patchcore_wr50_1,grid,1,gate,test,metal_contamination,test/metal_contamination/007.png,1.929575
patchcore_wr50_1,grid,1,gate,test,metal_contamination,test/metal_contamination/008.png,2.568575
patchcore_wr50_1,grid,1,gate,test,metal_contamination,test/metal_contamination/009.png,2.017800
patchcore_wr50_1,grid,1,gate,test,metal_contamination,test/metal_contamination/010.png,2.342404
patchcore_wr50_1,grid,1,gate,test,thread,test/thread/000.png,2.342149
patchcore_wr50_1,grid,1,gate,test,thread,test/thread/001.png,3.017303
patchcore_wr50_1,grid,1,gate,test,thread,test/thread/002.png,1.902622
patchcore_wr50_1,grid,1,gate,test,thread,test/thread/003.png,1.924474
patchcore_wr50_1,grid,1,gate,test,thread,test/thread/004.png,2.738062
patchcore_wr50_1,grid,1,gate,test,thread,test/thread/005.png,3.066222
patchcore_wr50_1,grid,1,gate,test,thread,test/thread/006.png,2.221533
patchcore_wr50_1,grid,1,gate,test,thread,test/thread/007.png,2.142893
patchcore_wr50_1,grid,1,gate,test,thread,test/thread/008.png,2.084636
patchcore_wr50_1,grid,1,gate,test,thread,test/thread/009.png,2.532461
patchcore_wr50_1,grid,1,gate,test,thread,test/thread/010.png,2.556245
patchcore_wr50_1,grid,2,full,test,bent,test/bent/000.png,2.209622
patchcore_wr50_1,grid,2,full,test,bent,test/bent/001.png,2.640547
patchcore_wr50_1,grid,2,full,test,bent,test/bent/002.png,2.363447
patchcore_wr50_1,grid,2,full,test,bent,test/bent/003.png,2.542759
patchcore_wr50_1,grid,2,full,test,bent,test/bent/004.png,2.309307
patchcore_wr50_1,grid,2,full,test,bent,test/bent/005.png,2.270104
patchcore_wr50_1,grid,2,full,test,bent,test/bent/006.png,2.380839
patchcore_wr50_1,grid,2,full,test,bent,test/bent/007.png,2.211838
patchcore_wr50_1,grid,2,full,test,bent,test/bent/008.png,2.046553
patchcore_wr50_1,grid,2,full,test,bent,test/bent/009.png,2.846483
patchcore_wr50_1,grid,2,full,test,bent,test/bent/010.png,2.681032
patchcore_wr50_1,grid,2,full,test,bent,test/bent/011.png,2.475173
patchcore_wr50_1,grid,2,full,test,broken,test/broken/000.png,2.443854
patchcore_wr50_1,grid,2,full,test,broken,test/broken/001.png,3.333585
patchcore_wr50_1,grid,2,full,test,broken,test/broken/002.png,2.367169
patchcore_wr50_1,grid,2,full,test,broken,test/broken/003.png,2.983147
patchcore_wr50_1,grid,2,full,test,broken,test/broken/004.png,2.766781
patchcore_wr50_1,grid,2,full,test,broken,test/broken/005.png,2.315916
patchcore_wr50_1,grid,2,full,test,broken,test/broken/006.png,2.569417
patchcore_wr50_1,grid,2,full,test,broken,test/broken/007.png,2.435382
patchcore_wr50_1,grid,2,full,test,broken,test/broken/008.png,2.377243
patchcore_wr50_1,grid,2,full,test,broken,test/broken/009.png,2.615202
patchcore_wr50_1,grid,2,full,test,broken,test/broken/010.png,2.901710
patchcore_wr50_1,grid,2,full,test,broken,test/broken/011.png,2.402287
patchcore_wr50_1,grid,2,full,test,glue,test/glue/000.png,1.879201
patchcore_wr50_1,grid,2,full,test,glue,test/glue/001.png,2.032595
patchcore_wr50_1,grid,2,full,test,glue,test/glue/002.png,2.266261
patchcore_wr50_1,grid,2,full,test,glue,test/glue/003.png,1.889570
patchcore_wr50_1,grid,2,full,test,glue,test/glue/004.png,2.152979
patchcore_wr50_1,grid,2,full,test,glue,test/glue/005.png,2.243315
patchcore_wr50_1,grid,2,full,test,glue,test/glue/006.png,1.972274
patchcore_wr50_1,grid,2,full,test,glue,test/glue/007.png,2.073536
patchcore_wr50_1,grid,2,full,test,glue,test/glue/008.png,1.650062
patchcore_wr50_1,grid,2,full,test,glue,test/glue/009.png,2.039130
patchcore_wr50_1,grid,2,full,test,glue,test/glue/010.png,2.297600
patchcore_wr50_1,grid,2,full,test,good,test/good/000.png,1.665700
patchcore_wr50_1,grid,2,full,test,good,test/good/001.png,1.692698
patchcore_wr50_1,grid,2,full,test,good,test/good/002.png,1.580968
patchcore_wr50_1,grid,2,full,test,good,test/good/003.png,1.895784
patchcore_wr50_1,grid,2,full,test,good,test/good/004.png,1.702689
patchcore_wr50_1,grid,2,full,test,good,test/good/005.png,1.761675
patchcore_wr50_1,grid,2,full,test,good,test/good/006.png,1.824359
patchcore_wr50_1,grid,2,full,test,good,test/good/007.png,1.664589
patchcore_wr50_1,grid,2,full,test,good,test/good/008.png,1.773874
patchcore_wr50_1,grid,2,full,test,good,test/good/009.png,1.631618
patchcore_wr50_1,grid,2,full,test,good,test/good/010.png,1.764248
patchcore_wr50_1,grid,2,full,test,good,test/good/011.png,1.653043
patchcore_wr50_1,grid,2,full,test,good,test/good/012.png,1.716768
patchcore_wr50_1,grid,2,full,test,good,test/good/013.png,1.693258
patchcore_wr50_1,grid,2,full,test,good,test/good/014.png,1.692328
patchcore_wr50_1,grid,2,full,test,good,test/good/015.png,1.673202
patchcore_wr50_1,grid,2,full,test,good,test/good/016.png,1.683350
patchcore_wr50_1,grid,2,full,test,good,test/good/017.png,1.695328
patchcore_wr50_1,grid,2,full,test,good,test/good/018.png,1.959113
patchcore_wr50_1,grid,2,full,test,good,test/good/019.png,1.744006
patchcore_wr50_1,grid,2,full,test,good,test/good/020.png,1.835722
patchcore_wr50_1,grid,2,full,test,metal_contamination,test/metal_contamination/000.png,2.617495
patchcore_wr50_1,grid,2,full,test,metal_contamination,test/metal_contamination/001.png,2.705034
patchcore_wr50_1,grid,2,full,test,metal_contamination,test/metal_contamination/002.png,3.242135
patchcore_wr50_1,grid,2,full,test,metal_contamination,test/metal_contamination/003.png,2.399355
patchcore_wr50_1,grid,2,full,test,metal_contamination,test/metal_contamination/004.png,2.439209
patchcore_wr50_1,grid,2,full,test,metal_contamination,test/metal_contamination/005.png,2.377085
patchcore_wr50_1,grid,2,full,test,metal_contamination,test/metal_contamination/006.png,2.142509
patchcore_wr50_1,grid,2,full,test,metal_contamination,test/metal_contamination/007.png,1.982931
patchcore_wr50_1,grid,2,full,test,metal_contamination,test/metal_contamination/008.png,2.354236
patchcore_wr50_1,grid,2,full,test,metal_contamination,test/metal_contamination/009.png,1.964083
patchcore_wr50_1,grid,2,full,test,metal_contamination,test/metal_contamination/010.png,2.238216
patchcore_wr50_1,grid,2,full,test,thread,test/thread/000.png,2.367647
patchcore_wr50_1,grid,2,full,test,thread,test/thread/001.png,3.039974
patchcore_wr50_1,grid,2,full,test,thread,test/thread/002.png,1.837601
patchcore_wr50_1,grid,2,full,test,thread,test/thread/003.png,1.847885
patchcore_wr50_1,grid,2,full,test,thread,test/thread/004.png,2.694590
patchcore_wr50_1,grid,2,full,test,thread,test/thread/005.png,3.076983
patchcore_wr50_1,grid,2,full,test,thread,test/thread/006.png,2.360135
patchcore_wr50_1,grid,2,full,test,thread,test/thread/007.png,2.098458
patchcore_wr50_1,grid,2,full,test,thread,test/thread/008.png,2.117208
patchcore_wr50_1,grid,2,full,test,thread,test/thread/009.png,2.356267
patchcore_wr50_1,grid,2,full,test,thread,test/thread/010.png,2.585495
patchcore_wr50_1,grid,2,gate,calibration,good,train/good/005.png,1.681291
patchcore_wr50_1,grid,2,gate,calibration,good,train/good/011.png,1.766407
patchcore_wr50_1,grid,2,gate,calibration,good,train/good/026.png,1.818870
patchcore_wr50_1,grid,2,gate,calibration,good,train/good/031.png,1.721977
patchcore_wr50_1,grid,2,gate,calibration,good,train/good/038.png,1.712379
patchcore_wr50_1,grid,2,gate,calibration,good,train/good/039.png,1.674549
patchcore_wr50_1,grid,2,gate,calibration,good,train/good/042.png,1.793412
patchcore_wr50_1,grid,2,gate,calibration,good,train/good/047.png,1.769796
patchcore_wr50_1,grid,2,gate,calibration,good,train/good/048.png,1.811676
patchcore_wr50_1,grid,2,gate,calibration,good,train/good/052.png,1.703127
patchcore_wr50_1,grid,2,gate,calibration,good,train/good/053.png,1.771349
patchcore_wr50_1,grid,2,gate,calibration,good,train/good/067.png,1.662581
patchcore_wr50_1,grid,2,gate,calibration,good,train/good/071.png,1.794232
patchcore_wr50_1,grid,2,gate,calibration,good,train/good/074.png,1.705489
patchcore_wr50_1,grid,2,gate,calibration,good,train/good/078.png,1.837335
patchcore_wr50_1,grid,2,gate,calibration,good,train/good/089.png,1.863980
patchcore_wr50_1,grid,2,gate,calibration,good,train/good/093.png,1.927662
patchcore_wr50_1,grid,2,gate,calibration,good,train/good/097.png,1.773626
patchcore_wr50_1,grid,2,gate,calibration,good,train/good/098.png,1.689694
patchcore_wr50_1,grid,2,gate,calibration,good,train/good/110.png,1.716061
patchcore_wr50_1,grid,2,gate,calibration,good,train/good/112.png,1.884761
patchcore_wr50_1,grid,2,gate,calibration,good,train/good/118.png,1.627245
patchcore_wr50_1,grid,2,gate,calibration,good,train/good/120.png,1.701356
patchcore_wr50_1,grid,2,gate,calibration,good,train/good/129.png,1.698219
patchcore_wr50_1,grid,2,gate,calibration,good,train/good/132.png,1.745292
patchcore_wr50_1,grid,2,gate,calibration,good,train/good/138.png,1.676835
patchcore_wr50_1,grid,2,gate,calibration,good,train/good/139.png,1.673976
patchcore_wr50_1,grid,2,gate,calibration,good,train/good/140.png,1.749446
patchcore_wr50_1,grid,2,gate,calibration,good,train/good/141.png,1.745901
patchcore_wr50_1,grid,2,gate,calibration,good,train/good/146.png,1.668009
patchcore_wr50_1,grid,2,gate,calibration,good,train/good/148.png,1.714952
patchcore_wr50_1,grid,2,gate,calibration,good,train/good/150.png,1.812197
patchcore_wr50_1,grid,2,gate,calibration,good,train/good/151.png,1.772362
patchcore_wr50_1,grid,2,gate,calibration,good,train/good/154.png,1.703058
patchcore_wr50_1,grid,2,gate,calibration,good,train/good/161.png,1.652695
patchcore_wr50_1,grid,2,gate,calibration,good,train/good/171.png,1.717277
patchcore_wr50_1,grid,2,gate,calibration,good,train/good/173.png,1.616491
patchcore_wr50_1,grid,2,gate,calibration,good,train/good/174.png,1.653382
patchcore_wr50_1,grid,2,gate,calibration,good,train/good/204.png,1.800192
patchcore_wr50_1,grid,2,gate,calibration,good,train/good/209.png,1.696570
patchcore_wr50_1,grid,2,gate,calibration,good,train/good/217.png,1.762121
patchcore_wr50_1,grid,2,gate,calibration,good,train/good/222.png,1.791796
patchcore_wr50_1,grid,2,gate,calibration,good,train/good/223.png,1.696408
patchcore_wr50_1,grid,2,gate,calibration,good,train/good/227.png,1.776349
patchcore_wr50_1,grid,2,gate,calibration,good,train/good/233.png,1.701334
patchcore_wr50_1,grid,2,gate,calibration,good,train/good/236.png,1.642637
patchcore_wr50_1,grid,2,gate,calibration,good,train/good/247.png,1.632740
patchcore_wr50_1,grid,2,gate,calibration,good,train/good/249.png,1.751280
patchcore_wr50_1,grid,2,gate,calibration,good,train/good/250.png,1.754732
patchcore_wr50_1,grid,2,gate,calibration,good,train/good/251.png,1.757602
patchcore_wr50_1,grid,2,gate,calibration,good,train/good/257.png,1.777904
patchcore_wr50_1,grid,2,gate,calibration,good,train/good/258.png,1.919481
patchcore_wr50_1,grid,2,gate,calibration,good,train/good/259.png,1.880857
patchcore_wr50_1,grid,2,gate,test,bent,test/bent/000.png,2.134620
patchcore_wr50_1,grid,2,gate,test,bent,test/bent/001.png,2.698252
patchcore_wr50_1,grid,2,gate,test,bent,test/bent/002.png,2.291326
patchcore_wr50_1,grid,2,gate,test,bent,test/bent/003.png,2.428457
patchcore_wr50_1,grid,2,gate,test,bent,test/bent/004.png,2.378758
patchcore_wr50_1,grid,2,gate,test,bent,test/bent/005.png,2.290051
patchcore_wr50_1,grid,2,gate,test,bent,test/bent/006.png,2.426083
patchcore_wr50_1,grid,2,gate,test,bent,test/bent/007.png,2.150826
patchcore_wr50_1,grid,2,gate,test,bent,test/bent/008.png,2.030280
patchcore_wr50_1,grid,2,gate,test,bent,test/bent/009.png,2.866199
patchcore_wr50_1,grid,2,gate,test,bent,test/bent/010.png,2.659102
patchcore_wr50_1,grid,2,gate,test,bent,test/bent/011.png,2.543601
patchcore_wr50_1,grid,2,gate,test,broken,test/broken/000.png,2.427133
patchcore_wr50_1,grid,2,gate,test,broken,test/broken/001.png,3.309503
patchcore_wr50_1,grid,2,gate,test,broken,test/broken/002.png,2.311809
patchcore_wr50_1,grid,2,gate,test,broken,test/broken/003.png,2.985636
patchcore_wr50_1,grid,2,gate,test,broken,test/broken/004.png,2.739352
patchcore_wr50_1,grid,2,gate,test,broken,test/broken/005.png,2.328913
patchcore_wr50_1,grid,2,gate,test,broken,test/broken/006.png,2.445221
patchcore_wr50_1,grid,2,gate,test,broken,test/broken/007.png,2.448988
patchcore_wr50_1,grid,2,gate,test,broken,test/broken/008.png,2.404247
patchcore_wr50_1,grid,2,gate,test,broken,test/broken/009.png,2.640787
patchcore_wr50_1,grid,2,gate,test,broken,test/broken/010.png,2.786944
patchcore_wr50_1,grid,2,gate,test,broken,test/broken/011.png,2.366786
patchcore_wr50_1,grid,2,gate,test,glue,test/glue/000.png,1.904895
patchcore_wr50_1,grid,2,gate,test,glue,test/glue/001.png,2.051587
patchcore_wr50_1,grid,2,gate,test,glue,test/glue/002.png,2.344486
patchcore_wr50_1,grid,2,gate,test,glue,test/glue/003.png,1.930647
patchcore_wr50_1,grid,2,gate,test,glue,test/glue/004.png,2.255491
patchcore_wr50_1,grid,2,gate,test,glue,test/glue/005.png,2.207738
patchcore_wr50_1,grid,2,gate,test,glue,test/glue/006.png,2.049983
patchcore_wr50_1,grid,2,gate,test,glue,test/glue/007.png,2.065713
patchcore_wr50_1,grid,2,gate,test,glue,test/glue/008.png,1.627489
patchcore_wr50_1,grid,2,gate,test,glue,test/glue/009.png,2.022226
patchcore_wr50_1,grid,2,gate,test,glue,test/glue/010.png,2.428905
patchcore_wr50_1,grid,2,gate,test,good,test/good/000.png,1.753584
patchcore_wr50_1,grid,2,gate,test,good,test/good/001.png,1.796311
patchcore_wr50_1,grid,2,gate,test,good,test/good/002.png,1.772571
patchcore_wr50_1,grid,2,gate,test,good,test/good/003.png,1.874250
patchcore_wr50_1,grid,2,gate,test,good,test/good/004.png,1.807684
patchcore_wr50_1,grid,2,gate,test,good,test/good/005.png,1.886657
patchcore_wr50_1,grid,2,gate,test,good,test/good/006.png,1.927365
patchcore_wr50_1,grid,2,gate,test,good,test/good/007.png,1.659843
patchcore_wr50_1,grid,2,gate,test,good,test/good/008.png,1.821548
patchcore_wr50_1,grid,2,gate,test,good,test/good/009.png,1.679665
patchcore_wr50_1,grid,2,gate,test,good,test/good/010.png,1.676392
patchcore_wr50_1,grid,2,gate,test,good,test/good/011.png,1.792023
patchcore_wr50_1,grid,2,gate,test,good,test/good/012.png,1.711131
patchcore_wr50_1,grid,2,gate,test,good,test/good/013.png,1.727622
patchcore_wr50_1,grid,2,gate,test,good,test/good/014.png,1.763835
patchcore_wr50_1,grid,2,gate,test,good,test/good/015.png,1.641666
patchcore_wr50_1,grid,2,gate,test,good,test/good/016.png,1.684045
patchcore_wr50_1,grid,2,gate,test,good,test/good/017.png,1.713943
patchcore_wr50_1,grid,2,gate,test,good,test/good/018.png,2.010512
patchcore_wr50_1,grid,2,gate,test,good,test/good/019.png,1.699018
patchcore_wr50_1,grid,2,gate,test,good,test/good/020.png,1.899969
patchcore_wr50_1,grid,2,gate,test,metal_contamination,test/metal_contamination/000.png,2.627139
patchcore_wr50_1,grid,2,gate,test,metal_contamination,test/metal_contamination/001.png,2.616040
patchcore_wr50_1,grid,2,gate,test,metal_contamination,test/metal_contamination/002.png,3.226081
patchcore_wr50_1,grid,2,gate,test,metal_contamination,test/metal_contamination/003.png,2.399349
patchcore_wr50_1,grid,2,gate,test,metal_contamination,test/metal_contamination/004.png,2.526726
patchcore_wr50_1,grid,2,gate,test,metal_contamination,test/metal_contamination/005.png,2.377098
patchcore_wr50_1,grid,2,gate,test,metal_contamination,test/metal_contamination/006.png,2.194717
patchcore_wr50_1,grid,2,gate,test,metal_contamination,test/metal_contamination/007.png,2.002465
patchcore_wr50_1,grid,2,gate,test,metal_contamination,test/metal_contamination/008.png,2.354228
patchcore_wr50_1,grid,2,gate,test,metal_contamination,test/metal_contamination/009.png,1.963796
patchcore_wr50_1,grid,2,gate,test,metal_contamination,test/metal_contamination/010.png,2.555710
patchcore_wr50_1,grid,2,gate,test,thread,test/thread/000.png,2.366183
patchcore_wr50_1,grid,2,gate,test,thread,test/thread/001.png,3.030793
patchcore_wr50_1,grid,2,gate,test,thread,test/thread/002.png,1.837602
patchcore_wr50_1,grid,2,gate,test,thread,test/thread/003.png,2.032254
patchcore_wr50_1,grid,2,gate,test,thread,test/thread/004.png,2.689530
patchcore_wr50_1,grid,2,gate,test,thread,test/thread/005.png,3.072510
patchcore_wr50_1,grid,2,gate,test,thread,test/thread/006.png,2.389508
patchcore_wr50_1,grid,2,gate,test,thread,test/thread/007.png,2.096499
patchcore_wr50_1,grid,2,gate,test,thread,test/thread/008.png,2.064301
patchcore_wr50_1,grid,2,gate,test,thread,test/thread/009.png,2.486634
patchcore_wr50_1,grid,2,gate,test,thread,test/thread/010.png,2.583121
patchcore_wr50_1,metal_nut,0,full,test,bent,test/bent/000.png,3.175082
patchcore_wr50_1,metal_nut,0,full,test,bent,test/bent/001.png,2.988590
patchcore_wr50_1,metal_nut,0,full,test,bent,test/bent/002.png,3.035973
patchcore_wr50_1,metal_nut,0,full,test,bent,test/bent/003.png,2.991669
patchcore_wr50_1,metal_nut,0,full,test,bent,test/bent/004.png,2.880069
patchcore_wr50_1,metal_nut,0,full,test,bent,test/bent/005.png,3.165938
patchcore_wr50_1,metal_nut,0,full,test,bent,test/bent/006.png,2.671518
patchcore_wr50_1,metal_nut,0,full,test,bent,test/bent/007.png,2.368415
patchcore_wr50_1,metal_nut,0,full,test,bent,test/bent/008.png,2.822848
patchcore_wr50_1,metal_nut,0,full,test,bent,test/bent/009.png,3.243504
patchcore_wr50_1,metal_nut,0,full,test,bent,test/bent/010.png,3.205237
patchcore_wr50_1,metal_nut,0,full,test,bent,test/bent/011.png,3.085495
patchcore_wr50_1,metal_nut,0,full,test,bent,test/bent/012.png,2.867572
patchcore_wr50_1,metal_nut,0,full,test,bent,test/bent/013.png,2.960524
patchcore_wr50_1,metal_nut,0,full,test,bent,test/bent/014.png,2.768749
patchcore_wr50_1,metal_nut,0,full,test,bent,test/bent/015.png,2.817169
patchcore_wr50_1,metal_nut,0,full,test,bent,test/bent/016.png,3.169596
patchcore_wr50_1,metal_nut,0,full,test,bent,test/bent/017.png,3.184933
patchcore_wr50_1,metal_nut,0,full,test,bent,test/bent/018.png,2.914198
patchcore_wr50_1,metal_nut,0,full,test,bent,test/bent/019.png,3.018810
patchcore_wr50_1,metal_nut,0,full,test,bent,test/bent/020.png,2.978683
patchcore_wr50_1,metal_nut,0,full,test,bent,test/bent/021.png,3.232095
patchcore_wr50_1,metal_nut,0,full,test,bent,test/bent/022.png,2.600313
patchcore_wr50_1,metal_nut,0,full,test,bent,test/bent/023.png,2.817412
patchcore_wr50_1,metal_nut,0,full,test,bent,test/bent/024.png,2.959446
patchcore_wr50_1,metal_nut,0,full,test,color,test/color/000.png,2.860681
patchcore_wr50_1,metal_nut,0,full,test,color,test/color/001.png,2.885224
patchcore_wr50_1,metal_nut,0,full,test,color,test/color/002.png,3.223477
patchcore_wr50_1,metal_nut,0,full,test,color,test/color/003.png,3.373313
patchcore_wr50_1,metal_nut,0,full,test,color,test/color/004.png,2.453577
patchcore_wr50_1,metal_nut,0,full,test,color,test/color/005.png,2.583000
patchcore_wr50_1,metal_nut,0,full,test,color,test/color/006.png,2.804276
patchcore_wr50_1,metal_nut,0,full,test,color,test/color/007.png,3.105030
patchcore_wr50_1,metal_nut,0,full,test,color,test/color/008.png,3.008272
patchcore_wr50_1,metal_nut,0,full,test,color,test/color/009.png,3.147547
patchcore_wr50_1,metal_nut,0,full,test,color,test/color/010.png,2.972648
patchcore_wr50_1,metal_nut,0,full,test,color,test/color/011.png,3.121497
patchcore_wr50_1,metal_nut,0,full,test,color,test/color/012.png,2.979938
patchcore_wr50_1,metal_nut,0,full,test,color,test/color/013.png,3.139547
patchcore_wr50_1,metal_nut,0,full,test,color,test/color/014.png,3.416319
patchcore_wr50_1,metal_nut,0,full,test,color,test/color/015.png,2.918613
patchcore_wr50_1,metal_nut,0,full,test,color,test/color/016.png,2.919541
patchcore_wr50_1,metal_nut,0,full,test,color,test/color/017.png,2.829774
patchcore_wr50_1,metal_nut,0,full,test,color,test/color/018.png,2.768008
patchcore_wr50_1,metal_nut,0,full,test,color,test/color/019.png,2.786395
patchcore_wr50_1,metal_nut,0,full,test,color,test/color/020.png,3.229852
patchcore_wr50_1,metal_nut,0,full,test,color,test/color/021.png,2.991988
patchcore_wr50_1,metal_nut,0,full,test,flip,test/flip/000.png,3.420919
patchcore_wr50_1,metal_nut,0,full,test,flip,test/flip/001.png,3.394637
patchcore_wr50_1,metal_nut,0,full,test,flip,test/flip/002.png,3.180510
patchcore_wr50_1,metal_nut,0,full,test,flip,test/flip/003.png,3.132853
patchcore_wr50_1,metal_nut,0,full,test,flip,test/flip/004.png,3.342446
patchcore_wr50_1,metal_nut,0,full,test,flip,test/flip/005.png,3.387205
patchcore_wr50_1,metal_nut,0,full,test,flip,test/flip/006.png,3.237475
patchcore_wr50_1,metal_nut,0,full,test,flip,test/flip/007.png,3.283767
patchcore_wr50_1,metal_nut,0,full,test,flip,test/flip/008.png,3.385133
patchcore_wr50_1,metal_nut,0,full,test,flip,test/flip/009.png,3.338617
patchcore_wr50_1,metal_nut,0,full,test,flip,test/flip/010.png,3.286500
patchcore_wr50_1,metal_nut,0,full,test,flip,test/flip/011.png,3.597087
patchcore_wr50_1,metal_nut,0,full,test,flip,test/flip/012.png,3.334115
patchcore_wr50_1,metal_nut,0,full,test,flip,test/flip/013.png,3.265124
patchcore_wr50_1,metal_nut,0,full,test,flip,test/flip/014.png,3.305295
patchcore_wr50_1,metal_nut,0,full,test,flip,test/flip/015.png,3.308762
patchcore_wr50_1,metal_nut,0,full,test,flip,test/flip/016.png,3.200655
patchcore_wr50_1,metal_nut,0,full,test,flip,test/flip/017.png,3.279932
patchcore_wr50_1,metal_nut,0,full,test,flip,test/flip/018.png,3.337738
patchcore_wr50_1,metal_nut,0,full,test,flip,test/flip/019.png,3.290609
patchcore_wr50_1,metal_nut,0,full,test,flip,test/flip/020.png,3.200321
patchcore_wr50_1,metal_nut,0,full,test,flip,test/flip/021.png,3.096460
patchcore_wr50_1,metal_nut,0,full,test,flip,test/flip/022.png,3.223608
patchcore_wr50_1,metal_nut,0,full,test,good,test/good/000.png,2.249103
patchcore_wr50_1,metal_nut,0,full,test,good,test/good/001.png,2.176772
patchcore_wr50_1,metal_nut,0,full,test,good,test/good/002.png,2.299447
patchcore_wr50_1,metal_nut,0,full,test,good,test/good/003.png,2.196021
patchcore_wr50_1,metal_nut,0,full,test,good,test/good/004.png,2.250385
patchcore_wr50_1,metal_nut,0,full,test,good,test/good/005.png,2.261733
patchcore_wr50_1,metal_nut,0,full,test,good,test/good/006.png,2.225988
patchcore_wr50_1,metal_nut,0,full,test,good,test/good/007.png,2.379988
patchcore_wr50_1,metal_nut,0,full,test,good,test/good/008.png,2.228950
patchcore_wr50_1,metal_nut,0,full,test,good,test/good/009.png,2.240658
patchcore_wr50_1,metal_nut,0,full,test,good,test/good/010.png,2.212161
patchcore_wr50_1,metal_nut,0,full,test,good,test/good/011.png,2.238826
patchcore_wr50_1,metal_nut,0,full,test,good,test/good/012.png,2.227963
patchcore_wr50_1,metal_nut,0,full,test,good,test/good/013.png,2.264871
patchcore_wr50_1,metal_nut,0,full,test,good,test/good/014.png,2.190617
patchcore_wr50_1,metal_nut,0,full,test,good,test/good/015.png,2.221463
patchcore_wr50_1,metal_nut,0,full,test,good,test/good/016.png,2.414381
patchcore_wr50_1,metal_nut,0,full,test,good,test/good/017.png,2.119447
patchcore_wr50_1,metal_nut,0,full,test,good,test/good/018.png,2.157440
patchcore_wr50_1,metal_nut,0,full,test,good,test/good/019.png,2.248820
patchcore_wr50_1,metal_nut,0,full,test,good,test/good/020.png,2.208656
patchcore_wr50_1,metal_nut,0,full,test,good,test/good/021.png,2.263151
patchcore_wr50_1,metal_nut,0,full,test,scratch,test/scratch/000.png,2.459628
patchcore_wr50_1,metal_nut,0,full,test,scratch,test/scratch/001.png,2.607791
patchcore_wr50_1,metal_nut,0,full,test,scratch,test/scratch/002.png,2.980037
patchcore_wr50_1,metal_nut,0,full,test,scratch,test/scratch/003.png,2.738865
patchcore_wr50_1,metal_nut,0,full,test,scratch,test/scratch/004.png,2.963133
patchcore_wr50_1,metal_nut,0,full,test,scratch,test/scratch/005.png,2.886100
patchcore_wr50_1,metal_nut,0,full,test,scratch,test/scratch/006.png,2.869405
patchcore_wr50_1,metal_nut,0,full,test,scratch,test/scratch/007.png,3.059304
patchcore_wr50_1,metal_nut,0,full,test,scratch,test/scratch/008.png,3.165941
patchcore_wr50_1,metal_nut,0,full,test,scratch,test/scratch/009.png,2.762994
patchcore_wr50_1,metal_nut,0,full,test,scratch,test/scratch/010.png,2.759727
patchcore_wr50_1,metal_nut,0,full,test,scratch,test/scratch/011.png,2.993905
patchcore_wr50_1,metal_nut,0,full,test,scratch,test/scratch/012.png,2.877861
patchcore_wr50_1,metal_nut,0,full,test,scratch,test/scratch/013.png,2.967736
patchcore_wr50_1,metal_nut,0,full,test,scratch,test/scratch/014.png,2.884012
patchcore_wr50_1,metal_nut,0,full,test,scratch,test/scratch/015.png,3.093268
patchcore_wr50_1,metal_nut,0,full,test,scratch,test/scratch/016.png,2.847485
patchcore_wr50_1,metal_nut,0,full,test,scratch,test/scratch/017.png,2.868095
patchcore_wr50_1,metal_nut,0,full,test,scratch,test/scratch/018.png,3.049627
patchcore_wr50_1,metal_nut,0,full,test,scratch,test/scratch/019.png,2.780930
patchcore_wr50_1,metal_nut,0,full,test,scratch,test/scratch/020.png,2.387552
patchcore_wr50_1,metal_nut,0,full,test,scratch,test/scratch/021.png,2.539961
patchcore_wr50_1,metal_nut,0,full,test,scratch,test/scratch/022.png,2.408602
patchcore_wr50_1,metal_nut,0,gate,calibration,good,train/good/000.png,2.203876
patchcore_wr50_1,metal_nut,0,gate,calibration,good,train/good/006.png,2.206160
patchcore_wr50_1,metal_nut,0,gate,calibration,good,train/good/013.png,2.213080
patchcore_wr50_1,metal_nut,0,gate,calibration,good,train/good/017.png,2.261019
patchcore_wr50_1,metal_nut,0,gate,calibration,good,train/good/025.png,2.248379
patchcore_wr50_1,metal_nut,0,gate,calibration,good,train/good/036.png,2.200652
patchcore_wr50_1,metal_nut,0,gate,calibration,good,train/good/039.png,2.217336
patchcore_wr50_1,metal_nut,0,gate,calibration,good,train/good/041.png,2.270726
patchcore_wr50_1,metal_nut,0,gate,calibration,good,train/good/054.png,2.276448
patchcore_wr50_1,metal_nut,0,gate,calibration,good,train/good/060.png,2.269452
patchcore_wr50_1,metal_nut,0,gate,calibration,good,train/good/065.png,2.280521
patchcore_wr50_1,metal_nut,0,gate,calibration,good,train/good/070.png,2.197431
patchcore_wr50_1,metal_nut,0,gate,calibration,good,train/good/071.png,2.300242
patchcore_wr50_1,metal_nut,0,gate,calibration,good,train/good/072.png,2.341623
patchcore_wr50_1,metal_nut,0,gate,calibration,good,train/good/074.png,2.262685
patchcore_wr50_1,metal_nut,0,gate,calibration,good,train/good/075.png,2.327668
patchcore_wr50_1,metal_nut,0,gate,calibration,good,train/good/080.png,2.234970
patchcore_wr50_1,metal_nut,0,gate,calibration,good,train/good/090.png,2.212327
patchcore_wr50_1,metal_nut,0,gate,calibration,good,train/good/093.png,2.184039
patchcore_wr50_1,metal_nut,0,gate,calibration,good,train/good/094.png,2.279867
patchcore_wr50_1,metal_nut,0,gate,calibration,good,train/good/097.png,2.300432
patchcore_wr50_1,metal_nut,0,gate,calibration,good,train/good/102.png,2.245640
patchcore_wr50_1,metal_nut,0,gate,calibration,good,train/good/105.png,2.304764
patchcore_wr50_1,metal_nut,0,gate,calibration,good,train/good/106.png,2.216529
patchcore_wr50_1,metal_nut,0,gate,calibration,good,train/good/117.png,2.254620
patchcore_wr50_1,metal_nut,0,gate,calibration,good,train/good/119.png,2.222719
patchcore_wr50_1,metal_nut,0,gate,calibration,good,train/good/122.png,2.279636
patchcore_wr50_1,metal_nut,0,gate,calibration,good,train/good/123.png,2.263755
patchcore_wr50_1,metal_nut,0,gate,calibration,good,train/good/131.png,2.251895
patchcore_wr50_1,metal_nut,0,gate,calibration,good,train/good/149.png,2.254291
patchcore_wr50_1,metal_nut,0,gate,calibration,good,train/good/150.png,2.384796
patchcore_wr50_1,metal_nut,0,gate,calibration,good,train/good/155.png,2.274814
patchcore_wr50_1,metal_nut,0,gate,calibration,good,train/good/159.png,2.294002
patchcore_wr50_1,metal_nut,0,gate,calibration,good,train/good/173.png,2.294805
patchcore_wr50_1,metal_nut,0,gate,calibration,good,train/good/175.png,2.295483
patchcore_wr50_1,metal_nut,0,gate,calibration,good,train/good/178.png,2.358049
patchcore_wr50_1,metal_nut,0,gate,calibration,good,train/good/185.png,2.174232
patchcore_wr50_1,metal_nut,0,gate,calibration,good,train/good/188.png,2.296960
patchcore_wr50_1,metal_nut,0,gate,calibration,good,train/good/194.png,2.271987
patchcore_wr50_1,metal_nut,0,gate,calibration,good,train/good/196.png,2.231449
patchcore_wr50_1,metal_nut,0,gate,calibration,good,train/good/197.png,2.300907
patchcore_wr50_1,metal_nut,0,gate,calibration,good,train/good/210.png,2.254559
patchcore_wr50_1,metal_nut,0,gate,calibration,good,train/good/213.png,2.329882
patchcore_wr50_1,metal_nut,0,gate,calibration,good,train/good/217.png,2.239142
patchcore_wr50_1,metal_nut,0,gate,test,bent,test/bent/000.png,3.232835
patchcore_wr50_1,metal_nut,0,gate,test,bent,test/bent/001.png,2.995956
patchcore_wr50_1,metal_nut,0,gate,test,bent,test/bent/002.png,2.996959
patchcore_wr50_1,metal_nut,0,gate,test,bent,test/bent/003.png,3.130889
patchcore_wr50_1,metal_nut,0,gate,test,bent,test/bent/004.png,2.808222
patchcore_wr50_1,metal_nut,0,gate,test,bent,test/bent/005.png,3.090221
patchcore_wr50_1,metal_nut,0,gate,test,bent,test/bent/006.png,2.652119
patchcore_wr50_1,metal_nut,0,gate,test,bent,test/bent/007.png,2.550300
patchcore_wr50_1,metal_nut,0,gate,test,bent,test/bent/008.png,2.848898
patchcore_wr50_1,metal_nut,0,gate,test,bent,test/bent/009.png,3.189317
patchcore_wr50_1,metal_nut,0,gate,test,bent,test/bent/010.png,3.288119
patchcore_wr50_1,metal_nut,0,gate,test,bent,test/bent/011.png,3.133010
patchcore_wr50_1,metal_nut,0,gate,test,bent,test/bent/012.png,2.921513
patchcore_wr50_1,metal_nut,0,gate,test,bent,test/bent/013.png,2.962355
patchcore_wr50_1,metal_nut,0,gate,test,bent,test/bent/014.png,2.859316
patchcore_wr50_1,metal_nut,0,gate,test,bent,test/bent/015.png,2.737155
patchcore_wr50_1,metal_nut,0,gate,test,bent,test/bent/016.png,3.045445
patchcore_wr50_1,metal_nut,0,gate,test,bent,test/bent/017.png,3.192850
patchcore_wr50_1,metal_nut,0,gate,test,bent,test/bent/018.png,2.952682
patchcore_wr50_1,metal_nut,0,gate,test,bent,test/bent/019.png,2.958254
patchcore_wr50_1,metal_nut,0,gate,test,bent,test/bent/020.png,3.025710
patchcore_wr50_1,metal_nut,0,gate,test,bent,test/bent/021.png,3.286508
patchcore_wr50_1,metal_nut,0,gate,test,bent,test/bent/022.png,2.703958
patchcore_wr50_1,metal_nut,0,gate,test,bent,test/bent/023.png,2.878038
patchcore_wr50_1,metal_nut,0,gate,test,bent,test/bent/024.png,2.991590
patchcore_wr50_1,metal_nut,0,gate,test,color,test/color/000.png,2.640585
patchcore_wr50_1,metal_nut,0,gate,test,color,test/color/001.png,2.895996
patchcore_wr50_1,metal_nut,0,gate,test,color,test/color/002.png,3.165632
patchcore_wr50_1,metal_nut,0,gate,test,color,test/color/003.png,3.375664
patchcore_wr50_1,metal_nut,0,gate,test,color,test/color/004.png,2.472425
patchcore_wr50_1,metal_nut,0,gate,test,color,test/color/005.png,2.625810
patchcore_wr50_1,metal_nut,0,gate,test,color,test/color/006.png,2.812495
patchcore_wr50_1,metal_nut,0,gate,test,color,test/color/007.png,3.185169
patchcore_wr50_1,metal_nut,0,gate,test,color,test/color/008.png,3.060870
patchcore_wr50_1,metal_nut,0,gate,test,color,test/color/009.png,3.203499
patchcore_wr50_1,metal_nut,0,gate,test,color,test/color/010.png,3.020714
patchcore_wr50_1,metal_nut,0,gate,test,color,test/color/011.png,3.143816
patchcore_wr50_1,metal_nut,0,gate,test,color,test/color/012.png,2.942738
patchcore_wr50_1,metal_nut,0,gate,test,color,test/color/013.png,3.075743
patchcore_wr50_1,metal_nut,0,gate,test,color,test/color/014.png,3.241560
patchcore_wr50_1,metal_nut,0,gate,test,color,test/color/015.png,2.983476
patchcore_wr50_1,metal_nut,0,gate,test,color,test/color/016.png,2.974312
patchcore_wr50_1,metal_nut,0,gate,test,color,test/color/017.png,2.955222
patchcore_wr50_1,metal_nut,0,gate,test,color,test/color/018.png,2.722550
patchcore_wr50_1,metal_nut,0,gate,test,color,test/color/019.png,2.813066
patchcore_wr50_1,metal_nut,0,gate,test,color,test/color/020.png,3.103182
patchcore_wr50_1,metal_nut,0,gate,test,color,test/color/021.png,3.021880
patchcore_wr50_1,metal_nut,0,gate,test,flip,test/flip/000.png,3.362712
patchcore_wr50_1,metal_nut,0,gate,test,flip,test/flip/001.png,3.430276
patchcore_wr50_1,metal_nut,0,gate,test,flip,test/flip/002.png,3.279835
patchcore_wr50_1,metal_nut,0,gate,test,flip,test/flip/003.png,3.132906
patchcore_wr50_1,metal_nut,0,gate,test,flip,test/flip/004.png,3.305975
patchcore_wr50_1,metal_nut,0,gate,test,flip,test/flip/005.png,3.364920
patchcore_wr50_1,metal_nut,0,gate,test,flip,test/flip/006.png,3.259557
patchcore_wr50_1,metal_nut,0,gate,test,flip,test/flip/007.png,3.368084
patchcore_wr50_1,metal_nut,0,gate,test,flip,test/flip/008.png,3.340452
patchcore_wr50_1,metal_nut,0,gate,test,flip,test/flip/009.png,3.315935
patchcore_wr50_1,metal_nut,0,gate,test,flip,test/flip/010.png,3.194373
patchcore_wr50_1,metal_nut,0,gate,test,flip,test/flip/011.png,3.528342
patchcore_wr50_1,metal_nut,0,gate,test,flip,test/flip/012.png,3.285798
patchcore_wr50_1,metal_nut,0,gate,test,flip,test/flip/013.png,3.307512
patchcore_wr50_1,metal_nut,0,gate,test,flip,test/flip/014.png,3.314162
patchcore_wr50_1,metal_nut,0,gate,test,flip,test/flip/015.png,3.344770
patchcore_wr50_1,metal_nut,0,gate,test,flip,test/flip/016.png,3.231194
patchcore_wr50_1,metal_nut,0,gate,test,flip,test/flip/017.png,3.288706
patchcore_wr50_1,metal_nut,0,gate,test,flip,test/flip/018.png,3.307172
patchcore_wr50_1,metal_nut,0,gate,test,flip,test/flip/019.png,3.343305
patchcore_wr50_1,metal_nut,0,gate,test,flip,test/flip/020.png,3.286577
patchcore_wr50_1,metal_nut,0,gate,test,flip,test/flip/021.png,3.105708
patchcore_wr50_1,metal_nut,0,gate,test,flip,test/flip/022.png,3.239062
patchcore_wr50_1,metal_nut,0,gate,test,good,test/good/000.png,2.228092
patchcore_wr50_1,metal_nut,0,gate,test,good,test/good/001.png,2.226309
patchcore_wr50_1,metal_nut,0,gate,test,good,test/good/002.png,2.334531
patchcore_wr50_1,metal_nut,0,gate,test,good,test/good/003.png,2.245598
patchcore_wr50_1,metal_nut,0,gate,test,good,test/good/004.png,2.205948
patchcore_wr50_1,metal_nut,0,gate,test,good,test/good/005.png,2.382732
patchcore_wr50_1,metal_nut,0,gate,test,good,test/good/006.png,2.323204
patchcore_wr50_1,metal_nut,0,gate,test,good,test/good/007.png,2.459319
patchcore_wr50_1,metal_nut,0,gate,test,good,test/good/008.png,2.284129
patchcore_wr50_1,metal_nut,0,gate,test,good,test/good/009.png,2.298773
patchcore_wr50_1,metal_nut,0,gate,test,good,test/good/010.png,2.271176
patchcore_wr50_1,metal_nut,0,gate,test,good,test/good/011.png,2.285044
patchcore_wr50_1,metal_nut,0,gate,test,good,test/good/012.png,2.244196
patchcore_wr50_1,metal_nut,0,gate,test,good,test/good/013.png,2.341917
patchcore_wr50_1,metal_nut,0,gate,test,good,test/good/014.png,2.233138
patchcore_wr50_1,metal_nut,0,gate,test,good,test/good/015.png,2.314285
patchcore_wr50_1,metal_nut,0,gate,test,good,test/good/016.png,2.430980
patchcore_wr50_1,metal_nut,0,gate,test,good,test/good/017.png,2.216551
patchcore_wr50_1,metal_nut,0,gate,test,good,test/good/018.png,2.251283
patchcore_wr50_1,metal_nut,0,gate,test,good,test/good/019.png,2.250331
patchcore_wr50_1,metal_nut,0,gate,test,good,test/good/020.png,2.286748
patchcore_wr50_1,metal_nut,0,gate,test,good,test/good/021.png,2.228987
patchcore_wr50_1,metal_nut,0,gate,test,scratch,test/scratch/000.png,2.504447
patchcore_wr50_1,metal_nut,0,gate,test,scratch,test/scratch/001.png,2.562598
patchcore_wr50_1,metal_nut,0,gate,test,scratch,test/scratch/002.png,3.101029
patchcore_wr50_1,metal_nut,0,gate,test,scratch,test/scratch/003.png,2.753631
patchcore_wr50_1,metal_nut,0,gate,test,scratch,test/scratch/004.png,2.939806
patchcore_wr50_1,metal_nut,0,gate,test,scratch,test/scratch/005.png,2.881791
patchcore_wr50_1,metal_nut,0,gate,test,scratch,test/scratch/006.png,2.892250
patchcore_wr50_1,metal_nut,0,gate,test,scratch,test/scratch/007.png,3.085165
patchcore_wr50_1,metal_nut,0,gate,test,scratch,test/scratch/008.png,3.113465
patchcore_wr50_1,metal_nut,0,gate,test,scratch,test/scratch/009.png,2.799078
patchcore_wr50_1,metal_nut,0,gate,test,scratch,test/scratch/010.png,2.764287
patchcore_wr50_1,metal_nut,0,gate,test,scratch,test/scratch/011.png,3.047493
patchcore_wr50_1,metal_nut,0,gate,test,scratch,test/scratch/012.png,2.893136
patchcore_wr50_1,metal_nut,0,gate,test,scratch,test/scratch/013.png,3.016629
patchcore_wr50_1,metal_nut,0,gate,test,scratch,test/scratch/014.png,2.907989
patchcore_wr50_1,metal_nut,0,gate,test,scratch,test/scratch/015.png,3.040574
patchcore_wr50_1,metal_nut,0,gate,test,scratch,test/scratch/016.png,2.869442
patchcore_wr50_1,metal_nut,0,gate,test,scratch,test/scratch/017.png,2.916831
patchcore_wr50_1,metal_nut,0,gate,test,scratch,test/scratch/018.png,3.094986
patchcore_wr50_1,metal_nut,0,gate,test,scratch,test/scratch/019.png,2.840233
patchcore_wr50_1,metal_nut,0,gate,test,scratch,test/scratch/020.png,2.499154
patchcore_wr50_1,metal_nut,0,gate,test,scratch,test/scratch/021.png,2.491986
patchcore_wr50_1,metal_nut,0,gate,test,scratch,test/scratch/022.png,2.461169
patchcore_wr50_1,metal_nut,1,full,test,bent,test/bent/000.png,3.236760
patchcore_wr50_1,metal_nut,1,full,test,bent,test/bent/001.png,2.961601
patchcore_wr50_1,metal_nut,1,full,test,bent,test/bent/002.png,3.100500
patchcore_wr50_1,metal_nut,1,full,test,bent,test/bent/003.png,2.986108
patchcore_wr50_1,metal_nut,1,full,test,bent,test/bent/004.png,2.863865
patchcore_wr50_1,metal_nut,1,full,test,bent,test/bent/005.png,3.155177
patchcore_wr50_1,metal_nut,1,full,test,bent,test/bent/006.png,2.775207
patchcore_wr50_1,metal_nut,1,full,test,bent,test/bent/007.png,2.454517
patchcore_wr50_1,metal_nut,1,full,test,bent,test/bent/008.png,2.772911
patchcore_wr50_1,metal_nut,1,full,test,bent,test/bent/009.png,3.254818
patchcore_wr50_1,metal_nut,1,full,test,bent,test/bent/010.png,3.187952
patchcore_wr50_1,metal_nut,1,full,test,bent,test/bent/011.png,3.128131
patchcore_wr50_1,metal_nut,1,full,test,bent,test/bent/012.png,2.896059
patchcore_wr50_1,metal_nut,1,full,test,bent,test/bent/013.png,2.906047
patchcore_wr50_1,metal_nut,1,full,test,bent,test/bent/014.png,2.792435
patchcore_wr50_1,metal_nut,1,full,test,bent,test/bent/015.png,2.814250
patchcore_wr50_1,metal_nut,1,full,test,bent,test/bent/016.png,3.131045
patchcore_wr50_1,metal_nut,1,full,test,bent,test/bent/017.png,3.198634
patchcore_wr50_1,metal_nut,1,full,test,bent,test/bent/018.png,2.907411
patchcore_wr50_1,metal_nut,1,full,test,bent,test/bent/019.png,2.895226
patchcore_wr50_1,metal_nut,1,full,test,bent,test/bent/020.png,3.020976
patchcore_wr50_1,metal_nut,1,full,test,bent,test/bent/021.png,3.266312
patchcore_wr50_1,metal_nut,1,full,test,bent,test/bent/022.png,2.620280
patchcore_wr50_1,metal_nut,1,full,test,bent,test/bent/023.png,2.838573
patchcore_wr50_1,metal_nut,1,full,test,bent,test/bent/024.png,3.043171
patchcore_wr50_1,metal_nut,1,full,test,color,test/color/000.png,2.792579
patchcore_wr50_1,metal_nut,1,full,test,color,test/color/001.png,2.771784
patchcore_wr50_1,metal_nut,1,full,test,color,test/color/002.png,3.197026
patchcore_wr50_1,metal_nut,1,full,test,color,test/color/003.png,3.329348
patchcore_wr50_1,metal_nut,1,full,test,color,test/color/004.png,2.479276
patchcore_wr50_1,metal_nut,1,full,test,color,test/color/005.png,2.768731
patchcore_wr50_1,metal_nut,1,full,test,color,test/color/006.png,2.892599
patchcore_wr50_1,metal_nut,1,full,test,color,test/color/007.png,3.126325
patchcore_wr50_1,metal_nut,1,full,test,color,test/color/008.png,3.008219
patchcore_wr50_1,metal_nut,1,full,test,color,test/color/009.png,3.221998
patchcore_wr50_1,metal_nut,1,full,test,color,test/color/010.png,2.921249
patchcore_wr50_1,metal_nut,1,full,test,color,test/color/011.png,3.116786
patchcore_wr50_1,metal_nut,1,full,test,color,test/color/012.png,2.977901
patchcore_wr50_1,metal_nut,1,full,test,color,test/color/013.png,3.149511
patchcore_wr50_1,metal_nut,1,full,test,color,test/color/014.png,3.378463
patchcore_wr50_1,metal_nut,1,full,test,color,test/color/015.png,2.937018
patchcore_wr50_1,metal_nut,1,full,test,color,test/color/016.png,2.879091
patchcore_wr50_1,metal_nut,1,full,test,color,test/color/017.png,2.775670
patchcore_wr50_1,metal_nut,1,full,test,color,test/color/018.png,2.798351
patchcore_wr50_1,metal_nut,1,full,test,color,test/color/019.png,2.849996
patchcore_wr50_1,metal_nut,1,full,test,color,test/color/020.png,3.097560
patchcore_wr50_1,metal_nut,1,full,test,color,test/color/021.png,2.973562
patchcore_wr50_1,metal_nut,1,full,test,flip,test/flip/000.png,3.433306
patchcore_wr50_1,metal_nut,1,full,test,flip,test/flip/001.png,3.417860
patchcore_wr50_1,metal_nut,1,full,test,flip,test/flip/002.png,3.188095
patchcore_wr50_1,metal_nut,1,full,test,flip,test/flip/003.png,3.141372
patchcore_wr50_1,metal_nut,1,full,test,flip,test/flip/004.png,3.324473
patchcore_wr50_1,metal_nut,1,full,test,flip,test/flip/005.png,3.340077
patchcore_wr50_1,metal_nut,1,full,test,flip,test/flip/006.png,3.319566
patchcore_wr50_1,metal_nut,1,full,test,flip,test/flip/007.png,3.319939
patchcore_wr50_1,metal_nut,1,full,test,flip,test/flip/008.png,3.364406
patchcore_wr50_1,metal_nut,1,full,test,flip,test/flip/009.png,3.295329
patchcore_wr50_1,metal_nut,1,full,test,flip,test/flip/010.png,3.227050
patchcore_wr50_1,metal_nut,1,full,test,flip,test/flip/011.png,3.560261
patchcore_wr50_1,metal_nut,1,full,test,flip,test/flip/012.png,3.306380
patchcore_wr50_1,metal_nut,1,full,test,flip,test/flip/013.png,3.279803
patchcore_wr50_1,metal_nut,1,full,test,flip,test/flip/014.png,3.322650
patchcore_wr50_1,metal_nut,1,full,test,flip,test/flip/015.png,3.365406
patchcore_wr50_1,metal_nut,1,full,test,flip,test/flip/016.png,3.231754
patchcore_wr50_1,metal_nut,1,full,test,flip,test/flip/017.png,3.244708
patchcore_wr50_1,metal_nut,1,full,test,flip,test/flip/018.png,3.319889
patchcore_wr50_1,metal_nut,1,full,test,flip,test/flip/019.png,3.263319
patchcore_wr50_1,metal_nut,1,full,test,flip,test/flip/020.png,3.188503
patchcore_wr50_1,metal_nut,1,full,test,flip,test/flip/021.png,3.114438
patchcore_wr50_1,metal_nut,1,full,test,flip,test/flip/022.png,3.290410
patchcore_wr50_1,metal_nut,1,full,test,good,test/good/000.png,2.266290
patchcore_wr50_1,metal_nut,1,full,test,good,test/good/001.png,2.125172
patchcore_wr50_1,metal_nut,1,full,test,good,test/good/002.png,2.342221
patchcore_wr50_1,metal_nut,1,full,test,good,test/good/003.png,2.192278
patchcore_wr50_1,metal_nut,1,full,test,good,test/good/004.png,2.172869
patchcore_wr50_1,metal_nut,1,full,test,good,test/good/005.png,2.296802
patchcore_wr50_1,metal_nut,1,full,test,good,test/good/006.png,2.308120
patchcore_wr50_1,metal_nut,1,full,test,good,test/good/007.png,2.398193
patchcore_wr50_1,metal_nut,1,full,test,good,test/good/008.png,2.233631
patchcore_wr50_1,metal_nut,1,full,test,good,test/good/009.png,2.211051
patchcore_wr50_1,metal_nut,1,full,test,good,test/good/010.png,2.251671
patchcore_wr50_1,metal_nut,1,full,test,good,test/good/011.png,2.313826
patchcore_wr50_1,metal_nut,1,full,test,good,test/good/012.png,2.183268
patchcore_wr50_1,metal_nut,1,full,test,good,test/good/013.png,2.287604
patchcore_wr50_1,metal_nut,1,full,test,good,test/good/014.png,2.206463
patchcore_wr50_1,metal_nut,1,full,test,good,test/good/015.png,2.277309
patchcore_wr50_1,metal_nut,1,full,test,good,test/good/016.png,2.434110
patchcore_wr50_1,metal_nut,1,full,test,good,test/good/017.png,2.135707
patchcore_wr50_1,metal_nut,1,full,test,good,test/good/018.png,2.233783
patchcore_wr50_1,metal_nut,1,full,test,good,test/good/019.png,2.129929
patchcore_wr50_1,metal_nut,1,full,test,good,test/good/020.png,2.167897
patchcore_wr50_1,metal_nut,1,full,test,good,test/good/021.png,2.207690
patchcore_wr50_1,metal_nut,1,full,test,scratch,test/scratch/000.png,2.493209
patchcore_wr50_1,metal_nut,1,full,test,scratch,test/scratch/001.png,2.530602
patchcore_wr50_1,metal_nut,1,full,test,scratch,test/scratch/002.png,3.145098
patchcore_wr50_1,metal_nut,1,full,test,scratch,test/scratch/003.png,2.753631
patchcore_wr50_1,metal_nut,1,full,test,scratch,test/scratch/004.png,2.947278
patchcore_wr50_1,metal_nut,1,full,test,scratch,test/scratch/005.png,2.842208
patchcore_wr50_1,metal_nut,1,full,test,scratch,test/scratch/006.png,2.874610
patchcore_wr50_1,metal_nut,1,full,test,scratch,test/scratch/007.png,3.073120
patchcore_wr50_1,metal_nut,1,full,test,scratch,test/scratch/008.png,3.017499
patchcore_wr50_1,metal_nut,1,full,test,scratch,test/scratch/009.png,2.858135
patchcore_wr50_1,metal_nut,1,full,test,scratch,test/scratch/010.png,2.749843
patchcore_wr50_1,metal_nut,1,full,test,scratch,test/scratch/011.png,2.922988
patchcore_wr50_1,metal_nut,1,full,test,scratch,test/scratch/012.png,2.875920
patchcore_wr50_1,metal_nut,1,full,test,scratch,test/scratch/013.png,3.088430
patchcore_wr50_1,metal_nut,1,full,test,scratch,test/scratch/014.png,2.906948
patchcore_wr50_1,metal_nut,1,full,test,scratch,test/scratch/015.png,3.062635
patchcore_wr50_1,metal_nut,1,full,test,scratch,test/scratch/016.png,2.804973
patchcore_wr50_1,metal_nut,1,full,test,scratch,test/scratch/017.png,2.874167
patchcore_wr50_1,metal_nut,1,full,test,scratch,test/scratch/018.png,3.164659
patchcore_wr50_1,metal_nut,1,full,test,scratch,test/scratch/019.png,2.792196
patchcore_wr50_1,metal_nut,1,full,test,scratch,test/scratch/020.png,2.522665
patchcore_wr50_1,metal_nut,1,full,test,scratch,test/scratch/021.png,2.540224
patchcore_wr50_1,metal_nut,1,full,test,scratch,test/scratch/022.png,2.428714
patchcore_wr50_1,metal_nut,1,gate,calibration,good,train/good/001.png,2.224589
patchcore_wr50_1,metal_nut,1,gate,calibration,good,train/good/005.png,2.237385
patchcore_wr50_1,metal_nut,1,gate,calibration,good,train/good/007.png,2.294064
patchcore_wr50_1,metal_nut,1,gate,calibration,good,train/good/013.png,2.214696
patchcore_wr50_1,metal_nut,1,gate,calibration,good,train/good/014.png,2.193309
patchcore_wr50_1,metal_nut,1,gate,calibration,good,train/good/019.png,2.165082
patchcore_wr50_1,metal_nut,1,gate,calibration,good,train/good/020.png,2.240421
patchcore_wr50_1,metal_nut,1,gate,calibration,good,train/good/021.png,2.455807
patchcore_wr50_1,metal_nut,1,gate,calibration,good,train/good/024.png,2.287681
patchcore_wr50_1,metal_nut,1,gate,calibration,good,train/good/029.png,2.314617
patchcore_wr50_1,metal_nut,1,gate,calibration,good,train/good/031.png,2.400479
patchcore_wr50_1,metal_nut,1,gate,calibration,good,train/good/043.png,2.239802
patchcore_wr50_1,metal_nut,1,gate,calibration,good,train/good/052.png,2.258893
patchcore_wr50_1,metal_nut,1,gate,calibration,good,train/good/059.png,2.369667
patchcore_wr50_1,metal_nut,1,gate,calibration,good,train/good/063.png,2.228674
patchcore_wr50_1,metal_nut,1,gate,calibration,good,train/good/070.png,2.299436
patchcore_wr50_1,metal_nut,1,gate,calibration,good,train/good/079.png,2.188622
patchcore_wr50_1,metal_nut,1,gate,calibration,good,train/good/080.png,2.384115
patchcore_wr50_1,metal_nut,1,gate,calibration,good,train/good/088.png,2.301290
patchcore_wr50_1,metal_nut,1,gate,calibration,good,train/good/097.png,2.294338
patchcore_wr50_1,metal_nut,1,gate,calibration,good,train/good/099.png,2.499249
patchcore_wr50_1,metal_nut,1,gate,calibration,good,train/good/105.png,2.183407
patchcore_wr50_1,metal_nut,1,gate,calibration,good,train/good/107.png,2.271872
patchcore_wr50_1,metal_nut,1,gate,calibration,good,train/good/108.png,2.279726
patchcore_wr50_1,metal_nut,1,gate,calibration,good,train/good/117.png,2.316277
patchcore_wr50_1,metal_nut,1,gate,calibration,good,train/good/121.png,2.259499
patchcore_wr50_1,metal_nut,1,gate,calibration,good,train/good/124.png,2.257786
patchcore_wr50_1,metal_nut,1,gate,calibration,good,train/good/126.png,2.250754
patchcore_wr50_1,metal_nut,1,gate,calibration,good,train/good/130.png,2.258986
patchcore_wr50_1,metal_nut,1,gate,calibration,good,train/good/138.png,2.246542
patchcore_wr50_1,metal_nut,1,gate,calibration,good,train/good/139.png,2.230220
patchcore_wr50_1,metal_nut,1,gate,calibration,good,train/good/140.png,2.209454
patchcore_wr50_1,metal_nut,1,gate,calibration,good,train/good/142.png,2.297953
patchcore_wr50_1,metal_nut,1,gate,calibration,good,train/good/149.png,2.151316
patchcore_wr50_1,metal_nut,1,gate,calibration,good,train/good/150.png,2.385190
patchcore_wr50_1,metal_nut,1,gate,calibration,good,train/good/152.png,2.231617
patchcore_wr50_1,metal_nut,1,gate,calibration,good,train/good/156.png,2.372617
patchcore_wr50_1,metal_nut,1,gate,calibration,good,train/good/172.png,2.232090
patchcore_wr50_1,metal_nut,1,gate,calibration,good,train/good/173.png,2.281488
patchcore_wr50_1,metal_nut,1,gate,calibration,good,train/good/175.png,2.259118
patchcore_wr50_1,metal_nut,1,gate,calibration,good,train/good/185.png,2.173987
patchcore_wr50_1,metal_nut,1,gate,calibration,good,train/good/193.png,2.212555
patchcore_wr50_1,metal_nut,1,gate,calibration,good,train/good/209.png,2.212239
patchcore_wr50_1,metal_nut,1,gate,calibration,good,train/good/218.png,2.247406
patchcore_wr50_1,metal_nut,1,gate,test,bent,test/bent/000.png,3.223948
patchcore_wr50_1,metal_nut,1,gate,test,bent,test/bent/001.png,2.862004
patchcore_wr50_1,metal_nut,1,gate,test,bent,test/bent/002.png,3.088018
patchcore_wr50_1,metal_nut,1,gate,test,bent,test/bent/003.png,3.117959
patchcore_wr50_1,metal_nut,1,gate,test,bent,test/bent/004.png,2.808222
patchcore_wr50_1,metal_nut,1,gate,test,bent,test/bent/005.png,3.209971
patchcore_wr50_1,metal_nut,1,gate,test,bent,test/bent/006.png,2.765637
patchcore_wr50_1,metal_nut,1,gate,test,bent,test/bent/007.png,2.533109
patchcore_wr50_1,metal_nut,1,gate,test,bent,test/bent/008.png,2.876464
patchcore_wr50_1,metal_nut,1,gate,test,bent,test/bent/009.png,3.216628
patchcore_wr50_1,metal_nut,1,gate,test,bent,test/bent/010.png,3.245980
patchcore_wr50_1,metal_nut,1,gate,test,bent,test/bent/011.png,3.170405
patchcore_wr50_1,metal_nut,1,gate,test,bent,test/bent/012.png,3.065815
patchcore_wr50_1,metal_nut,1,gate,test,bent,test/bent/013.png,2.968158
patchcore_wr50_1,metal_nut,1,gate,test,bent,test/bent/014.png,2.838814
patchcore_wr50_1,metal_nut,1,gate,test,bent,test/bent/015.png,2.779263
patchcore_wr50_1,metal_nut,1,gate,test,bent,test/bent/016.png,3.048620
patchcore_wr50_1,metal_nut,1,gate,test,bent,test/bent/017.png,3.115231
patchcore_wr50_1,metal_nut,1,gate,test,bent,test/bent/018.png,2.881369
patchcore_wr50_1,metal_nut,1,gate,test,bent,test/bent/019.png,2.958856
patchcore_wr50_1,metal_nut,1,gate,test,bent,test/bent/020.png,3.021099
patchcore_wr50_1,metal_nut,1,gate,test,bent,test/bent/021.png,3.225685
patchcore_wr50_1,metal_nut,1,gate,test,bent,test/bent/022.png,2.634729
patchcore_wr50_1,metal_nut,1,gate,test,bent,test/bent/023.png,2.838573
patchcore_wr50_1,metal_nut,1,gate,test,bent,test/bent/024.png,3.106143
patchcore_wr50_1,metal_nut,1,gate,test,color,test/color/000.png,2.916062
patchcore_wr50_1,metal_nut,1,gate,test,color,test/color/001.png,2.771784
patchcore_wr50_1,metal_nut,1,gate,test,color,test/color/002.png,3.172455
patchcore_wr50_1,metal_nut,1,gate,test,color,test/color/003.png,3.409786
patchcore_wr50_1,metal_nut,1,gate,test,color,test/color/004.png,2.507342
patchcore_wr50_1,metal_nut,1,gate,test,color,test/color/005.png,2.606674
patchcore_wr50_1,metal_nut,1,gate,test,color,test/color/006.png,2.779457
patchcore_wr50_1,metal_nut,1,gate,test,color,test/color/007.png,3.185169
patchcore_wr50_1,metal_nut,1,gate,test,color,test/color/008.png,3.084606
patchcore_wr50_1,metal_nut,1,gate,test,color,test/color/009.png,3.216436
patchcore_wr50_1,metal_nut,1,gate,test,color,test/color/010.png,3.014658
patchcore_wr50_1,metal_nut,1,gate,test,color,test/color/011.png,3.130187
patchcore_wr50_1,metal_nut,1,gate,test,color,test/color/012.png,3.074841
patchcore_wr50_1,metal_nut,1,gate,test,color,test/color/013.png,3.145432
patchcore_wr50_1,metal_nut,1,gate,test,color,test/color/014.png,3.395931
patchcore_wr50_1,metal_nut,1,gate,test,color,test/color/015.png,2.897710
patchcore_wr50_1,metal_nut,1,gate,test,color,test/color/016.png,2.825613
patchcore_wr50_1,metal_nut,1,gate,test,color,test/color/017.png,2.838874
patchcore_wr50_1,metal_nut,1,gate,test,color,test/color/018.png,2.774101
patchcore_wr50_1,metal_nut,1,gate,test,color,test/color/019.png,2.935995
patchcore_wr50_1,metal_nut,1,gate,test,color,test/color/020.png,3.311134
patchcore_wr50_1,metal_nut,1,gate,test,color,test/color/021.png,2.998835
patchcore_wr50_1,metal_nut,1,gate,test,flip,test/flip/000.png,3.338878
patchcore_wr50_1,metal_nut,1,gate,test,flip,test/flip/001.png,3.448944
patchcore_wr50_1,metal_nut,1,gate,test,flip,test/flip/002.png,3.215990
patchcore_wr50_1,metal_nut,1,gate,test,flip,test/flip/003.png,3.182733
patchcore_wr50_1,metal_nut,1,gate,test,flip,test/flip/004.png,3.289297
patchcore_wr50_1,metal_nut,1,gate,test,flip,test/flip/005.png,3.276790
patchcore_wr50_1,metal_nut,1,gate,test,flip,test/flip/006.png,3.287272
patchcore_wr50_1,metal_nut,1,gate,test,flip,test/flip/007.png,3.307701
patchcore_wr50_1,metal_nut,1,gate,test,flip,test/flip/008.png,3.281984
patchcore_wr50_1,metal_nut,1,gate,test,flip,test/flip/009.png,3.332858
patchcore_wr50_1,metal_nut,1,gate,test,flip,test/flip/010.png,3.151323
patchcore_wr50_1,metal_nut,1,gate,test,flip,test/flip/011.png,3.533285
patchcore_wr50_1,metal_nut,1,gate,test,flip,test/flip/012.png,3.255392
patchcore_wr50_1,metal_nut,1,gate,test,flip,test/flip/013.png,3.261227
patchcore_wr50_1,metal_nut,1,gate,test,flip,test/flip/014.png,3.326797
patchcore_wr50_1,metal_nut,1,gate,test,flip,test/flip/015.png,3.341152
patchcore_wr50_1,metal_nut,1,gate,test,flip,test/flip/016.png,3.252815
patchcore_wr50_1,metal_nut,1,gate,test,flip,test/flip/017.png,3.220464
patchcore_wr50_1,metal_nut,1,gate,test,flip,test/flip/018.png,3.285142
patchcore_wr50_1,metal_nut,1,gate,test,flip,test/flip/019.png,3.278655
patchcore_wr50_1,metal_nut,1,gate,test,flip,test/flip/020.png,3.192934
patchcore_wr50_1,metal_nut,1,gate,test,flip,test/flip/021.png,3.132204
patchcore_wr50_1,metal_nut,1,gate,test,flip,test/flip/022.png,3.260806
patchcore_wr50_1,metal_nut,1,gate,test,good,test/good/000.png,2.232094
patchcore_wr50_1,metal_nut,1,gate,test,good,test/good/001.png,2.263092
patchcore_wr50_1,metal_nut,1,gate,test,good,test/good/002.png,2.362752
patchcore_wr50_1,metal_nut,1,gate,test,good,test/good/003.png,2.237572
patchcore_wr50_1,metal_nut,1,gate,test,good,test/good/004.png,2.188597
patchcore_wr50_1,metal_nut,1,gate,test,good,test/good/005.png,2.408722
patchcore_wr50_1,metal_nut,1,gate,test,good,test/good/006.png,2.282577
patchcore_wr50_1,metal_nut,1,gate,test,good,test/good/007.png,2.296729
patchcore_wr50_1,metal_nut,1,gate,test,good,test/good/008.png,2.229726
patchcore_wr50_1,metal_nut,1,gate,test,good,test/good/009.png,2.256488
patchcore_wr50_1,metal_nut,1,gate,test,good,test/good/010.png,2.197508
patchcore_wr50_1,metal_nut,1,gate,test,good,test/good/011.png,2.296850
patchcore_wr50_1,metal_nut,1,gate,test,good,test/good/012.png,2.251773
patchcore_wr50_1,metal_nut,1,gate,test,good,test/good/013.png,2.240373
patchcore_wr50_1,metal_nut,1,gate,test,good,test/good/014.png,2.205796
patchcore_wr50_1,metal_nut,1,gate,test,good,test/good/015.png,2.282898
patchcore_wr50_1,metal_nut,1,gate,test,good,test/good/016.png,2.430430
patchcore_wr50_1,metal_nut,1,gate,test,good,test/good/017.png,2.246096
patchcore_wr50_1,metal_nut,1,gate,test,good,test/good/018.png,2.206478
patchcore_wr50_1,metal_nut,1,gate,test,good,test/good/019.png,2.196637
patchcore_wr50_1,metal_nut,1,gate,test,good,test/good/020.png,2.233902
patchcore_wr50_1,metal_nut,1,gate,test,good,test/good/021.png,2.192504
patchcore_wr50_1,metal_nut,1,gate,test,scratch,test/scratch/000.png,2.450088
patchcore_wr50_1,metal_nut,1,gate,test,scratch,test/scratch/001.png,2.575119
patchcore_wr50_1,metal_nut,1,gate,test,scratch,test/scratch/002.png,3.044180
patchcore_wr50_1,metal_nut,1,gate,test,scratch,test/scratch/003.png,2.830747
patchcore_wr50_1,metal_nut,1,gate,test,scratch,test/scratch/004.png,2.887202
patchcore_wr50_1,metal_nut,1,gate,test,scratch,test/scratch/005.png,2.906012
patchcore_wr50_1,metal_nut,1,gate,test,scratch,test/scratch/006.png,2.836540
patchcore_wr50_1,metal_nut,1,gate,test,scratch,test/scratch/007.png,3.035847
patchcore_wr50_1,metal_nut,1,gate,test,scratch,test/scratch/008.png,3.037810
patchcore_wr50_1,metal_nut,1,gate,test,scratch,test/scratch/009.png,2.886967
patchcore_wr50_1,metal_nut,1,gate,test,scratch,test/scratch/010.png,2.758312
patchcore_wr50_1,metal_nut,1,gate,test,scratch,test/scratch/011.png,3.121514
patchcore_wr50_1,metal_nut,1,gate,test,scratch,test/scratch/012.png,2.840780
patchcore_wr50_1,metal_nut,1,gate,test,scratch,test/scratch/013.png,3.074840
patchcore_wr50_1,metal_nut,1,gate,test,scratch,test/scratch/014.png,3.012236
patchcore_wr50_1,metal_nut,1,gate,test,scratch,test/scratch/015.png,3.110416
patchcore_wr50_1,metal_nut,1,gate,test,scratch,test/scratch/016.png,2.891322
patchcore_wr50_1,metal_nut,1,gate,test,scratch,test/scratch/017.png,2.886160
patchcore_wr50_1,metal_nut,1,gate,test,scratch,test/scratch/018.png,3.206299
patchcore_wr50_1,metal_nut,1,gate,test,scratch,test/scratch/019.png,2.818146
patchcore_wr50_1,metal_nut,1,gate,test,scratch,test/scratch/020.png,2.394451
patchcore_wr50_1,metal_nut,1,gate,test,scratch,test/scratch/021.png,2.426451
patchcore_wr50_1,metal_nut,1,gate,test,scratch,test/scratch/022.png,2.451334
patchcore_wr50_1,metal_nut,2,full,test,bent,test/bent/000.png,3.120378
patchcore_wr50_1,metal_nut,2,full,test,bent,test/bent/001.png,2.863782
patchcore_wr50_1,metal_nut,2,full,test,bent,test/bent/002.png,3.061498
patchcore_wr50_1,metal_nut,2,full,test,bent,test/bent/003.png,3.066913
patchcore_wr50_1,metal_nut,2,full,test,bent,test/bent/004.png,2.998518
patchcore_wr50_1,metal_nut,2,full,test,bent,test/bent/005.png,3.165730
patchcore_wr50_1,metal_nut,2,full,test,bent,test/bent/006.png,2.688259
patchcore_wr50_1,metal_nut,2,full,test,bent,test/bent/007.png,2.434725
patchcore_wr50_1,metal_nut,2,full,test,bent,test/bent/008.png,2.864991
patchcore_wr50_1,metal_nut,2,full,test,bent,test/bent/009.png,3.166574
patchcore_wr50_1,metal_nut,2,full,test,bent,test/bent/010.png,3.216411
patchcore_wr50_1,metal_nut,2,full,test,bent,test/bent/011.png,3.010702
patchcore_wr50_1,metal_nut,2,full,test,bent,test/bent/012.png,2.895824
patchcore_wr50_1,metal_nut,2,full,test,bent,test/bent/013.png,2.957293
patchcore_wr50_1,metal_nut,2,full,test,bent,test/bent/014.png,2.803670
patchcore_wr50_1,metal_nut,2,full,test,bent,test/bent/015.png,2.759324
patchcore_wr50_1,metal_nut,2,full,test,bent,test/bent/016.png,3.036047
patchcore_wr50_1,metal_nut,2,full,test,bent,test/bent/017.png,3.106066
patchcore_wr50_1,metal_nut,2,full,test,bent,test/bent/018.png,2.957207
patchcore_wr50_1,metal_nut,2,full,test,bent,test/bent/019.png,2.930059
patchcore_wr50_1,metal_nut,2,full,test,bent,test/bent/020.png,2.855706
patchcore_wr50_1,metal_nut,2,full,test,bent,test/bent/021.png,3.197549
patchcore_wr50_1,metal_nut,2,full,test,bent,test/bent/022.png,2.594492
patchcore_wr50_1,metal_nut,2,full,test,bent,test/bent/023.png,2.791493
patchcore_wr50_1,metal_nut,2,full,test,bent,test/bent/024.png,2.988090
patchcore_wr50_1,metal_nut,2,full,test,color,test/color/000.png,2.862686
patchcore_wr50_1,metal_nut,2,full,test,color,test/color/001.png,2.699862
patchcore_wr50_1,metal_nut,2,full,test,color,test/color/002.png,3.223477
patchcore_wr50_1,metal_nut,2,full,test,color,test/color/003.png,3.327135
patchcore_wr50_1,metal_nut,2,full,test,color,test/color/004.png,2.470663
patchcore_wr50_1,metal_nut,2,full,test,color,test/color/005.png,2.587415
patchcore_wr50_1,metal_nut,2,full,test,color,test/color/006.png,2.925328
patchcore_wr50_1,metal_nut,2,full,test,color,test/color/007.png,3.133305
patchcore_wr50_1,metal_nut,2,full,test,color,test/color/008.png,2.937717
patchcore_wr50_1,metal_nut,2,full,test,color,test/color/009.png,3.228335
patchcore_wr50_1,metal_nut,2,full,test,color,test/color/010.png,2.957173
patchcore_wr50_1,metal_nut,2,full,test,color,test/color/011.png,3.114151
patchcore_wr50_1,metal_nut,2,full,test,color,test/color/012.png,3.074841
patchcore_wr50_1,metal_nut,2,full,test,color,test/color/013.png,3.116096
patchcore_wr50_1,metal_nut,2,full,test,color,test/color/014.png,3.366672
patchcore_wr50_1,metal_nut,2,full,test,color,test/color/015.png,2.896586
patchcore_wr50_1,metal_nut,2,full,test,color,test/color/016.png,2.788829
patchcore_wr50_1,metal_nut,2,full,test,color,test/color/017.png,2.768092
patchcore_wr50_1,metal_nut,2,full,test,color,test/color/018.png,2.726518
patchcore_wr50_1,metal_nut,2,full,test,color,test/color/019.png,2.785254
patchcore_wr50_1,metal_nut,2,full,test,color,test/color/020.png,3.067373
patchcore_wr50_1,metal_nut,2,full,test,color,test/color/021.png,2.888593
patchcore_wr50_1,metal_nut,2,full,test,flip,test/flip/000.png,3.411694
patchcore_wr50_1,metal_nut,2,full,test,flip,test/flip/001.png,3.381382
patchcore_wr50_1,metal_nut,2,full,test,flip,test/flip/002.png,3.205822
patchcore_wr50_1,metal_nut,2,full,test,flip,test/flip/003.png,3.145190
patchcore_wr50_1,metal_nut,2,full,test,flip,test/flip/004.png,3.356135
patchcore_wr50_1,metal_nut,2,full,test,flip,test/flip/005.png,3.317814
patchcore_wr50_1,metal_nut,2,full,test,flip,test/flip/006.png,3.246990
patchcore_wr50_1,metal_nut,2,full,test,flip,test/flip/007.png,3.273099
patchcore_wr50_1,metal_nut,2,full,test,flip,test/flip/008.png,3.348332
patchcore_wr50_1,metal_nut,2,full,test,flip,test/flip/009.png,3.368821
patchcore_wr50_1,metal_nut,2,full,test,flip,test/flip/010.png,3.207581
patchcore_wr50_1,metal_nut,2,full,test,flip,test/flip/011.png,3.544347
patchcore_wr50_1,metal_nut,2,full,test,flip,test/flip/012.png,3.314370
patchcore_wr50_1,metal_nut,2,full,test,flip,test/flip/013.png,3.312295
patchcore_wr50_1,metal_nut,2,full,test,flip,test/flip/014.png,3.357687
patchcore_wr50_1,metal_nut,2,full,test,flip,test/flip/015.png,3.285141
patchcore_wr50_1,metal_nut,2,full,test,flip,test/flip/016.png,3.208253
patchcore_wr50_1,metal_nut,2,full,test,flip,test/flip/017.png,3.325603
patchcore_wr50_1,metal_nut,2,full,test,flip,test/flip/018.png,3.380368
patchcore_wr50_1,metal_nut,2,full,test,flip,test/flip/019.png,3.264606
patchcore_wr50_1,metal_nut,2,full,test,flip,test/flip/020.png,3.183337
patchcore_wr50_1,metal_nut,2,full,test,flip,test/flip/021.png,3.124486
patchcore_wr50_1,metal_nut,2,full,test,flip,test/flip/022.png,3.307569
patchcore_wr50_1,metal_nut,2,full,test,good,test/good/000.png,2.247286
patchcore_wr50_1,metal_nut,2,full,test,good,test/good/001.png,2.119129
patchcore_wr50_1,metal_nut,2,full,test,good,test/good/002.png,2.227346
patchcore_wr50_1,metal_nut,2,full,test,good,test/good/003.png,2.146427
patchcore_wr50_1,metal_nut,2,full,test,good,test/good/004.png,2.088573
patchcore_wr50_1,metal_nut,2,full,test,good,test/good/005.png,2.260564
patchcore_wr50_1,metal_nut,2,full,test,good,test/good/006.png,2.252390
patchcore_wr50_1,metal_nut,2,full,test,good,test/good/007.png,2.494756
patchcore_wr50_1,metal_nut,2,full,test,good,test/good/008.png,2.236118
patchcore_wr50_1,metal_nut,2,full,test,good,test/good/009.png,2.283901
patchcore_wr50_1,metal_nut,2,full,test,good,test/good/010.png,2.238007
patchcore_wr50_1,metal_nut,2,full,test,good,test/good/011.png,2.287866
patchcore_wr50_1,metal_nut,2,full,test,good,test/good/012.png,2.248574
patchcore_wr50_1,metal_nut,2,full,test,good,test/good/013.png,2.248563
patchcore_wr50_1,metal_nut,2,full,test,good,test/good/014.png,2.275924
patchcore_wr50_1,metal_nut,2,full,test,good,test/good/015.png,2.291964
patchcore_wr50_1,metal_nut,2,full,test,good,test/good/016.png,2.381419
patchcore_wr50_1,metal_nut,2,full,test,good,test/good/017.png,2.226415
patchcore_wr50_1,metal_nut,2,full,test,good,test/good/018.png,2.204916
patchcore_wr50_1,metal_nut,2,full,test,good,test/good/019.png,2.199690
patchcore_wr50_1,metal_nut,2,full,test,good,test/good/020.png,2.193655
patchcore_wr50_1,metal_nut,2,full,test,good,test/good/021.png,2.203007
patchcore_wr50_1,metal_nut,2,full,test,scratch,test/scratch/000.png,2.430120
patchcore_wr50_1,metal_nut,2,full,test,scratch,test/scratch/001.png,2.555483
patchcore_wr50_1,metal_nut,2,full,test,scratch,test/scratch/002.png,3.063476
patchcore_wr50_1,metal_nut,2,full,test,scratch,test/scratch/003.png,2.695709
patchcore_wr50_1,metal_nut,2,full,test,scratch,test/scratch/004.png,2.885929
patchcore_wr50_1,metal_nut,2,full,test,scratch,test/scratch/005.png,2.926183
patchcore_wr50_1,metal_nut,2,full,test,scratch,test/scratch/006.png,2.888523
patchcore_wr50_1,metal_nut,2,full,test,scratch,test/scratch/007.png,3.043298
patchcore_wr50_1,metal_nut,2,full,test,scratch,test/scratch/008.png,3.136012
patchcore_wr50_1,metal_nut,2,full,test,scratch,test/scratch/009.png,2.784266
patchcore_wr50_1,metal_nut,2,full,test,scratch,test/scratch/010.png,2.797475
patchcore_wr50_1,metal_nut,2,full,test,scratch,test/scratch/011.png,3.038918
patchcore_wr50_1,metal_nut,2,full,test,scratch,test/scratch/012.png,2.872206
patchcore_wr50_1,metal_nut,2,full,test,scratch,test/scratch/013.png,3.105980
patchcore_wr50_1,metal_nut,2,full,test,scratch,test/scratch/014.png,2.747753
patchcore_wr50_1,metal_nut,2,full,test,scratch,test/scratch/015.png,3.004693
patchcore_wr50_1,metal_nut,2,full,test,scratch,test/scratch/016.png,2.922595
patchcore_wr50_1,metal_nut,2,full,test,scratch,test/scratch/017.png,2.891300
patchcore_wr50_1,metal_nut,2,full,test,scratch,test/scratch/018.png,3.187426
patchcore_wr50_1,metal_nut,2,full,test,scratch,test/scratch/019.png,2.686750
patchcore_wr50_1,metal_nut,2,full,test,scratch,test/scratch/020.png,2.493546
patchcore_wr50_1,metal_nut,2,full,test,scratch,test/scratch/021.png,2.507374
patchcore_wr50_1,metal_nut,2,full,test,scratch,test/scratch/022.png,2.419265
patchcore_wr50_1,metal_nut,2,gate,calibration,good,train/good/000.png,2.190643
patchcore_wr50_1,metal_nut,2,gate,calibration,good,train/good/011.png,2.251805
patchcore_wr50_1,metal_nut,2,gate,calibration,good,train/good/026.png,2.163133
patchcore_wr50_1,metal_nut,2,gate,calibration,good,train/good/032.png,2.257502
patchcore_wr50_1,metal_nut,2,gate,calibration,good,train/good/038.png,2.208584
patchcore_wr50_1,metal_nut,2,gate,calibration,good,train/good/039.png,2.273070
patchcore_wr50_1,metal_nut,2,gate,calibration,good,train/good/042.png,2.225096
patchcore_wr50_1,metal_nut,2,gate,calibration,good,train/good/045.png,2.242677
patchcore_wr50_1,metal_nut,2,gate,calibration,good,train/good/048.png,2.275057
patchcore_wr50_1,metal_nut,2,gate,calibration,good,train/good/052.png,2.196581
patchcore_wr50_1,metal_nut,2,gate,calibration,good,train/good/061.png,2.305542
patchcore_wr50_1,metal_nut,2,gate,calibration,good,train/good/067.png,2.287609
patchcore_wr50_1,metal_nut,2,gate,calibration,good,train/good/069.png,2.271250
patchcore_wr50_1,metal_nut,2,gate,calibration,good,train/good/071.png,2.246197
patchcore_wr50_1,metal_nut,2,gate,calibration,good,train/good/074.png,2.258907
patchcore_wr50_1,metal_nut,2,gate,calibration,good,train/good/078.png,2.402996
patchcore_wr50_1,metal_nut,2,gate,calibration,good,train/good/081.png,2.261071
patchcore_wr50_1,metal_nut,2,gate,calibration,good,train/good/086.png,2.316216
patchcore_wr50_1,metal_nut,2,gate,calibration,good,train/good/089.png,2.315822
patchcore_wr50_1,metal_nut,2,gate,calibration,good,train/good/093.png,2.282664
patchcore_wr50_1,metal_nut,2,gate,calibration,good,train/good/104.png,2.277680
patchcore_wr50_1,metal_nut,2,gate,calibration,good,train/good/107.png,2.180913
patchcore_wr50_1,metal_nut,2,gate,calibration,good,train/good/108.png,2.182145
patchcore_wr50_1,metal_nut,2,gate,calibration,good,train/good/114.png,2.297864
patchcore_wr50_1,metal_nut,2,gate,calibration,good,train/good/118.png,2.257600
patchcore_wr50_1,metal_nut,2,gate,calibration,good,train/good/119.png,2.276660
patchcore_wr50_1,metal_nut,2,gate,calibration,good,train/good/123.png,2.258894
patchcore_wr50_1,metal_nut,2,gate,calibration,good,train/good/126.png,2.272822
patchcore_wr50_1,metal_nut,2,gate,calibration,good,train/good/129.png,2.234718
patchcore_wr50_1,metal_nut,2,gate,calibration,good,train/good/141.png,2.287167
patchcore_wr50_1,metal_nut,2,gate,calibration,good,train/good/145.png,2.226245
patchcore_wr50_1,metal_nut,2,gate,calibration,good,train/good/147.png,2.315482
patchcore_wr50_1,metal_nut,2,gate,calibration,good,train/good/162.png,2.278400
patchcore_wr50_1,metal_nut,2,gate,calibration,good,train/good/170.png,2.225377
patchcore_wr50_1,metal_nut,2,gate,calibration,good,train/good/179.png,2.219624
patchcore_wr50_1,metal_nut,2,gate,calibration,good,train/good/186.png,2.264441
patchcore_wr50_1,metal_nut,2,gate,calibration,good,train/good/190.png,2.293427
patchcore_wr50_1,metal_nut,2,gate,calibration,good,train/good/194.png,2.322349
patchcore_wr50_1,metal_nut,2,gate,calibration,good,train/good/199.png,2.341716
patchcore_wr50_1,metal_nut,2,gate,calibration,good,train/good/206.png,2.296696
patchcore_wr50_1,metal_nut,2,gate,calibration,good,train/good/207.png,2.321454
patchcore_wr50_1,metal_nut,2,gate,calibration,good,train/good/211.png,2.263222
patchcore_wr50_1,metal_nut,2,gate,calibration,good,train/good/214.png,2.201488
patchcore_wr50_1,metal_nut,2,gate,calibration,good,train/good/217.png,2.298793
patchcore_wr50_1,metal_nut,2,gate,test,bent,test/bent/000.png,3.167509
patchcore_wr50_1,metal_nut,2,gate,test,bent,test/bent/001.png,2.968182
patchcore_wr50_1,metal_nut,2,gate,test,bent,test/bent/002.png,3.048406
patchcore_wr50_1,metal_nut,2,gate,test,bent,test/bent/003.png,3.032814
patchcore_wr50_1,metal_nut,2,gate,test,bent,test/bent/004.png,2.837749
patchcore_wr50_1,metal_nut,2,gate,test,bent,test/bent/005.png,3.174239
patchcore_wr50_1,metal_nut,2,gate,test,bent,test/bent/006.png,2.762018
patchcore_wr50_1,metal_nut,2,gate,test,bent,test/bent/007.png,2.431205
patchcore_wr50_1,metal_nut,2,gate,test,bent,test/bent/008.png,3.048559
patchcore_wr50_1,metal_nut,2,gate,test,bent,test/bent/009.png,3.240753
patchcore_wr50_1,metal_nut,2,gate,test,bent,test/bent/010.png,3.324534
patchcore_wr50_1,metal_nut,2,gate,test,bent,test/bent/011.png,3.112764
patchcore_wr50_1,metal_nut,2,gate,test,bent,test/bent/012.png,2.911668
patchcore_wr50_1,metal_nut,2,gate,test,bent,test/bent/013.png,2.990576
patchcore_wr50_1,metal_nut,2,gate,test,bent,test/bent/014.png,2.881964
patchcore_wr50_1,metal_nut,2,gate,test,bent,test/bent/015.png,2.789969
patchcore_wr50_1,metal_nut,2,gate,test,bent,test/bent/016.png,3.152077
patchcore_wr50_1,metal_nut,2,gate,test,bent,test/bent/017.png,3.218633
patchcore_wr50_1,metal_nut,2,gate,test,bent,test/bent/018.png,2.873318
patchcore_wr50_1,metal_nut,2,gate,test,bent,test/bent/019.png,2.970965
patchcore_wr50_1,metal_nut,2,gate,test,bent,test/bent/020.png,2.928231
patchcore_wr50_1,metal_nut,2,gate,test,bent,test/bent/021.png,3.252520
patchcore_wr50_1,metal_nut,2,gate,test,bent,test/bent/022.png,2.702136
patchcore_wr50_1,metal_nut,2,gate,test,bent,test/bent/023.png,2.870682
patchcore_wr50_1,metal_nut,2,gate,test,bent,test/bent/024.png,3.009162
patchcore_wr50_1,metal_nut,2,gate,test,color,test/color/000.png,2.872475
patchcore_wr50_1,metal_nut,2,gate,test,color,test/color/001.png,2.929130
patchcore_wr50_1,metal_nut,2,gate,test,color,test/color/002.png,3.294898
patchcore_wr50_1,metal_nut,2,gate,test,color,test/color/003.png,3.409786
patchcore_wr50_1,metal_nut,2,gate,test,color,test/color/004.png,2.470003
patchcore_wr50_1,metal_nut,2,gate,test,color,test/color/005.png,2.615433
patchcore_wr50_1,metal_nut,2,gate,test,color,test/color/006.png,2.816217
patchcore_wr50_1,metal_nut,2,gate,test,color,test/color/007.png,3.193601
patchcore_wr50_1,metal_nut,2,gate,test,color,test/color/008.png,3.075846
patchcore_wr50_1,metal_nut,2,gate,test,color,test/color/009.png,3.272168
patchcore_wr50_1,metal_nut,2,gate,test,color,test/color/010.png,3.044142
patchcore_wr50_1,metal_nut,2,gate,test,color,test/color/011.png,3.197780
patchcore_wr50_1,metal_nut,2,gate,test,color,test/color/012.png,3.053315
patchcore_wr50_1,metal_nut,2,gate,test,color,test/color/013.png,3.193887
patchcore_wr50_1,metal_nut,2,gate,test,color,test/color/014.png,3.364116
patchcore_wr50_1,metal_nut,2,gate,test,color,test/color/015.png,3.045673
patchcore_wr50_1,metal_nut,2,gate,test,color,test/color/016.png,2.872571
patchcore_wr50_1,metal_nut,2,gate,test,color,test/color/017.png,2.891532
patchcore_wr50_1,metal_nut,2,gate,test,color,test/color/018.png,2.757202
patchcore_wr50_1,metal_nut,2,gate,test,color,test/color/019.png,2.914175
patchcore_wr50_1,metal_nut,2,gate,test,color,test/color/020.png,3.250177
patchcore_wr50_1,metal_nut,2,gate,test,color,test/color/021.png,3.017701
patchcore_wr50_1,metal_nut,2,gate,test,flip,test/flip/000.png,3.401698
patchcore_wr50_1,metal_nut,2,gate,test,flip,test/flip/001.png,3.378232
patchcore_wr50_1,metal_nut,2,gate,test,flip,test/flip/002.png,3.209651
patchcore_wr50_1,metal_nut,2,gate,test,flip,test/flip/003.png,3.201799
patchcore_wr50_1,metal_nut,2,gate,test,flip,test/flip/004.png,3.333278
patchcore_wr50_1,metal_nut,2,gate,test,flip,test/flip/005.png,3.360259
patchcore_wr50_1,metal_nut,2,gate,test,flip,test/flip/006.png,3.257957
patchcore_wr50_1,metal_nut,2,gate,test,flip,test/flip/007.png,3.351362
patchcore_wr50_1,metal_nut,2,gate,test,flip,test/flip/008.png,3.348439
patchcore_wr50_1,metal_nut,2,gate,test,flip,test/flip/009.png,3.345214
patchcore_wr50_1,metal_nut,2,gate,test,flip,test/flip/010.png,3.280926
patchcore_wr50_1,metal_nut,2,gate,test,flip,test/flip/011.png,3.555339
patchcore_wr50_1,metal_nut,2,gate,test,flip,test/flip/012.png,3.284358
patchcore_wr50_1,metal_nut,2,gate,test,flip,test/flip/013.png,3.277505
patchcore_wr50_1,metal_nut,2,gate,test,flip,test/flip/014.png,3.287419
patchcore_wr50_1,metal_nut,2,gate,test,flip,test/flip/015.png,3.275293
patchcore_wr50_1,metal_nut,2,gate,test,flip,test/flip/016.png,3.233312
patchcore_wr50_1,metal_nut,2,gate,test,flip,test/flip/017.png,3.281018
patchcore_wr50_1,metal_nut,2,gate,test,flip,test/flip/018.png,3.329629
patchcore_wr50_1,metal_nut,2,gate,test,flip,test/flip/019.png,3.337614
patchcore_wr50_1,metal_nut,2,gate,test,flip,test/flip/020.png,3.193974
patchcore_wr50_1,metal_nut,2,gate,test,flip,test/flip/021.png,3.122045
patchcore_wr50_1,metal_nut,2,gate,test,flip,test/flip/022.png,3.275070
patchcore_wr50_1,metal_nut,2,gate,test,good,test/good/000.png,2.297450
patchcore_wr50_1,metal_nut,2,gate,test,good,test/good/001.png,2.141606
patchcore_wr50_1,metal_nut,2,gate,test,good,test/good/002.png,2.291412
patchcore_wr50_1,metal_nut,2,gate,test,good,test/good/003.png,2.221728
patchcore_wr50_1,metal_nut,2,gate,test,good,test/good/004.png,2.210354
patchcore_wr50_1,metal_nut,2,gate,test,good,test/good/005.png,2.360491
patchcore_wr50_1,metal_nut,2,gate,test,good,test/good/006.png,2.331085
patchcore_wr50_1,metal_nut,2,gate,test,good,test/good/007.png,2.556481
patchcore_wr50_1,metal_nut,2,gate,test,good,test/good/008.png,2.359740
patchcore_wr50_1,metal_nut,2,gate,test,good,test/good/009.png,2.330661
patchcore_wr50_1,metal_nut,2,gate,test,good,test/good/010.png,2.258502
patchcore_wr50_1,metal_nut,2,gate,test,good,test/good/011.png,2.335524
patchcore_wr50_1,metal_nut,2,gate,test,good,test/good/012.png,2.227963
patchcore_wr50_1,metal_nut,2,gate,test,good,test/good/013.png,2.330432
patchcore_wr50_1,metal_nut,2,gate,test,good,test/good/014.png,2.251940
patchcore_wr50_1,metal_nut,2,gate,test,good,test/good/015.png,2.213628
patchcore_wr50_1,metal_nut,2,gate,test,good,test/good/016.png,2.416444
patchcore_wr50_1,metal_nut,2,gate,test,good,test/good/017.png,2.191699
patchcore_wr50_1,metal_nut,2,gate,test,good,test/good/018.png,2.281406
patchcore_wr50_1,metal_nut,2,gate,test,good,test/good/019.png,2.298027
patchcore_wr50_1,metal_nut,2,gate,test,good,test/good/020.png,2.278847
patchcore_wr50_1,metal_nut,2,gate,test,good,test/good/021.png,2.227770
patchcore_wr50_1,metal_nut,2,gate,test,scratch,test/scratch/000.png,2.447531
patchcore_wr50_1,metal_nut,2,gate,test,scratch,test/scratch/001.png,2.613840
patchcore_wr50_1,metal_nut,2,gate,test,scratch,test/scratch/002.png,3.055632
patchcore_wr50_1,metal_nut,2,gate,test,scratch,test/scratch/003.png,2.717424
patchcore_wr50_1,metal_nut,2,gate,test,scratch,test/scratch/004.png,2.942772
patchcore_wr50_1,metal_nut,2,gate,test,scratch,test/scratch/005.png,2.945254
patchcore_wr50_1,metal_nut,2,gate,test,scratch,test/scratch/006.png,2.878757
patchcore_wr50_1,metal_nut,2,gate,test,scratch,test/scratch/007.png,3.084592
patchcore_wr50_1,metal_nut,2,gate,test,scratch,test/scratch/008.png,3.062416
patchcore_wr50_1,metal_nut,2,gate,test,scratch,test/scratch/009.png,2.843102
patchcore_wr50_1,metal_nut,2,gate,test,scratch,test/scratch/010.png,2.762414
patchcore_wr50_1,metal_nut,2,gate,test,scratch,test/scratch/011.png,3.102219
patchcore_wr50_1,metal_nut,2,gate,test,scratch,test/scratch/012.png,2.851452
patchcore_wr50_1,metal_nut,2,gate,test,scratch,test/scratch/013.png,3.016027
patchcore_wr50_1,metal_nut,2,gate,test,scratch,test/scratch/014.png,2.918189
patchcore_wr50_1,metal_nut,2,gate,test,scratch,test/scratch/015.png,3.122355
patchcore_wr50_1,metal_nut,2,gate,test,scratch,test/scratch/016.png,2.923849
patchcore_wr50_1,metal_nut,2,gate,test,scratch,test/scratch/017.png,2.924795
patchcore_wr50_1,metal_nut,2,gate,test,scratch,test/scratch/018.png,3.137076
patchcore_wr50_1,metal_nut,2,gate,test,scratch,test/scratch/019.png,2.805687
patchcore_wr50_1,metal_nut,2,gate,test,scratch,test/scratch/020.png,2.431835
patchcore_wr50_1,metal_nut,2,gate,test,scratch,test/scratch/021.png,2.497952
patchcore_wr50_1,metal_nut,2,gate,test,scratch,test/scratch/022.png,2.412607
patchcore_wr50_1,screw,0,full,test,good,test/good/000.png,1.731674
patchcore_wr50_1,screw,0,full,test,good,test/good/001.png,1.695092
patchcore_wr50_1,screw,0,full,test,good,test/good/002.png,1.704817
patchcore_wr50_1,screw,0,full,test,good,test/good/003.png,1.760054
patchcore_wr50_1,screw,0,full,test,good,test/good/004.png,1.753522
patchcore_wr50_1,screw,0,full,test,good,test/good/005.png,2.043491
patchcore_wr50_1,screw,0,full,test,good,test/good/006.png,1.709613
patchcore_wr50_1,screw,0,full,test,good,test/good/007.png,1.815836
patchcore_wr50_1,screw,0,full,test,good,test/good/008.png,1.775191
patchcore_wr50_1,screw,0,full,test,good,test/good/009.png,1.789863
patchcore_wr50_1,screw,0,full,test,good,test/good/010.png,1.815098
patchcore_wr50_1,screw,0,full,test,good,test/good/011.png,1.788146
patchcore_wr50_1,screw,0,full,test,good,test/good/012.png,1.785718
patchcore_wr50_1,screw,0,full,test,good,test/good/013.png,1.714009
patchcore_wr50_1,screw,0,full,test,good,test/good/014.png,1.773145
patchcore_wr50_1,screw,0,full,test,good,test/good/015.png,1.844501
patchcore_wr50_1,screw,0,full,test,good,test/good/016.png,1.676013
patchcore_wr50_1,screw,0,full,test,good,test/good/017.png,1.832983
patchcore_wr50_1,screw,0,full,test,good,test/good/018.png,1.831040
patchcore_wr50_1,screw,0,full,test,good,test/good/019.png,1.856628
patchcore_wr50_1,screw,0,full,test,good,test/good/020.png,1.728857
patchcore_wr50_1,screw,0,full,test,good,test/good/021.png,1.692939
patchcore_wr50_1,screw,0,full,test,good,test/good/022.png,1.784408
patchcore_wr50_1,screw,0,full,test,good,test/good/023.png,1.756395
patchcore_wr50_1,screw,0,full,test,good,test/good/024.png,1.855568
patchcore_wr50_1,screw,0,full,test,good,test/good/025.png,1.759970
patchcore_wr50_1,screw,0,full,test,good,test/good/026.png,1.733792
patchcore_wr50_1,screw,0,full,test,good,test/good/027.png,1.718867
patchcore_wr50_1,screw,0,full,test,good,test/good/028.png,1.682819
patchcore_wr50_1,screw,0,full,test,good,test/good/029.png,1.695011
patchcore_wr50_1,screw,0,full,test,good,test/good/030.png,1.749036
patchcore_wr50_1,screw,0,full,test,good,test/good/031.png,1.824057
patchcore_wr50_1,screw,0,full,test,good,test/good/032.png,1.729213
patchcore_wr50_1,screw,0,full,test,good,test/good/033.png,1.670841
patchcore_wr50_1,screw,0,full,test,good,test/good/034.png,1.647161
patchcore_wr50_1,screw,0,full,test,good,test/good/035.png,1.736889
patchcore_wr50_1,screw,0,full,test,good,test/good/036.png,1.695922
patchcore_wr50_1,screw,0,full,test,good,test/good/037.png,1.806442
patchcore_wr50_1,screw,0,full,test,good,test/good/038.png,1.724775
patchcore_wr50_1,screw,0,full,test,good,test/good/039.png,1.758135
patchcore_wr50_1,screw,0,full,test,good,test/good/040.png,1.731305
patchcore_wr50_1,screw,0,full,test,manipulated_front,test/manipulated_front/000.png,1.895020
patchcore_wr50_1,screw,0,full,test,manipulated_front,test/manipulated_front/001.png,2.071900
patchcore_wr50_1,screw,0,full,test,manipulated_front,test/manipulated_front/002.png,2.084442
patchcore_wr50_1,screw,0,full,test,manipulated_front,test/manipulated_front/003.png,2.041458
patchcore_wr50_1,screw,0,full,test,manipulated_front,test/manipulated_front/004.png,1.956589
patchcore_wr50_1,screw,0,full,test,manipulated_front,test/manipulated_front/005.png,1.950557
patchcore_wr50_1,screw,0,full,test,manipulated_front,test/manipulated_front/006.png,1.976381
patchcore_wr50_1,screw,0,full,test,manipulated_front,test/manipulated_front/007.png,1.991174
patchcore_wr50_1,screw,0,full,test,manipulated_front,test/manipulated_front/008.png,1.996817
patchcore_wr50_1,screw,0,full,test,manipulated_front,test/manipulated_front/009.png,2.009247
patchcore_wr50_1,screw,0,full,test,manipulated_front,test/manipulated_front/010.png,1.870344
patchcore_wr50_1,screw,0,full,test,manipulated_front,test/manipulated_front/011.png,1.827664
patchcore_wr50_1,screw,0,full,test,manipulated_front,test/manipulated_front/012.png,1.959404
patchcore_wr50_1,screw,0,full,test,manipulated_front,test/manipulated_front/013.png,1.826025
patchcore_wr50_1,screw,0,full,test,manipulated_front,test/manipulated_front/014.png,2.029347
patchcore_wr50_1,screw,0,full,test,manipulated_front,test/manipulated_front/015.png,2.007854
patchcore_wr50_1,screw,0,full,test,manipulated_front,test/manipulated_front/016.png,2.194396
patchcore_wr50_1,screw,0,full,test,manipulated_front,test/manipulated_front/017.png,1.745422
patchcore_wr50_1,screw,0,full,test,manipulated_front,test/manipulated_front/018.png,1.991534
patchcore_wr50_1,screw,0,full,test,manipulated_front,test/manipulated_front/019.png,1.871771
patchcore_wr50_1,screw,0,full,test,manipulated_front,test/manipulated_front/020.png,1.842445
patchcore_wr50_1,screw,0,full,test,manipulated_front,test/manipulated_front/021.png,1.786373
patchcore_wr50_1,screw,0,full,test,manipulated_front,test/manipulated_front/022.png,1.956935
patchcore_wr50_1,screw,0,full,test,manipulated_front,test/manipulated_front/023.png,1.787792
patchcore_wr50_1,screw,0,full,test,scratch_head,test/scratch_head/000.png,1.962709
patchcore_wr50_1,screw,0,full,test,scratch_head,test/scratch_head/001.png,1.942537
patchcore_wr50_1,screw,0,full,test,scratch_head,test/scratch_head/002.png,1.971233
patchcore_wr50_1,screw,0,full,test,scratch_head,test/scratch_head/003.png,1.956218
patchcore_wr50_1,screw,0,full,test,scratch_head,test/scratch_head/004.png,1.921562
patchcore_wr50_1,screw,0,full,test,scratch_head,test/scratch_head/005.png,1.852401
patchcore_wr50_1,screw,0,full,test,scratch_head,test/scratch_head/006.png,1.861977
patchcore_wr50_1,screw,0,full,test,scratch_head,test/scratch_head/007.png,2.124153
patchcore_wr50_1,screw,0,full,test,scratch_head,test/scratch_head/008.png,1.958235
patchcore_wr50_1,screw,0,full,test,scratch_head,test/scratch_head/009.png,1.836309
patchcore_wr50_1,screw,0,full,test,scratch_head,test/scratch_head/010.png,1.954926
patchcore_wr50_1,screw,0,full,test,scratch_head,test/scratch_head/011.png,2.462005
patchcore_wr50_1,screw,0,full,test,scratch_head,test/scratch_head/012.png,2.051333
patchcore_wr50_1,screw,0,full,test,scratch_head,test/scratch_head/013.png,2.103496
patchcore_wr50_1,screw,0,full,test,scratch_head,test/scratch_head/014.png,1.943976
patchcore_wr50_1,screw,0,full,test,scratch_head,test/scratch_head/015.png,2.179947
patchcore_wr50_1,screw,0,full,test,scratch_head,test/scratch_head/016.png,2.180017
patchcore_wr50_1,screw,0,full,test,scratch_head,test/scratch_head/017.png,2.013190
patchcore_wr50_1,screw,0,full,test,scratch_head,test/scratch_head/018.png,1.929819
patchcore_wr50_1,screw,0,full,test,scratch_head,test/scratch_head/019.png,2.335033
patchcore_wr50_1,screw,0,full,test,scratch_head,test/scratch_head/020.png,1.928937
patchcore_wr50_1,screw,0,full,test,scratch_head,test/scratch_head/021.png,2.013337
patchcore_wr50_1,screw,0,full,test,scratch_head,test/scratch_head/022.png,1.830337
patchcore_wr50_1,screw,0,full,test,scratch_head,test/scratch_head/023.png,2.023125
patchcore_wr50_1,screw,0,full,test,scratch_neck,test/scratch_neck/000.png,2.060049
patchcore_wr50_1,screw,0,full,test,scratch_neck,test/scratch_neck/001.png,2.699357
patchcore_wr50_1,screw,0,full,test,scratch_neck,test/scratch_neck/002.png,2.025926
patchcore_wr50_1,screw,0,full,test,scratch_neck,test/scratch_neck/003.png,2.602728
patchcore_wr50_1,screw,0,full,test,scratch_neck,test/scratch_neck/004.png,2.384655
patchcore_wr50_1,screw,0,full,test,scratch_neck,test/scratch_neck/005.png,1.926496
patchcore_wr50_1,screw,0,full,test,scratch_neck,test/scratch_neck/006.png,2.166293
patchcore_wr50_1,screw,0,full,test,scratch_neck,test/scratch_neck/007.png,2.508602
patchcore_wr50_1,screw,0,full,test,scratch_neck,test/scratch_neck/008.png,2.595176
patchcore_wr50_1,screw,0,full,test,scratch_neck,test/scratch_neck/009.png,2.628534
patchcore_wr50_1,screw,0,full,test,scratch_neck,test/scratch_neck/010.png,2.297947
patchcore_wr50_1,screw,0,full,test,scratch_neck,test/scratch_neck/011.png,1.760587
patchcore_wr50_1,screw,0,full,test,scratch_neck,test/scratch_neck/012.png,2.168183
patchcore_wr50_1,screw,0,full,test,scratch_neck,test/scratch_neck/013.png,2.481381
patchcore_wr50_1,screw,0,full,test,scratch_neck,test/scratch_neck/014.png,2.451789
patchcore_wr50_1,screw,0,full,test,scratch_neck,test/scratch_neck/015.png,2.551435
patchcore_wr50_1,screw,0,full,test,scratch_neck,test/scratch_neck/016.png,2.551813
patchcore_wr50_1,screw,0,full,test,scratch_neck,test/scratch_neck/017.png,2.166185
patchcore_wr50_1,screw,0,full,test,scratch_neck,test/scratch_neck/018.png,2.319795
patchcore_wr50_1,screw,0,full,test,scratch_neck,test/scratch_neck/019.png,2.525401
patchcore_wr50_1,screw,0,full,test,scratch_neck,test/scratch_neck/020.png,2.621879
patchcore_wr50_1,screw,0,full,test,scratch_neck,test/scratch_neck/021.png,1.948050
patchcore_wr50_1,screw,0,full,test,scratch_neck,test/scratch_neck/022.png,2.180004
patchcore_wr50_1,screw,0,full,test,scratch_neck,test/scratch_neck/023.png,2.065977
patchcore_wr50_1,screw,0,full,test,scratch_neck,test/scratch_neck/024.png,2.494711
patchcore_wr50_1,screw,0,full,test,thread_side,test/thread_side/000.png,1.905923
patchcore_wr50_1,screw,0,full,test,thread_side,test/thread_side/001.png,1.834995
patchcore_wr50_1,screw,0,full,test,thread_side,test/thread_side/002.png,1.916713
patchcore_wr50_1,screw,0,full,test,thread_side,test/thread_side/003.png,1.934764
patchcore_wr50_1,screw,0,full,test,thread_side,test/thread_side/004.png,1.849823
patchcore_wr50_1,screw,0,full,test,thread_side,test/thread_side/005.png,2.014091
patchcore_wr50_1,screw,0,full,test,thread_side,test/thread_side/006.png,1.864353
patchcore_wr50_1,screw,0,full,test,thread_side,test/thread_side/007.png,2.032751
patchcore_wr50_1,screw,0,full,test,thread_side,test/thread_side/008.png,1.968523
patchcore_wr50_1,screw,0,full,test,thread_side,test/thread_side/009.png,1.756459
patchcore_wr50_1,screw,0,full,test,thread_side,test/thread_side/010.png,1.815053
patchcore_wr50_1,screw,0,full,test,thread_side,test/thread_side/011.png,1.916444
patchcore_wr50_1,screw,0,full,test,thread_side,test/thread_side/012.png,1.763077
patchcore_wr50_1,screw,0,full,test,thread_side,test/thread_side/013.png,1.855363
patchcore_wr50_1,screw,0,full,test,thread_side,test/thread_side/014.png,2.154906
patchcore_wr50_1,screw,0,full,test,thread_side,test/thread_side/015.png,1.850014
patchcore_wr50_1,screw,0,full,test,thread_side,test/thread_side/016.png,1.964258
patchcore_wr50_1,screw,0,full,test,thread_side,test/thread_side/017.png,2.107748
patchcore_wr50_1,screw,0,full,test,thread_side,test/thread_side/018.png,1.890101
patchcore_wr50_1,screw,0,full,test,thread_side,test/thread_side/019.png,1.787747
patchcore_wr50_1,screw,0,full,test,thread_side,test/thread_side/020.png,1.988020
patchcore_wr50_1,screw,0,full,test,thread_side,test/thread_side/021.png,1.827915
patchcore_wr50_1,screw,0,full,test,thread_side,test/thread_side/022.png,1.991270
patchcore_wr50_1,screw,0,full,test,thread_top,test/thread_top/000.png,2.060287
patchcore_wr50_1,screw,0,full,test,thread_top,test/thread_top/001.png,2.118256
patchcore_wr50_1,screw,0,full,test,thread_top,test/thread_top/002.png,2.103444
patchcore_wr50_1,screw,0,full,test,thread_top,test/thread_top/003.png,1.761234
patchcore_wr50_1,screw,0,full,test,thread_top,test/thread_top/004.png,2.133857
patchcore_wr50_1,screw,0,full,test,thread_top,test/thread_top/005.png,2.440803
patchcore_wr50_1,screw,0,full,test,thread_top,test/thread_top/006.png,2.226574
patchcore_wr50_1,screw,0,full,test,thread_top,test/thread_top/007.png,2.519136
patchcore_wr50_1,screw,0,full,test,thread_top,test/thread_top/008.png,1.903683
patchcore_wr50_1,screw,0,full,test,thread_top,test/thread_top/009.png,1.889548
patchcore_wr50_1,screw,0,full,test,thread_top,test/thread_top/010.png,2.074591
patchcore_wr50_1,screw,0,full,test,thread_top,test/thread_top/011.png,2.115194
patchcore_wr50_1,screw,0,full,test,thread_top,test/thread_top/012.png,1.936839
patchcore_wr50_1,screw,0,full,test,thread_top,test/thread_top/013.png,2.166186
patchcore_wr50_1,screw,0,full,test,thread_top,test/thread_top/014.png,1.927754
patchcore_wr50_1,screw,0,full,test,thread_top,test/thread_top/015.png,1.908332
patchcore_wr50_1,screw,0,full,test,thread_top,test/thread_top/016.png,1.992984
patchcore_wr50_1,screw,0,full,test,thread_top,test/thread_top/017.png,1.871822
patchcore_wr50_1,screw,0,full,test,thread_top,test/thread_top/018.png,2.051702
patchcore_wr50_1,screw,0,full,test,thread_top,test/thread_top/019.png,2.218982
patchcore_wr50_1,screw,0,full,test,thread_top,test/thread_top/020.png,2.318610
patchcore_wr50_1,screw,0,full,test,thread_top,test/thread_top/021.png,2.146578
patchcore_wr50_1,screw,0,full,test,thread_top,test/thread_top/022.png,1.984959
patchcore_wr50_1,screw,0,gate,calibration,good,train/good/000.png,1.740559
patchcore_wr50_1,screw,0,gate,calibration,good,train/good/005.png,1.738455
patchcore_wr50_1,screw,0,gate,calibration,good,train/good/010.png,1.768653
patchcore_wr50_1,screw,0,gate,calibration,good,train/good/018.png,1.786174
patchcore_wr50_1,screw,0,gate,calibration,good,train/good/031.png,1.872299
patchcore_wr50_1,screw,0,gate,calibration,good,train/good/033.png,1.748749
patchcore_wr50_1,screw,0,gate,calibration,good,train/good/036.png,1.772986
patchcore_wr50_1,screw,0,gate,calibration,good,train/good/039.png,1.808630
patchcore_wr50_1,screw,0,gate,calibration,good,train/good/041.png,1.877216
patchcore_wr50_1,screw,0,gate,calibration,good,train/good/044.png,1.750096
patchcore_wr50_1,screw,0,gate,calibration,good,train/good/045.png,1.845181
patchcore_wr50_1,screw,0,gate,calibration,good,train/good/047.png,1.855730
patchcore_wr50_1,screw,0,gate,calibration,good,train/good/063.png,1.719637
patchcore_wr50_1,screw,0,gate,calibration,good,train/good/070.png,1.775977
patchcore_wr50_1,screw,0,gate,calibration,good,train/good/071.png,1.719953
patchcore_wr50_1,screw,0,gate,calibration,good,train/good/075.png,1.855860
patchcore_wr50_1,screw,0,gate,calibration,good,train/good/084.png,1.994916
patchcore_wr50_1,screw,0,gate,calibration,good,train/good/090.png,1.826905
patchcore_wr50_1,screw,0,gate,calibration,good,train/good/093.png,1.741228
patchcore_wr50_1,screw,0,gate,calibration,good,train/good/098.png,1.761899
patchcore_wr50_1,screw,0,gate,calibration,good,train/good/111.png,1.760798
patchcore_wr50_1,screw,0,gate,calibration,good,train/good/116.png,1.828393
patchcore_wr50_1,screw,0,gate,calibration,good,train/good/117.png,1.744788
patchcore_wr50_1,screw,0,gate,calibration,good,train/good/121.png,1.735879
patchcore_wr50_1,screw,0,gate,calibration,good,train/good/124.png,1.823797
patchcore_wr50_1,screw,0,gate,calibration,good,train/good/133.png,1.794950
patchcore_wr50_1,screw,0,gate,calibration,good,train/good/144.png,1.868243
patchcore_wr50_1,screw,0,gate,calibration,good,train/good/145.png,1.820301
patchcore_wr50_1,screw,0,gate,calibration,good,train/good/147.png,2.001324
patchcore_wr50_1,screw,0,gate,calibration,good,train/good/148.png,1.786998
patchcore_wr50_1,screw,0,gate,calibration,good,train/good/149.png,1.751768
patchcore_wr50_1,screw,0,gate,calibration,good,train/good/150.png,1.858374
patchcore_wr50_1,screw,0,gate,calibration,good,train/good/159.png,1.773362
patchcore_wr50_1,screw,0,gate,calibration,good,train/good/161.png,1.798313
patchcore_wr50_1,screw,0,gate,calibration,good,train/good/162.png,1.764556
patchcore_wr50_1,screw,0,gate,calibration,good,train/good/167.png,1.875087
patchcore_wr50_1,screw,0,gate,calibration,good,train/good/168.png,1.751644
patchcore_wr50_1,screw,0,gate,calibration,good,train/good/174.png,1.868706
patchcore_wr50_1,screw,0,gate,calibration,good,train/good/189.png,1.856503
patchcore_wr50_1,screw,0,gate,calibration,good,train/good/197.png,1.811857
patchcore_wr50_1,screw,0,gate,calibration,good,train/good/203.png,1.750772
patchcore_wr50_1,screw,0,gate,calibration,good,train/good/205.png,1.764819
patchcore_wr50_1,screw,0,gate,calibration,good,train/good/208.png,1.834561
patchcore_wr50_1,screw,0,gate,calibration,good,train/good/219.png,1.990072
patchcore_wr50_1,screw,0,gate,calibration,good,train/good/223.png,1.879416
patchcore_wr50_1,screw,0,gate,calibration,good,train/good/229.png,1.729913
patchcore_wr50_1,screw,0,gate,calibration,good,train/good/230.png,1.827182
patchcore_wr50_1,screw,0,gate,calibration,good,train/good/233.png,1.714324
patchcore_wr50_1,screw,0,gate,calibration,good,train/good/234.png,1.694734
patchcore_wr50_1,screw,0,gate,calibration,good,train/good/247.png,1.982219
patchcore_wr50_1,screw,0,gate,calibration,good,train/good/252.png,1.801261
patchcore_wr50_1,screw,0,gate,calibration,good,train/good/257.png,1.854542
patchcore_wr50_1,screw,0,gate,calibration,good,train/good/279.png,1.771857
patchcore_wr50_1,screw,0,gate,calibration,good,train/good/280.png,1.711853
patchcore_wr50_1,screw,0,gate,calibration,good,train/good/281.png,1.782635
patchcore_wr50_1,screw,0,gate,calibration,good,train/good/284.png,1.787425
patchcore_wr50_1,screw,0,gate,calibration,good,train/good/291.png,1.822598
patchcore_wr50_1,screw,0,gate,calibration,good,train/good/295.png,1.753387
patchcore_wr50_1,screw,0,gate,calibration,good,train/good/301.png,1.749288
patchcore_wr50_1,screw,0,gate,calibration,good,train/good/302.png,1.706861
patchcore_wr50_1,screw,0,gate,calibration,good,train/good/305.png,1.798576
patchcore_wr50_1,screw,0,gate,calibration,good,train/good/309.png,1.832416
patchcore_wr50_1,screw,0,gate,calibration,good,train/good/310.png,1.785672
patchcore_wr50_1,screw,0,gate,calibration,good,train/good/318.png,1.732999
patchcore_wr50_1,screw,0,gate,test,good,test/good/000.png,1.760568
patchcore_wr50_1,screw,0,gate,test,good,test/good/001.png,1.775728
patchcore_wr50_1,screw,0,gate,test,good,test/good/002.png,1.773661
patchcore_wr50_1,screw,0,gate,test,good,test/good/003.png,1.752361
patchcore_wr50_1,screw,0,gate,test,good,test/good/004.png,1.993923
patchcore_wr50_1,screw,0,gate,test,good,test/good/005.png,2.072189
patchcore_wr50_1,screw,0,gate,test,good,test/good/006.png,1.736497
patchcore_wr50_1,screw,0,gate,test,good,test/good/007.png,1.843539
patchcore_wr50_1,screw,0,gate,test,good,test/good/008.png,1.819647
patchcore_wr50_1,screw,0,gate,test,good,test/good/009.png,1.850109
patchcore_wr50_1,screw,0,gate,test,good,test/good/010.png,1.810327
patchcore_wr50_1,screw,0,gate,test,good,test/good/011.png,1.946961
patchcore_wr50_1,screw,0,gate,test,good,test/good/012.png,1.799019
patchcore_wr50_1,screw,0,gate,test,good,test/good/013.png,1.772922
patchcore_wr50_1,screw,0,gate,test,good,test/good/014.png,1.840783
patchcore_wr50_1,screw,0,gate,test,good,test/good/015.png,1.832432
patchcore_wr50_1,screw,0,gate,test,good,test/good/016.png,1.778896
patchcore_wr50_1,screw,0,gate,test,good,test/good/017.png,1.786686
patchcore_wr50_1,screw,0,gate,test,good,test/good/018.png,1.842910
patchcore_wr50_1,screw,0,gate,test,good,test/good/019.png,1.796128
patchcore_wr50_1,screw,0,gate,test,good,test/good/020.png,1.794022
patchcore_wr50_1,screw,0,gate,test,good,test/good/021.png,1.773163
patchcore_wr50_1,screw,0,gate,test,good,test/good/022.png,1.809627
patchcore_wr50_1,screw,0,gate,test,good,test/good/023.png,1.917599
patchcore_wr50_1,screw,0,gate,test,good,test/good/024.png,1.834994
patchcore_wr50_1,screw,0,gate,test,good,test/good/025.png,1.769098
patchcore_wr50_1,screw,0,gate,test,good,test/good/026.png,1.788916
patchcore_wr50_1,screw,0,gate,test,good,test/good/027.png,1.770816
patchcore_wr50_1,screw,0,gate,test,good,test/good/028.png,1.738440
patchcore_wr50_1,screw,0,gate,test,good,test/good/029.png,1.844932
patchcore_wr50_1,screw,0,gate,test,good,test/good/030.png,1.755498
patchcore_wr50_1,screw,0,gate,test,good,test/good/031.png,1.843512
patchcore_wr50_1,screw,0,gate,test,good,test/good/032.png,1.743447
patchcore_wr50_1,screw,0,gate,test,good,test/good/033.png,1.774570
patchcore_wr50_1,screw,0,gate,test,good,test/good/034.png,1.716303
patchcore_wr50_1,screw,0,gate,test,good,test/good/035.png,1.820146
patchcore_wr50_1,screw,0,gate,test,good,test/good/036.png,1.738146
patchcore_wr50_1,screw,0,gate,test,good,test/good/037.png,1.816687
patchcore_wr50_1,screw,0,gate,test,good,test/good/038.png,1.813171
patchcore_wr50_1,screw,0,gate,test,good,test/good/039.png,1.821814
patchcore_wr50_1,screw,0,gate,test,good,test/good/040.png,1.848506
patchcore_wr50_1,screw,0,gate,test,manipulated_front,test/manipulated_front/000.png,1.846735
patchcore_wr50_1,screw,0,gate,test,manipulated_front,test/manipulated_front/001.png,2.086674
patchcore_wr50_1,screw,0,gate,test,manipulated_front,test/manipulated_front/002.png,1.982804
patchcore_wr50_1,screw,0,gate,test,manipulated_front,test/manipulated_front/003.png,2.059253
patchcore_wr50_1,screw,0,gate,test,manipulated_front,test/manipulated_front/004.png,2.088657
patchcore_wr50_1,screw,0,gate,test,manipulated_front,test/manipulated_front/005.png,2.049830
patchcore_wr50_1,screw,0,gate,test,manipulated_front,test/manipulated_front/006.png,1.873465
patchcore_wr50_1,screw,0,gate,test,manipulated_front,test/manipulated_front/007.png,1.977002
patchcore_wr50_1,screw,0,gate,test,manipulated_front,test/manipulated_front/008.png,1.983642
patchcore_wr50_1,screw,0,gate,test,manipulated_front,test/manipulated_front/009.png,1.897795
patchcore_wr50_1,screw,0,gate,test,manipulated_front,test/manipulated_front/010.png,2.113987
patchcore_wr50_1,screw,0,gate,test,manipulated_front,test/manipulated_front/011.png,1.816323
patchcore_wr50_1,screw,0,gate,test,manipulated_front,test/manipulated_front/012.png,1.954511
patchcore_wr50_1,screw,0,gate,test,manipulated_front,test/manipulated_front/013.png,1.846438
patchcore_wr50_1,screw,0,gate,test,manipulated_front,test/manipulated_front/014.png,1.919813
patchcore_wr50_1,screw,0,gate,test,manipulated_front,test/manipulated_front/015.png,1.982898
patchcore_wr50_1,screw,0,gate,test,manipulated_front,test/manipulated_front/016.png,2.099329
patchcore_wr50_1,screw,0,gate,test,manipulated_front,test/manipulated_front/017.png,1.745422
patchcore_wr50_1,screw,0,gate,test,manipulated_front,test/manipulated_front/018.png,2.074734
patchcore_wr50_1,screw,0,gate,test,manipulated_front,test/manipulated_front/019.png,1.916330
patchcore_wr50_1,screw,0,gate,test,manipulated_front,test/manipulated_front/020.png,1.796564
patchcore_wr50_1,screw,0,gate,test,manipulated_front,test/manipulated_front/021.png,1.939851
patchcore_wr50_1,screw,0,gate,test,manipulated_front,test/manipulated_front/022.png,1.887205
patchcore_wr50_1,screw,0,gate,test,manipulated_front,test/manipulated_front/023.png,1.851449
patchcore_wr50_1,screw,0,gate,test,scratch_head,test/scratch_head/000.png,2.025913
patchcore_wr50_1,screw,0,gate,test,scratch_head,test/scratch_head/001.png,2.097763
patchcore_wr50_1,screw,0,gate,test,scratch_head,test/scratch_head/002.png,1.991836
patchcore_wr50_1,screw,0,gate,test,scratch_head,test/scratch_head/003.png,1.896312
patchcore_wr50_1,screw,0,gate,test,scratch_head,test/scratch_head/004.png,2.093031
patchcore_wr50_1,screw,0,gate,test,scratch_head,test/scratch_head/005.png,1.935253
patchcore_wr50_1,screw,0,gate,test,scratch_head,test/scratch_head/006.png,1.898083
patchcore_wr50_1,screw,0,gate,test,scratch_head,test/scratch_head/007.png,2.027106
patchcore_wr50_1,screw,0,gate,test,scratch_head,test/scratch_head/008.png,1.885030
patchcore_wr50_1,screw,0,gate,test,scratch_head,test/scratch_head/009.png,1.813391
patchcore_wr50_1,screw,0,gate,test,scratch_head,test/scratch_head/010.png,2.059076
patchcore_wr50_1,screw,0,gate,test,scratch_head,test/scratch_head/011.png,2.397990
patchcore_wr50_1,screw,0,gate,test,scratch_head,test/scratch_head/012.png,2.121793
patchcore_wr50_1,screw,0,gate,test,scratch_head,test/scratch_head/013.png,2.075258
patchcore_wr50_1,screw,0,gate,test,scratch_head,test/scratch_head/014.png,1.889698
patchcore_wr50_1,screw,0,gate,test,scratch_head,test/scratch_head/015.png,2.159386
patchcore_wr50_1,screw,0,gate,test,scratch_head,test/scratch_head/016.png,2.197460
patchcore_wr50_1,screw,0,gate,test,scratch_head,test/scratch_head/017.png,1.988104
patchcore_wr50_1,screw,0,gate,test,scratch_head,test/scratch_head/018.png,1.948101
patchcore_wr50_1,screw,0,gate,test,scratch_head,test/scratch_head/019.png,2.281903
patchcore_wr50_1,screw,0,gate,test,scratch_head,test/scratch_head/020.png,2.088048
patchcore_wr50_1,screw,0,gate,test,scratch_head,test/scratch_head/021.png,2.146855
patchcore_wr50_1,screw,0,gate,test,scratch_head,test/scratch_head/022.png,1.928767
patchcore_wr50_1,screw,0,gate,test,scratch_head,test/scratch_head/023.png,1.857496
patchcore_wr50_1,screw,0,gate,test,scratch_neck,test/scratch_neck/000.png,2.036031
patchcore_wr50_1,screw,0,gate,test,scratch_neck,test/scratch_neck/001.png,2.683686
patchcore_wr50_1,screw,0,gate,test,scratch_neck,test/scratch_neck/002.png,2.127345
patchcore_wr50_1,screw,0,gate,test,scratch_neck,test/scratch_neck/003.png,2.613679
patchcore_wr50_1,screw,0,gate,test,scratch_neck,test/scratch_neck/004.png,2.430861
patchcore_wr50_1,screw,0,gate,test,scratch_neck,test/scratch_neck/005.png,1.870182
patchcore_wr50_1,screw,0,gate,test,scratch_neck,test/scratch_neck/006.png,2.279330
patchcore_wr50_1,screw,0,gate,test,scratch_neck,test/scratch_neck/007.png,2.503964
patchcore_wr50_1,screw,0,gate,test,scratch_neck,test/scratch_neck/008.png,2.517212
patchcore_wr50_1,screw,0,gate,test,scratch_neck,test/scratch_neck/009.png,2.793206
patchcore_wr50_1,screw,0,gate,test,scratch_neck,test/scratch_neck/010.png,2.359103
patchcore_wr50_1,screw,0,gate,test,scratch_neck,test/scratch_neck/011.png,1.864551
patchcore_wr50_1,screw,0,gate,test,scratch_neck,test/scratch_neck/012.png,2.408751
patchcore_wr50_1,screw,0,gate,test,scratch_neck,test/scratch_neck/013.png,2.499131
patchcore_wr50_1,screw,0,gate,test,scratch_neck,test/scratch_neck/014.png,2.555924
patchcore_wr50_1,screw,0,gate,test,scratch_neck,test/scratch_neck/015.png,2.491600
patchcore_wr50_1,screw,0,gate,test,scratch_neck,test/scratch_neck/016.png,2.715465
patchcore_wr50_1,screw,0,gate,test,scratch_neck,test/scratch_neck/017.png,2.166185
patchcore_wr50_1,screw,0,gate,test,scratch_neck,test/scratch_neck/018.png,2.296264
patchcore_wr50_1,screw,0,gate,test,scratch_neck,test/scratch_neck/019.png,2.588866
patchcore_wr50_1,screw,0,gate,test,scratch_neck,test/scratch_neck/020.png,2.622669
patchcore_wr50_1,screw,0,gate,test,scratch_neck,test/scratch_neck/021.png,2.089440
patchcore_wr50_1,screw,0,gate,test,scratch_neck,test/scratch_neck/022.png,2.231948
patchcore_wr50_1,screw,0,gate,test,scratch_neck,test/scratch_neck/023.png,2.031579
patchcore_wr50_1,screw,0,gate,test,scratch_neck,test/scratch_neck/024.png,2.453067
patchcore_wr50_1,screw,0,gate,test,thread_side,test/thread_side/000.png,1.875645
patchcore_wr50_1,screw,0,gate,test,thread_side,test/thread_side/001.png,1.804527
patchcore_wr50_1,screw,0,gate,test,thread_side,test/thread_side/002.png,1.981136
patchcore_wr50_1,screw,0,gate,test,thread_side,test/thread_side/003.png,1.863133
patchcore_wr50_1,screw,0,gate,test,thread_side,test/thread_side/004.png,1.796615
patchcore_wr50_1,screw,0,gate,test,thread_side,test/thread_side/005.png,2.079406
patchcore_wr50_1,screw,0,gate,test,thread_side,test/thread_side/006.png,1.966721
patchcore_wr50_1,screw,0,gate,test,thread_side,test/thread_side/007.png,2.078116
patchcore_wr50_1,screw,0,gate,test,thread_side,test/thread_side/008.png,1.863580
patchcore_wr50_1,screw,0,gate,test,thread_side,test/thread_side/009.png,1.891735
patchcore_wr50_1,screw,0,gate,test,thread_side,test/thread_side/010.png,1.756323
patchcore_wr50_1,screw,0,gate,test,thread_side,test/thread_side/011.png,1.931999
patchcore_wr50_1,screw,0,gate,test,thread_side,test/thread_side/012.png,1.828226
patchcore_wr50_1,screw,0,gate,test,thread_side,test/thread_side/013.png,2.047396
patchcore_wr50_1,screw,0,gate,test,thread_side,test/thread_side/014.png,2.128140
patchcore_wr50_1,screw,0,gate,test,thread_side,test/thread_side/015.png,1.884087
patchcore_wr50_1,screw,0,gate,test,thread_side,test/thread_side/016.png,1.958144
patchcore_wr50_1,screw,0,gate,test,thread_side,test/thread_side/017.png,2.075099
patchcore_wr50_1,screw,0,gate,test,thread_side,test/thread_side/018.png,1.970414
patchcore_wr50_1,screw,0,gate,test,thread_side,test/thread_side/019.png,1.845935
patchcore_wr50_1,screw,0,gate,test,thread_side,test/thread_side/020.png,1.955760
patchcore_wr50_1,screw,0,gate,test,thread_side,test/thread_side/021.png,1.892372
patchcore_wr50_1,screw,0,gate,test,thread_side,test/thread_side/022.png,1.978588
patchcore_wr50_1,screw,0,gate,test,thread_top,test/thread_top/000.png,2.196745
patchcore_wr50_1,screw,0,gate,test,thread_top,test/thread_top/001.png,2.138029
patchcore_wr50_1,screw,0,gate,test,thread_top,test/thread_top/002.png,2.112659
patchcore_wr50_1,screw,0,gate,test,thread_top,test/thread_top/003.png,1.864169
patchcore_wr50_1,screw,0,gate,test,thread_top,test/thread_top/004.png,2.329879
patchcore_wr50_1,screw,0,gate,test,thread_top,test/thread_top/005.png,2.407708
patchcore_wr50_1,screw,0,gate,test,thread_top,test/thread_top/006.png,2.276832
patchcore_wr50_1,screw,0,gate,test,thread_top,test/thread_top/007.png,2.523173
patchcore_wr50_1,screw,0,gate,test,thread_top,test/thread_top/008.png,1.929442
patchcore_wr50_1,screw,0,gate,test,thread_top,test/thread_top/009.png,2.009890
patchcore_wr50_1,screw,0,gate,test,thread_top,test/thread_top/010.png,2.099644
patchcore_wr50_1,screw,0,gate,test,thread_top,test/thread_top/011.png,2.251342
patchcore_wr50_1,screw,0,gate,test,thread_top,test/thread_top/012.png,2.174408
patchcore_wr50_1,screw,0,gate,test,thread_top,test/thread_top/013.png,2.243059
patchcore_wr50_1,screw,0,gate,test,thread_top,test/thread_top/014.png,1.889675
patchcore_wr50_1,screw,0,gate,test,thread_top,test/thread_top/015.png,1.959161
patchcore_wr50_1,screw,0,gate,test,thread_top,test/thread_top/016.png,2.027519
patchcore_wr50_1,screw,0,gate,test,thread_top,test/thread_top/017.png,1.847642
patchcore_wr50_1,screw,0,gate,test,thread_top,test/thread_top/018.png,2.073590
patchcore_wr50_1,screw,0,gate,test,thread_top,test/thread_top/019.png,2.191298
patchcore_wr50_1,screw,0,gate,test,thread_top,test/thread_top/020.png,2.386326
patchcore_wr50_1,screw,0,gate,test,thread_top,test/thread_top/021.png,2.175582
patchcore_wr50_1,screw,0,gate,test,thread_top,test/thread_top/022.png,1.995437
patchcore_wr50_1,screw,1,full,test,good,test/good/000.png,1.649119
patchcore_wr50_1,screw,1,full,test,good,test/good/001.png,1.777221
patchcore_wr50_1,screw,1,full,test,good,test/good/002.png,1.750988
patchcore_wr50_1,screw,1,full,test,good,test/good/003.png,1.655183
patchcore_wr50_1,screw,1,full,test,good,test/good/004.png,1.776297
patchcore_wr50_1,screw,1,full,test,good,test/good/005.png,1.981738
patchcore_wr50_1,screw,1,full,test,good,test/good/006.png,1.700400
patchcore_wr50_1,screw,1,full,test,good,test/good/007.png,1.871537
patchcore_wr50_1,screw,1,full,test,good,test/good/008.png,1.758844
patchcore_wr50_1,screw,1,full,test,good,test/good/009.png,1.756260
patchcore_wr50_1,screw,1,full,test,good,test/good/010.png,1.872711
patchcore_wr50_1,screw,1,full,test,good,test/good/011.png,1.818933
patchcore_wr50_1,screw,1,full,test,good,test/good/012.png,1.674224
patchcore_wr50_1,screw,1,full,test,good,test/good/013.png,1.739181
patchcore_wr50_1,screw,1,full,test,good,test/good/014.png,1.775725
patchcore_wr50_1,screw,1,full,test,good,test/good/015.png,1.823959
patchcore_wr50_1,screw,1,full,test,good,test/good/016.png,1.693303
patchcore_wr50_1,screw,1,full,test,good,test/good/017.png,1.790226
patchcore_wr50_1,screw,1,full,test,good,test/good/018.png,1.822641
patchcore_wr50_1,screw,1,full,test,good,test/good/019.png,1.772645
patchcore_wr50_1,screw,1,full,test,good,test/good/020.png,1.734508
patchcore_wr50_1,screw,1,full,test,good,test/good/021.png,1.613462
patchcore_wr50_1,screw,1,full,test,good,test/good/022.png,1.737510
patchcore_wr50_1,screw,1,full,test,good,test/good/023.png,1.763772
patchcore_wr50_1,screw,1,full,test,good,test/good/024.png,1.908602
patchcore_wr50_1,screw,1,full,test,good,test/good/025.png,1.638976
patchcore_wr50_1,screw,1,full,test,good,test/good/026.png,1.805371
patchcore_wr50_1,screw,1,full,test,good,test/good/027.png,1.707328
patchcore_wr50_1,screw,1,full,test,good,test/good/028.png,1.731958
patchcore_wr50_1,screw,1,full,test,good,test/good/029.png,1.727903
patchcore_wr50_1,screw,1,full,test,good,test/good/030.png,1.708195
patchcore_wr50_1,screw,1,full,test,good,test/good/031.png,1.846776
patchcore_wr50_1,screw,1,full,test,good,test/good/032.png,1.732033
patchcore_wr50_1,screw,1,full,test,good,test/good/033.png,1.716997
patchcore_wr50_1,screw,1,full,test,good,test/good/034.png,1.692662
patchcore_wr50_1,screw,1,full,test,good,test/good/035.png,1.764936
patchcore_wr50_1,screw,1,full,test,good,test/good/036.png,1.731229
patchcore_wr50_1,screw,1,full,test,good,test/good/037.png,1.752246
patchcore_wr50_1,screw,1,full,test,good,test/good/038.png,1.763843
patchcore_wr50_1,screw,1,full,test,good,test/good/039.png,1.695072
patchcore_wr50_1,screw,1,full,test,good,test/good/040.png,1.811196
patchcore_wr50_1,screw,1,full,test,manipulated_front,test/manipulated_front/000.png,1.965230
patchcore_wr50_1,screw,1,full,test,manipulated_front,test/manipulated_front/001.png,2.222912
patchcore_wr50_1,screw,1,full,test,manipulated_front,test/manipulated_front/002.png,1.953938
patchcore_wr50_1,screw,1,full,test,manipulated_front,test/manipulated_front/003.png,2.092841
patchcore_wr50_1,screw,1,full,test,manipulated_front,test/manipulated_front/004.png,2.009795
patchcore_wr50_1,screw,1,full,test,manipulated_front,test/manipulated_front/005.png,2.060936
patchcore_wr50_1,screw,1,full,test,manipulated_front,test/manipulated_front/006.png,1.961567
patchcore_wr50_1,screw,1,full,test,manipulated_front,test/manipulated_front/007.png,1.941422
patchcore_wr50_1,screw,1,full,test,manipulated_front,test/manipulated_front/008.png,2.106118
patchcore_wr50_1,screw,1,full,test,manipulated_front,test/manipulated_front/009.png,2.018300
patchcore_wr50_1,screw,1,full,test,manipulated_front,test/manipulated_front/010.png,1.977017
patchcore_wr50_1,screw,1,full,test,manipulated_front,test/manipulated_front/011.png,1.780605
patchcore_wr50_1,screw,1,full,test,manipulated_front,test/manipulated_front/012.png,1.861966
patchcore_wr50_1,screw,1,full,test,manipulated_front,test/manipulated_front/013.png,1.944625
patchcore_wr50_1,screw,1,full,test,manipulated_front,test/manipulated_front/014.png,2.087800
patchcore_wr50_1,screw,1,full,test,manipulated_front,test/manipulated_front/015.png,2.070313
patchcore_wr50_1,screw,1,full,test,manipulated_front,test/manipulated_front/016.png,2.018896
patchcore_wr50_1,screw,1,full,test,manipulated_front,test/manipulated_front/017.png,1.817276
patchcore_wr50_1,screw,1,full,test,manipulated_front,test/manipulated_front/018.png,2.003502
patchcore_wr50_1,screw,1,full,test,manipulated_front,test/manipulated_front/019.png,1.851429
patchcore_wr50_1,screw,1,full,test,manipulated_front,test/manipulated_front/020.png,1.791899
patchcore_wr50_1,screw,1,full,test,manipulated_front,test/manipulated_front/021.png,1.725048
patchcore_wr50_1,screw,1,full,test,manipulated_front,test/manipulated_front/022.png,1.779744
patchcore_wr50_1,screw,1,full,test,manipulated_front,test/manipulated_front/023.png,1.785897
patchcore_wr50_1,screw,1,full,test,scratch_head,test/scratch_head/000.png,1.999667
patchcore_wr50_1,screw,1,full,test,scratch_head,test/scratch_head/001.png,2.003540
patchcore_wr50_1,screw,1,full,test,scratch_head,test/scratch_head/002.png,1.853623
patchcore_wr50_1,screw,1,full,test,scratch_head,test/scratch_head/003.png,1.912834
patchcore_wr50_1,screw,1,full,test,scratch_head,test/scratch_head/004.png,1.898283
patchcore_wr50_1,screw,1,full,test,scratch_head,test/scratch_head/005.png,1.799450
patchcore_wr50_1,screw,1,full,test,scratch_head,test/scratch_head/006.png,1.819944
patchcore_wr50_1,screw,1,full,test,scratch_head,test/scratch_head/007.png,2.079947
patchcore_wr50_1,screw,1,full,test,scratch_head,test/scratch_head/008.png,1.751029
patchcore_wr50_1,screw,1,full,test,scratch_head,test/scratch_head/009.png,1.759681
patchcore_wr50_1,screw,1,full,test,scratch_head,test/scratch_head/010.png,1.955613
patchcore_wr50_1,screw,1,full,test,scratch_head,test/scratch_head/011.png,2.431303
patchcore_wr50_1,screw,1,full,test,scratch_head,test/scratch_head/012.png,2.044513
patchcore_wr50_1,screw,1,full,test,scratch_head,test/scratch_head/013.png,2.018655
patchcore_wr50_1,screw,1,full,test,scratch_head,test/scratch_head/014.png,1.889698
patchcore_wr50_1,screw,1,full,test,scratch_head,test/scratch_head/015.png,2.138679
patchcore_wr50_1,screw,1,full,test,scratch_head,test/scratch_head/016.png,2.144219
patchcore_wr50_1,screw,1,full,test,scratch_head,test/scratch_head/017.png,1.935667
patchcore_wr50_1,screw,1,full,test,scratch_head,test/scratch_head/018.png,1.848003
patchcore_wr50_1,screw,1,full,test,scratch_head,test/scratch_head/019.png,2.201622
patchcore_wr50_1,screw,1,full,test,scratch_head,test/scratch_head/020.png,2.103792
patchcore_wr50_1,screw,1,full,test,scratch_head,test/scratch_head/021.png,2.030892
patchcore_wr50_1,screw,1,full,test,scratch_head,test/scratch_head/022.png,1.886571
patchcore_wr50_1,screw,1,full,test,scratch_head,test/scratch_head/023.png,1.976884
patchcore_wr50_1,screw,1,full,test,scratch_neck,test/scratch_neck/000.png,2.038788
patchcore_wr50_1,screw,1,full,test,scratch_neck,test/scratch_neck/001.png,2.615549
patchcore_wr50_1,screw,1,full,test,scratch_neck,test/scratch_neck/002.png,2.032821
patchcore_wr50_1,screw,1,full,test,scratch_neck,test/scratch_neck/003.png,2.578290
patchcore_wr50_1,screw,1,full,test,scratch_neck,test/scratch_neck/004.png,2.397380
patchcore_wr50_1,screw,1,full,test,scratch_neck,test/scratch_neck/005.png,1.803697
patchcore_wr50_1,screw,1,full,test,scratch_neck,test/scratch_neck/006.png,2.147513
patchcore_wr50_1,screw,1,full,test,scratch_neck,test/scratch_neck/007.png,2.581505
patchcore_wr50_1,screw,1,full,test,scratch_neck,test/scratch_neck/008.png,2.597962
patchcore_wr50_1,screw,1,full,test,scratch_neck,test/scratch_neck/009.png,2.700260
patchcore_wr50_1,screw,1,full,test,scratch_neck,test/scratch_neck/010.png,2.249158
patchcore_wr50_1,screw,1,full,test,scratch_neck,test/scratch_neck/011.png,1.946523
patchcore_wr50_1,screw,1,full,test,scratch_neck,test/scratch_neck/012.png,2.168183
patchcore_wr50_1,screw,1,full,test,scratch_neck,test/scratch_neck/013.png,2.451485
patchcore_wr50_1,screw,1,full,test,scratch_neck,test/scratch_neck/014.png,2.296770
patchcore_wr50_1,screw,1,full,test,scratch_neck,test/scratch_neck/015.png,2.527392
patchcore_wr50_1,screw,1,full,test,scratch_neck,test/scratch_neck/016.png,2.601115
patchcore_wr50_1,screw,1,full,test,scratch_neck,test/scratch_neck/017.png,2.134949
patchcore_wr50_1,screw,1,full,test,scratch_neck,test/scratch_neck/018.png,2.232399
patchcore_wr50_1,screw,1,full,test,scratch_neck,test/scratch_neck/019.png,2.518574
patchcore_wr50_1,screw,1,full,test,scratch_neck,test/scratch_neck/020.png,2.591575
patchcore_wr50_1,screw,1,full,test,scratch_neck,test/scratch_neck/021.png,1.948050
patchcore_wr50_1,screw,1,full,test,scratch_neck,test/scratch_neck/022.png,2.135386
patchcore_wr50_1,screw,1,full,test,scratch_neck,test/scratch_neck/023.png,1.999956
patchcore_wr50_1,screw,1,full,test,scratch_neck,test/scratch_neck/024.png,2.507697
patchcore_wr50_1,screw,1,full,test,thread_side,test/thread_side/000.png,1.794547
patchcore_wr50_1,screw,1,full,test,thread_side,test/thread_side/001.png,1.807090
patchcore_wr50_1,screw,1,full,test,thread_side,test/thread_side/002.png,1.962297
patchcore_wr50_1,screw,1,full,test,thread_side,test/thread_side/003.png,1.819407
patchcore_wr50_1,screw,1,full,test,thread_side,test/thread_side/004.png,1.708529
patchcore_wr50_1,screw,1,full,test,thread_side,test/thread_side/005.png,2.073291
patchcore_wr50_1,screw,1,full,test,thread_side,test/thread_side/006.png,1.941582
patchcore_wr50_1,screw,1,full,test,thread_side,test/thread_side/007.png,2.020443
patchcore_wr50_1,screw,1,full,test,thread_side,test/thread_side/008.png,1.874776
patchcore_wr50_1,screw,1,full,test,thread_side,test/thread_side/009.png,1.737151
patchcore_wr50_1,screw,1,full,test,thread_side,test/thread_side/010.png,1.802839
patchcore_wr50_1,screw,1,full,test,thread_side,test/thread_side/011.png,1.975236
patchcore_wr50_1,screw,1,full,test,thread_side,test/thread_side/012.png,1.725693
patchcore_wr50_1,screw,1,full,test,thread_side,test/thread_side/013.png,2.026664
patchcore_wr50_1,screw,1,full,test,thread_side,test/thread_side/014.png,2.047493
patchcore_wr50_1,screw,1,full,test,thread_side,test/thread_side/015.png,1.785701
patchcore_wr50_1,screw,1,full,test,thread_side,test/thread_side/016.png,1.909963
patchcore_wr50_1,screw,1,full,test,thread_side,test/thread_side/017.png,2.134381
patchcore_wr50_1,screw,1,full,test,thread_side,test/thread_side/018.png,1.971306
patchcore_wr50_1,screw,1,full,test,thread_side,test/thread_side/019.png,1.781631
patchcore_wr50_1,screw,1,full,test,thread_side,test/thread_side/020.png,1.718822
patchcore_wr50_1,screw,1,full,test,thread_side,test/thread_side/021.png,1.836069
patchcore_wr50_1,screw,1,full,test,thread_side,test/thread_side/022.png,1.971063
patchcore_wr50_1,screw,1,full,test,thread_top,test/thread_top/000.png,2.076622
patchcore_wr50_1,screw,1,full,test,thread_top,test/thread_top/001.png,2.094946
patchcore_wr50_1,screw,1,full,test,thread_top,test/thread_top/002.png,2.085433
patchcore_wr50_1,screw,1,full,test,thread_top,test/thread_top/003.png,1.967196
patchcore_wr50_1,screw,1,full,test,thread_top,test/thread_top/004.png,2.161291
patchcore_wr50_1,screw,1,full,test,thread_top,test/thread_top/005.png,2.408385
patchcore_wr50_1,screw,1,full,test,thread_top,test/thread_top/006.png,2.336995
patchcore_wr50_1,screw,1,full,test,thread_top,test/thread_top/007.png,2.550280
patchcore_wr50_1,screw,1,full,test,thread_top,test/thread_top/008.png,1.862765
patchcore_wr50_1,screw,1,full,test,thread_top,test/thread_top/009.png,1.889548
patchcore_wr50_1,screw,1,full,test,thread_top,test/thread_top/010.png,2.010408
patchcore_wr50_1,screw,1,full,test,thread_top,test/thread_top/011.png,2.251342
patchcore_wr50_1,screw,1,full,test,thread_top,test/thread_top/012.png,1.926419
patchcore_wr50_1,screw,1,full,test,thread_top,test/thread_top/013.png,2.081395
patchcore_wr50_1,screw,1,full,test,thread_top,test/thread_top/014.png,1.926960
patchcore_wr50_1,screw,1,full,test,thread_top,test/thread_top/015.png,1.837205
patchcore_wr50_1,screw,1,full,test,thread_top,test/thread_top/016.png,2.057587
patchcore_wr50_1,screw,1,full,test,thread_top,test/thread_top/017.png,1.946894
patchcore_wr50_1,screw,1,full,test,thread_top,test/thread_top/018.png,2.060616
patchcore_wr50_1,screw,1,full,test,thread_top,test/thread_top/019.png,2.399361
patchcore_wr50_1,screw,1,full,test,thread_top,test/thread_top/020.png,2.376215
patchcore_wr50_1,screw,1,full,test,thread_top,test/thread_top/021.png,2.184607
patchcore_wr50_1,screw,1,full,test,thread_top,test/thread_top/022.png,2.024065
patchcore_wr50_1,screw,1,gate,calibration,good,train/good/001.png,1.792153
patchcore_wr50_1,screw,1,gate,calibration,good,train/good/005.png,1.786445
patchcore_wr50_1,screw,1,gate,calibration,good,train/good/006.png,1.801537
patchcore_wr50_1,screw,1,gate,calibration,good,train/good/009.png,1.735415
patchcore_wr50_1,screw,1,gate,calibration,good,train/good/010.png,1.805347
patchcore_wr50_1,screw,1,gate,calibration,good,train/good/013.png,1.737139
patchcore_wr50_1,screw,1,gate,calibration,good,train/good/018.png,1.866268
patchcore_wr50_1,screw,1,gate,calibration,good,train/good/021.png,1.805235
patchcore_wr50_1,screw,1,gate,calibration,good,train/good/022.png,1.791008
patchcore_wr50_1,screw,1,gate,calibration,good,train/good/023.png,1.753523
patchcore_wr50_1,screw,1,gate,calibration,good,train/good/024.png,1.830814
patchcore_wr50_1,screw,1,gate,calibration,good,train/good/051.png,1.758495
patchcore_wr50_1,screw,1,gate,calibration,good,train/good/059.png,1.756734
patchcore_wr50_1,screw,1,gate,calibration,good,train/good/078.png,1.795702
patchcore_wr50_1,screw,1,gate,calibration,good,train/good/080.png,1.696796
patchcore_wr50_1,screw,1,gate,calibration,good,train/good/081.png,1.778537
patchcore_wr50_1,screw,1,gate,calibration,good,train/good/082.png,1.797609
patchcore_wr50_1,screw,1,gate,calibration,good,train/good/083.png,1.785001
patchcore_wr50_1,screw,1,gate,calibration,good,train/good/088.png,1.764655
patchcore_wr50_1,screw,1,gate,calibration,good,train/good/093.png,1.824111
patchcore_wr50_1,screw,1,gate,calibration,good,train/good/103.png,1.784638
patchcore_wr50_1,screw,1,gate,calibration,good,train/good/105.png,1.824064
patchcore_wr50_1,screw,1,gate,calibration,good,train/good/107.png,1.917526
patchcore_wr50_1,screw,1,gate,calibration,good,train/good/121.png,1.771788
patchcore_wr50_1,screw,1,gate,calibration,good,train/good/122.png,1.717618
patchcore_wr50_1,screw,1,gate,calibration,good,train/good/131.png,1.709715
patchcore_wr50_1,screw,1,gate,calibration,good,train/good/136.png,1.866946
patchcore_wr50_1,screw,1,gate,calibration,good,train/good/138.png,1.797405
patchcore_wr50_1,screw,1,gate,calibration,good,train/good/141.png,1.824451
patchcore_wr50_1,screw,1,gate,calibration,good,train/good/147.png,1.914383
patchcore_wr50_1,screw,1,gate,calibration,good,train/good/148.png,1.759944
patchcore_wr50_1,screw,1,gate,calibration,good,train/good/152.png,1.717862
patchcore_wr50_1,screw,1,gate,calibration,good,train/good/163.png,1.811293
patchcore_wr50_1,screw,1,gate,calibration,good,train/good/165.png,1.787845
patchcore_wr50_1,screw,1,gate,calibration,good,train/good/178.png,1.785926
patchcore_wr50_1,screw,1,gate,calibration,good,train/good/181.png,1.830303
patchcore_wr50_1,screw,1,gate,calibration,good,train/good/183.png,2.083020
patchcore_wr50_1,screw,1,gate,calibration,good,train/good/185.png,1.848903
patchcore_wr50_1,screw,1,gate,calibration,good,train/good/188.png,1.790104
patchcore_wr50_1,screw,1,gate,calibration,good,train/good/189.png,1.987291
patchcore_wr50_1,screw,1,gate,calibration,good,train/good/191.png,1.710465
patchcore_wr50_1,screw,1,gate,calibration,good,train/good/196.png,1.831477
patchcore_wr50_1,screw,1,gate,calibration,good,train/good/197.png,1.853437
patchcore_wr50_1,screw,1,gate,calibration,good,train/good/204.png,1.824588
patchcore_wr50_1,screw,1,gate,calibration,good,train/good/206.png,1.817018
patchcore_wr50_1,screw,1,gate,calibration,good,train/good/209.png,1.787707
patchcore_wr50_1,screw,1,gate,calibration,good,train/good/221.png,1.810867
patchcore_wr50_1,screw,1,gate,calibration,good,train/good/223.png,1.840022
patchcore_wr50_1,screw,1,gate,calibration,good,train/good/230.png,1.803475
patchcore_wr50_1,screw,1,gate,calibration,good,train/good/232.png,1.734965
patchcore_wr50_1,screw,1,gate,calibration,good,train/good/239.png,1.820580
patchcore_wr50_1,screw,1,gate,calibration,good,train/good/240.png,1.775822
patchcore_wr50_1,screw,1,gate,calibration,good,train/good/249.png,1.771261
patchcore_wr50_1,screw,1,gate,calibration,good,train/good/258.png,1.841140
patchcore_wr50_1,screw,1,gate,calibration,good,train/good/262.png,1.988306
patchcore_wr50_1,screw,1,gate,calibration,good,train/good/268.png,2.066333
patchcore_wr50_1,screw,1,gate,calibration,good,train/good/272.png,1.798675
patchcore_wr50_1,screw,1,gate,calibration,good,train/good/276.png,1.685626
patchcore_wr50_1,screw,1,gate,calibration,good,train/good/286.png,1.783475
patchcore_wr50_1,screw,1,gate,calibration,good,train/good/291.png,1.875452
patchcore_wr50_1,screw,1,gate,calibration,good,train/good/301.png,1.815942
patchcore_wr50_1,screw,1,gate,calibration,good,train/good/304.png,1.738426
patchcore_wr50_1,screw,1,gate,calibration,good,train/good/308.png,1.722213
patchcore_wr50_1,screw,1,gate,calibration,good,train/good/314.png,1.767525
patchcore_wr50_1,screw,1,gate,test,good,test/good/000.png,1.787368
patchcore_wr50_1,screw,1,gate,test,good,test/good/001.png,1.787920
patchcore_wr50_1,screw,1,gate,test,good,test/good/002.png,1.727136
patchcore_wr50_1,screw,1,gate,test,good,test/good/003.png,1.764463
patchcore_wr50_1,screw,1,gate,test,good,test/good/004.png,1.906605
patchcore_wr50_1,screw,1,gate,test,good,test/good/005.png,1.933683
patchcore_wr50_1,screw,1,gate,test,good,test/good/006.png,1.893079
patchcore_wr50_1,screw,1,gate,test,good,test/good/007.png,1.850065
patchcore_wr50_1,screw,1,gate,test,good,test/good/008.png,1.799228
patchcore_wr50_1,screw,1,gate,test,good,test/good/009.png,1.744342
patchcore_wr50_1,screw,1,gate,test,good,test/good/010.png,1.874058
patchcore_wr50_1,screw,1,gate,test,good,test/good/011.png,1.855105
patchcore_wr50_1,screw,1,gate,test,good,test/good/012.png,1.767619
patchcore_wr50_1,screw,1,gate,test,good,test/good/013.png,1.807427
patchcore_wr50_1,screw,1,gate,test,good,test/good/014.png,1.856361
patchcore_wr50_1,screw,1,gate,test,good,test/good/015.png,1.744862
patchcore_wr50_1,screw,1,gate,test,good,test/good/016.png,1.754610
patchcore_wr50_1,screw,1,gate,test,good,test/good/017.png,1.772997
patchcore_wr50_1,screw,1,gate,test,good,test/good/018.png,1.777382
patchcore_wr50_1,screw,1,gate,test,good,test/good/019.png,2.080444
patchcore_wr50_1,screw,1,gate,test,good,test/good/020.png,1.804073
patchcore_wr50_1,screw,1,gate,test,good,test/good/021.png,1.729094
patchcore_wr50_1,screw,1,gate,test,good,test/good/022.png,1.841425
patchcore_wr50_1,screw,1,gate,test,good,test/good/023.png,1.814581
patchcore_wr50_1,screw,1,gate,test,good,test/good/024.png,1.848395
patchcore_wr50_1,screw,1,gate,test,good,test/good/025.png,1.733773
patchcore_wr50_1,screw,1,gate,test,good,test/good/026.png,1.820715
patchcore_wr50_1,screw,1,gate,test,good,test/good/027.png,1.770294
patchcore_wr50_1,screw,1,gate,test,good,test/good/028.png,1.671518
patchcore_wr50_1,screw,1,gate,test,good,test/good/029.png,1.805317
patchcore_wr50_1,screw,1,gate,test,good,test/good/030.png,1.831855
patchcore_wr50_1,screw,1,gate,test,good,test/good/031.png,1.839338
patchcore_wr50_1,screw,1,gate,test,good,test/good/032.png,1.765873
patchcore_wr50_1,screw,1,gate,test,good,test/good/033.png,1.723122
patchcore_wr50_1,screw,1,gate,test,good,test/good/034.png,1.760682
patchcore_wr50_1,screw,1,gate,test,good,test/good/035.png,1.812136
patchcore_wr50_1,screw,1,gate,test,good,test/good/036.png,1.726479
patchcore_wr50_1,screw,1,gate,test,good,test/good/037.png,1.947693
patchcore_wr50_1,screw,1,gate,test,good,test/good/038.png,1.762883
patchcore_wr50_1,screw,1,gate,test,good,test/good/039.png,1.835450
patchcore_wr50_1,screw,1,gate,test,good,test/good/040.png,1.729870
patchcore_wr50_1,screw,1,gate,test,manipulated_front,test/manipulated_front/000.png,1.868999
patchcore_wr50_1,screw,1,gate,test,manipulated_front,test/manipulated_front/001.png,2.100759
patchcore_wr50_1,screw,1,gate,test,manipulated_front,test/manipulated_front/002.png,1.953938
patchcore_wr50_1,screw,1,gate,test,manipulated_front,test/manipulated_front/003.png,2.029196
patchcore_wr50_1,screw,1,gate,test,manipulated_front,test/manipulated_front/004.png,2.036703
patchcore_wr50_1,screw,1,gate,test,manipulated_front,test/manipulated_front/005.png,2.120375
patchcore_wr50_1,screw,1,gate,test,manipulated_front,test/manipulated_front/006.png,1.843311
patchcore_wr50_1,screw,1,gate,test,manipulated_front,test/manipulated_front/007.png,1.929630
patchcore_wr50_1,screw,1,gate,test,manipulated_front,test/manipulated_front/008.png,1.970668
patchcore_wr50_1,screw,1,gate,test,manipulated_front,test/manipulated_front/009.png,1.913077
patchcore_wr50_1,screw,1,gate,test,manipulated_front,test/manipulated_front/010.png,2.077053
patchcore_wr50_1,screw,1,gate,test,manipulated_front,test/manipulated_front/011.png,1.865919
patchcore_wr50_1,screw,1,gate,test,manipulated_front,test/manipulated_front/012.png,1.932046
patchcore_wr50_1,screw,1,gate,test,manipulated_front,test/manipulated_front/013.png,1.912504
patchcore_wr50_1,screw,1,gate,test,manipulated_front,test/manipulated_front/014.png,1.975063
patchcore_wr50_1,screw,1,gate,test,manipulated_front,test/manipulated_front/015.png,2.015574
patchcore_wr50_1,screw,1,gate,test,manipulated_front,test/manipulated_front/016.png,2.078067
patchcore_wr50_1,screw,1,gate,test,manipulated_front,test/manipulated_front/017.png,1.908531
patchcore_wr50_1,screw,1,gate,test,manipulated_front,test/manipulated_front/018.png,1.991240
patchcore_wr50_1,screw,1,gate,test,manipulated_front,test/manipulated_front/019.png,2.105919
patchcore_wr50_1,screw,1,gate,test,manipulated_front,test/manipulated_front/020.png,1.790951
patchcore_wr50_1,screw,1,gate,test,manipulated_front,test/manipulated_front/021.png,1.804382
patchcore_wr50_1,screw,1,gate,test,manipulated_front,test/manipulated_front/022.png,1.819276
patchcore_wr50_1,screw,1,gate,test,manipulated_front,test/manipulated_front/023.png,1.866233
patchcore_wr50_1,screw,1,gate,test,scratch_head,test/scratch_head/000.png,2.035740
patchcore_wr50_1,screw,1,gate,test,scratch_head,test/scratch_head/001.png,1.950354
patchcore_wr50_1,screw,1,gate,test,scratch_head,test/scratch_head/002.png,1.935719
patchcore_wr50_1,screw,1,gate,test,scratch_head,test/scratch_head/003.png,1.981571
patchcore_wr50_1,screw,1,gate,test,scratch_head,test/scratch_head/004.png,1.987159
patchcore_wr50_1,screw,1,gate,test,scratch_head,test/scratch_head/005.png,1.937337
patchcore_wr50_1,screw,1,gate,test,scratch_head,test/scratch_head/006.png,1.929567
patchcore_wr50_1,screw,1,gate,test,scratch_head,test/scratch_head/007.png,2.202701
patchcore_wr50_1,screw,1,gate,test,scratch_head,test/scratch_head/008.png,1.911075
patchcore_wr50_1,screw,1,gate,test,scratch_head,test/scratch_head/009.png,1.793647
patchcore_wr50_1,screw,1,gate,test,scratch_head,test/scratch_head/010.png,1.946725
patchcore_wr50_1,screw,1,gate,test,scratch_head,test/scratch_head/011.png,2.464806
patchcore_wr50_1,screw,1,gate,test,scratch_head,test/scratch_head/012.png,2.033821
patchcore_wr50_1,screw,1,gate,test,scratch_head,test/scratch_head/013.png,2.055802
patchcore_wr50_1,screw,1,gate,test,scratch_head,test/scratch_head/014.png,1.877953
patchcore_wr50_1,screw,1,gate,test,scratch_head,test/scratch_head/015.png,2.376790
patchcore_wr50_1,screw,1,gate,test,scratch_head,test/scratch_head/016.png,2.087505
patchcore_wr50_1,screw,1,gate,test,scratch_head,test/scratch_head/017.png,2.073850
patchcore_wr50_1,screw,1,gate,test,scratch_head,test/scratch_head/018.png,1.932023
patchcore_wr50_1,screw,1,gate,test,scratch_head,test/scratch_head/019.png,2.296823
patchcore_wr50_1,screw,1,gate,test,scratch_head,test/scratch_head/020.png,2.023135
patchcore_wr50_1,screw,1,gate,test,scratch_head,test/scratch_head/021.png,2.013337
patchcore_wr50_1,screw,1,gate,test,scratch_head,test/scratch_head/022.png,1.824828
patchcore_wr50_1,screw,1,gate,test,scratch_head,test/scratch_head/023.png,1.858816
patchcore_wr50_1,screw,1,gate,test,scratch_neck,test/scratch_neck/000.png,2.021922
patchcore_wr50_1,screw,1,gate,test,scratch_neck,test/scratch_neck/001.png,2.650366
patchcore_wr50_1,screw,1,gate,test,scratch_neck,test/scratch_neck/002.png,2.068967
patchcore_wr50_1,screw,1,gate,test,scratch_neck,test/scratch_neck/003.png,2.563126
patchcore_wr50_1,screw,1,gate,test,scratch_neck,test/scratch_neck/004.png,2.345827
patchcore_wr50_1,screw,1,gate,test,scratch_neck,test/scratch_neck/005.png,1.963094
patchcore_wr50_1,screw,1,gate,test,scratch_neck,test/scratch_neck/006.png,2.178299
patchcore_wr50_1,screw,1,gate,test,scratch_neck,test/scratch_neck/007.png,2.522695
patchcore_wr50_1,screw,1,gate,test,scratch_neck,test/scratch_neck/008.png,2.733047
patchcore_wr50_1,screw,1,gate,test,scratch_neck,test/scratch_neck/009.png,2.809296
patchcore_wr50_1,screw,1,gate,test,scratch_neck,test/scratch_neck/010.png,2.304106
patchcore_wr50_1,screw,1,gate,test,scratch_neck,test/scratch_neck/011.png,1.933765
patchcore_wr50_1,screw,1,gate,test,scratch_neck,test/scratch_neck/012.png,2.177994
patchcore_wr50_1,screw,1,gate,test,scratch_neck,test/scratch_neck/013.png,2.381848
patchcore_wr50_1,screw,1,gate,test,scratch_neck,test/scratch_neck/014.png,2.280538
patchcore_wr50_1,screw,1,gate,test,scratch_neck,test/scratch_neck/015.png,2.491600
patchcore_wr50_1,screw,1,gate,test,scratch_neck,test/scratch_neck/016.png,2.578507
patchcore_wr50_1,screw,1,gate,test,scratch_neck,test/scratch_neck/017.png,2.224628
patchcore_wr50_1,screw,1,gate,test,scratch_neck,test/scratch_neck/018.png,2.299814
patchcore_wr50_1,screw,1,gate,test,scratch_neck,test/scratch_neck/019.png,2.576333
patchcore_wr50_1,screw,1,gate,test,scratch_neck,test/scratch_neck/020.png,2.655923
patchcore_wr50_1,screw,1,gate,test,scratch_neck,test/scratch_neck/021.png,1.967440
patchcore_wr50_1,screw,1,gate,test,scratch_neck,test/scratch_neck/022.png,2.135386
patchcore_wr50_1,screw,1,gate,test,scratch_neck,test/scratch_neck/023.png,2.066376
patchcore_wr50_1,screw,1,gate,test,scratch_neck,test/scratch_neck/024.png,2.635158
patchcore_wr50_1,screw,1,gate,test,thread_side,test/thread_side/000.png,1.886700
patchcore_wr50_1,screw,1,gate,test,thread_side,test/thread_side/001.png,1.880139
patchcore_wr50_1,screw,1,gate,test,thread_side,test/thread_side/002.png,2.124691
patchcore_wr50_1,screw,1,gate,test,thread_side,test/thread_side/003.png,1.895275
patchcore_wr50_1,screw,1,gate,test,thread_side,test/thread_side/004.png,1.797246
patchcore_wr50_1,screw,1,gate,test,thread_side,test/thread_side/005.png,2.188332
patchcore_wr50_1,screw,1,gate,test,thread_side,test/thread_side/006.png,2.024183
patchcore_wr50_1,screw,1,gate,test,thread_side,test/thread_side/007.png,2.186415
patchcore_wr50_1,screw,1,gate,test,thread_side,test/thread_side/008.png,1.881730
patchcore_wr50_1,screw,1,gate,test,thread_side,test/thread_side/009.png,1.778177
patchcore_wr50_1,screw,1,gate,test,thread_side,test/thread_side/010.png,1.869715
patchcore_wr50_1,screw,1,gate,test,thread_side,test/thread_side/011.png,1.914793
patchcore_wr50_1,screw,1,gate,test,thread_side,test/thread_side/012.png,1.704372
patchcore_wr50_1,screw,1,gate,test,thread_side,test/thread_side/013.png,1.797644
patchcore_wr50_1,screw,1,gate,test,thread_side,test/thread_side/014.png,2.092425
patchcore_wr50_1,screw,1,gate,test,thread_side,test/thread_side/015.png,1.910718
patchcore_wr50_1,screw,1,gate,test,thread_side,test/thread_side/016.png,1.922554
patchcore_wr50_1,screw,1,gate,test,thread_side,test/thread_side/017.png,2.199663
patchcore_wr50_1,screw,1,gate,test,thread_side,test/thread_side/018.png,1.896625
patchcore_wr50_1,screw,1,gate,test,thread_side,test/thread_side/019.png,1.792736
patchcore_wr50_1,screw,1,gate,test,thread_side,test/thread_side/020.png,1.922383
patchcore_wr50_1,screw,1,gate,test,thread_side,test/thread_side/021.png,1.981891
patchcore_wr50_1,screw,1,gate,test,thread_side,test/thread_side/022.png,2.057756
patchcore_wr50_1,screw,1,gate,test,thread_top,test/thread_top/000.png,2.151684
patchcore_wr50_1,screw,1,gate,test,thread_top,test/thread_top/001.png,2.188847
patchcore_wr50_1,screw,1,gate,test,thread_top,test/thread_top/002.png,2.101211
patchcore_wr50_1,screw,1,gate,test,thread_top,test/thread_top/003.png,1.973561
patchcore_wr50_1,screw,1,gate,test,thread_top,test/thread_top/004.png,2.222743
patchcore_wr50_1,screw,1,gate,test,thread_top,test/thread_top/005.png,2.390421
patchcore_wr50_1,screw,1,gate,test,thread_top,test/thread_top/006.png,2.296500
patchcore_wr50_1,screw,1,gate,test,thread_top,test/thread_top/007.png,2.540266
patchcore_wr50_1,screw,1,gate,test,thread_top,test/thread_top/008.png,2.041812
patchcore_wr50_1,screw,1,gate,test,thread_top,test/thread_top/009.png,1.939670
patchcore_wr50_1,screw,1,gate,test,thread_top,test/thread_top/010.png,2.107639
patchcore_wr50_1,screw,1,gate,test,thread_top,test/thread_top/011.png,2.144833
patchcore_wr50_1,screw,1,gate,test,thread_top,test/thread_top/012.png,1.936839
patchcore_wr50_1,screw,1,gate,test,thread_top,test/thread_top/013.png,2.207173
patchcore_wr50_1,screw,1,gate,test,thread_top,test/thread_top/014.png,1.921790
patchcore_wr50_1,screw,1,gate,test,thread_top,test/thread_top/015.png,1.896690
patchcore_wr50_1,screw,1,gate,test,thread_top,test/thread_top/016.png,2.033452
patchcore_wr50_1,screw,1,gate,test,thread_top,test/thread_top/017.png,1.978071
patchcore_wr50_1,screw,1,gate,test,thread_top,test/thread_top/018.png,2.038673
patchcore_wr50_1,screw,1,gate,test,thread_top,test/thread_top/019.png,2.448912
patchcore_wr50_1,screw,1,gate,test,thread_top,test/thread_top/020.png,2.399559
patchcore_wr50_1,screw,1,gate,test,thread_top,test/thread_top/021.png,2.188745
patchcore_wr50_1,screw,1,gate,test,thread_top,test/thread_top/022.png,1.994629
patchcore_wr50_1,screw,2,full,test,good,test/good/000.png,1.804669
patchcore_wr50_1,screw,2,full,test,good,test/good/001.png,1.754535
patchcore_wr50_1,screw,2,full,test,good,test/good/002.png,1.814085
patchcore_wr50_1,screw,2,full,test,good,test/good/003.png,1.714541
patchcore_wr50_1,screw,2,full,test,good,test/good/004.png,1.840656
patchcore_wr50_1,screw,2,full,test,good,test/good/005.png,1.890456
patchcore_wr50_1,screw,2,full,test,good,test/good/006.png,1.769022
patchcore_wr50_1,screw,2,full,test,good,test/good/007.png,1.766287
patchcore_wr50_1,screw,2,full,test,good,test/good/008.png,1.754865
patchcore_wr50_1,screw,2,full,test,good,test/good/009.png,1.733609
patchcore_wr50_1,screw,2,full,test,good,test/good/010.png,1.770202
patchcore_wr50_1,screw,2,full,test,good,test/good/011.png,1.819652
patchcore_wr50_1,screw,2,full,test,good,test/good/012.png,1.702593
patchcore_wr50_1,screw,2,full,test,good,test/good/013.png,1.672012
patchcore_wr50_1,screw,2,full,test,good,test/good/014.png,1.802614
patchcore_wr50_1,screw,2,full,test,good,test/good/015.png,1.830429
patchcore_wr50_1,screw,2,full,test,good,test/good/016.png,1.709828
patchcore_wr50_1,screw,2,full,test,good,test/good/017.png,1.700844
patchcore_wr50_1,screw,2,full,test,good,test/good/018.png,1.789810
patchcore_wr50_1,screw,2,full,test,good,test/good/019.png,1.779183
patchcore_wr50_1,screw,2,full,test,good,test/good/020.png,1.714156
patchcore_wr50_1,screw,2,full,test,good,test/good/021.png,1.692173
patchcore_wr50_1,screw,2,full,test,good,test/good/022.png,1.823544
patchcore_wr50_1,screw,2,full,test,good,test/good/023.png,1.856084
patchcore_wr50_1,screw,2,full,test,good,test/good/024.png,1.886718
patchcore_wr50_1,screw,2,full,test,good,test/good/025.png,1.766742
patchcore_wr50_1,screw,2,full,test,good,test/good/026.png,1.717232
patchcore_wr50_1,screw,2,full,test,good,test/good/027.png,1.719077
patchcore_wr50_1,screw,2,full,test,good,test/good/028.png,1.725258
patchcore_wr50_1,screw,2,full,test,good,test/good/029.png,1.791516
patchcore_wr50_1,screw,2,full,test,good,test/good/030.png,1.720826
patchcore_wr50_1,screw,2,full,test,good,test/good/031.png,1.871573
patchcore_wr50_1,screw,2,full,test,good,test/good/032.png,1.796049
patchcore_wr50_1,screw,2,full,test,good,test/good/033.png,1.690748
patchcore_wr50_1,screw,2,full,test,good,test/good/034.png,1.652891
patchcore_wr50_1,screw,2,full,test,good,test/good/035.png,1.762115
patchcore_wr50_1,screw,2,full,test,good,test/good/036.png,1.680247
patchcore_wr50_1,screw,2,full,test,good,test/good/037.png,1.802567
patchcore_wr50_1,screw,2,full,test,good,test/good/038.png,1.689262
patchcore_wr50_1,screw,2,full,test,good,test/good/039.png,1.751410
patchcore_wr50_1,screw,2,full,test,good,test/good/040.png,1.684710
patchcore_wr50_1,screw,2,full,test,manipulated_front,test/manipulated_front/000.png,1.804855
patchcore_wr50_1,screw,2,full,test,manipulated_front,test/manipulated_front/001.png,2.076771
patchcore_wr50_1,screw,2,full,test,manipulated_front,test/manipulated_front/002.png,1.946079
patchcore_wr50_1,screw,2,full,test,manipulated_front,test/manipulated_front/003.png,2.054027
patchcore_wr50_1,screw,2,full,test,manipulated_front,test/manipulated_front/004.png,2.063565
patchcore_wr50_1,screw,2,full,test,manipulated_front,test/manipulated_front/005.png,2.093706
patchcore_wr50_1,screw,2,full,test,manipulated_front,test/manipulated_front/006.png,1.869436
patchcore_wr50_1,screw,2,full,test,manipulated_front,test/manipulated_front/007.png,1.920614
patchcore_wr50_1,screw,2,full,test,manipulated_front,test/manipulated_front/008.png,2.036029
patchcore_wr50_1,screw,2,full,test,manipulated_front,test/manipulated_front/009.png,2.049839
patchcore_wr50_1,screw,2,full,test,manipulated_front,test/manipulated_front/010.png,1.883912
patchcore_wr50_1,screw,2,full,test,manipulated_front,test/manipulated_front/011.png,1.828714
patchcore_wr50_1,screw,2,full,test,manipulated_front,test/manipulated_front/012.png,1.872903
patchcore_wr50_1,screw,2,full,test,manipulated_front,test/manipulated_front/013.png,1.841196
patchcore_wr50_1,screw,2,full,test,manipulated_front,test/manipulated_front/014.png,1.909735
patchcore_wr50_1,screw,2,full,test,manipulated_front,test/manipulated_front/015.png,1.996813
patchcore_wr50_1,screw,2,full,test,manipulated_front,test/manipulated_front/016.png,2.086286
patchcore_wr50_1,screw,2,full,test,manipulated_front,test/manipulated_front/017.png,1.865753
patchcore_wr50_1,screw,2,full,test,manipulated_front,test/manipulated_front/018.png,1.958047
patchcore_wr50_1,screw,2,full,test,manipulated_front,test/manipulated_front/019.png,1.852660
patchcore_wr50_1,screw,2,full,test,manipulated_front,test/manipulated_front/020.png,1.811469
patchcore_wr50_1,screw,2,full,test,manipulated_front,test/manipulated_front/021.png,1.789428
patchcore_wr50_1,screw,2,full,test,manipulated_front,test/manipulated_front/022.png,1.769316
patchcore_wr50_1,screw,2,full,test,manipulated_front,test/manipulated_front/023.png,1.800161
patchcore_wr50_1,screw,2,full,test,scratch_head,test/scratch_head/000.png,2.002237
patchcore_wr50_1,screw,2,full,test,scratch_head,test/scratch_head/001.png,1.964305
patchcore_wr50_1,screw,2,full,test,scratch_head,test/scratch_head/002.png,1.906891
patchcore_wr50_1,screw,2,full,test,scratch_head,test/scratch_head/003.png,1.816999
patchcore_wr50_1,screw,2,full,test,scratch_head,test/scratch_head/004.png,1.857706
patchcore_wr50_1,screw,2,full,test,scratch_head,test/scratch_head/005.png,1.894144
patchcore_wr50_1,screw,2,full,test,scratch_head,test/scratch_head/006.png,1.872490
patchcore_wr50_1,screw,2,full,test,scratch_head,test/scratch_head/007.png,2.164833
patchcore_wr50_1,screw,2,full,test,scratch_head,test/scratch_head/008.png,1.811307
patchcore_wr50_1,screw,2,full,test,scratch_head,test/scratch_head/009.png,1.806330
patchcore_wr50_1,screw,2,full,test,scratch_head,test/scratch_head/010.png,2.088961
patchcore_wr50_1,screw,2,full,test,scratch_head,test/scratch_head/011.png,2.346870
patchcore_wr50_1,screw,2,full,test,scratch_head,test/scratch_head/012.png,2.093319
patchcore_wr50_1,screw,2,full,test,scratch_head,test/scratch_head/013.png,2.078243
patchcore_wr50_1,screw,2,full,test,scratch_head,test/scratch_head/014.png,1.842491
patchcore_wr50_1,screw,2,full,test,scratch_head,test/scratch_head/015.png,2.149226
patchcore_wr50_1,screw,2,full,test,scratch_head,test/scratch_head/016.png,2.091847
patchcore_wr50_1,screw,2,full,test,scratch_head,test/scratch_head/017.png,1.976719
patchcore_wr50_1,screw,2,full,test,scratch_head,test/scratch_head/018.png,1.945189
patchcore_wr50_1,screw,2,full,test,scratch_head,test/scratch_head/019.png,2.233942
patchcore_wr50_1,screw,2,full,test,scratch_head,test/scratch_head/020.png,1.981162
patchcore_wr50_1,screw,2,full,test,scratch_head,test/scratch_head/021.png,1.994325
patchcore_wr50_1,screw,2,full,test,scratch_head,test/scratch_head/022.png,1.840848
patchcore_wr50_1,screw,2,full,test,scratch_head,test/scratch_head/023.png,1.933585
patchcore_wr50_1,screw,2,full,test,scratch_neck,test/scratch_neck/000.png,2.093225
patchcore_wr50_1,screw,2,full,test,scratch_neck,test/scratch_neck/001.png,2.684630
patchcore_wr50_1,screw,2,full,test,scratch_neck,test/scratch_neck/002.png,2.025031
patchcore_wr50_1,screw,2,full,test,scratch_neck,test/scratch_neck/003.png,2.565379
patchcore_wr50_1,screw,2,full,test,scratch_neck,test/scratch_neck/004.png,2.424043
patchcore_wr50_1,screw,2,full,test,scratch_neck,test/scratch_neck/005.png,1.878652
patchcore_wr50_1,screw,2,full,test,scratch_neck,test/scratch_neck/006.png,2.228946
patchcore_wr50_1,screw,2,full,test,scratch_neck,test/scratch_neck/007.png,2.422274
patchcore_wr50_1,screw,2,full,test,scratch_neck,test/scratch_neck/008.png,2.686988
patchcore_wr50_1,screw,2,full,test,scratch_neck,test/scratch_neck/009.png,2.760104
patchcore_wr50_1,screw,2,full,test,scratch_neck,test/scratch_neck/010.png,2.361456
patchcore_wr50_1,screw,2,full,test,scratch_neck,test/scratch_neck/011.png,1.897338
patchcore_wr50_1,screw,2,full,test,scratch_neck,test/scratch_neck/012.png,2.160352
patchcore_wr50_1,screw,2,full,test,scratch_neck,test/scratch_neck/013.png,2.351261
patchcore_wr50_1,screw,2,full,test,scratch_neck,test/scratch_neck/014.png,2.375670
patchcore_wr50_1,screw,2,full,test,scratch_neck,test/scratch_neck/015.png,2.452572
patchcore_wr50_1,screw,2,full,test,scratch_neck,test/scratch_neck/016.png,2.609175
patchcore_wr50_1,screw,2,full,test,scratch_neck,test/scratch_neck/017.png,2.132687
patchcore_wr50_1,screw,2,full,test,scratch_neck,test/scratch_neck/018.png,2.371781
patchcore_wr50_1,screw,2,full,test,scratch_neck,test/scratch_neck/019.png,2.553440
patchcore_wr50_1,screw,2,full,test,scratch_neck,test/scratch_neck/020.png,2.675490
patchcore_wr50_1,screw,2,full,test,scratch_neck,test/scratch_neck/021.png,1.959215
patchcore_wr50_1,screw,2,full,test,scratch_neck,test/scratch_neck/022.png,2.233526
patchcore_wr50_1,screw,2,full,test,scratch_neck,test/scratch_neck/023.png,2.182724
patchcore_wr50_1,screw,2,full,test,scratch_neck,test/scratch_neck/024.png,2.513905
patchcore_wr50_1,screw,2,full,test,thread_side,test/thread_side/000.png,1.912826
patchcore_wr50_1,screw,2,full,test,thread_side,test/thread_side/001.png,1.841293
patchcore_wr50_1,screw,2,full,test,thread_side,test/thread_side/002.png,1.932282
patchcore_wr50_1,screw,2,full,test,thread_side,test/thread_side/003.png,1.840612
patchcore_wr50_1,screw,2,full,test,thread_side,test/thread_side/004.png,1.838856
patchcore_wr50_1,screw,2,full,test,thread_side,test/thread_side/005.png,2.113915
patchcore_wr50_1,screw,2,full,test,thread_side,test/thread_side/006.png,1.906911
patchcore_wr50_1,screw,2,full,test,thread_side,test/thread_side/007.png,2.070709
patchcore_wr50_1,screw,2,full,test,thread_side,test/thread_side/008.png,1.899946
patchcore_wr50_1,screw,2,full,test,thread_side,test/thread_side/009.png,1.709961
patchcore_wr50_1,screw,2,full,test,thread_side,test/thread_side/010.png,1.825638
patchcore_wr50_1,screw,2,full,test,thread_side,test/thread_side/011.png,1.877712
patchcore_wr50_1,screw,2,full,test,thread_side,test/thread_side/012.png,1.736647
patchcore_wr50_1,screw,2,full,test,thread_side,test/thread_side/013.png,1.862801
patchcore_wr50_1,screw,2,full,test,thread_side,test/thread_side/014.png,2.043391
patchcore_wr50_1,screw,2,full,test,thread_side,test/thread_side/015.png,1.789036
patchcore_wr50_1,screw,2,full,test,thread_side,test/thread_side/016.png,1.854936
patchcore_wr50_1,screw,2,full,test,thread_side,test/thread_side/017.png,2.160039
patchcore_wr50_1,screw,2,full,test,thread_side,test/thread_side/018.png,1.890101
patchcore_wr50_1,screw,2,full,test,thread_side,test/thread_side/019.png,1.816161
patchcore_wr50_1,screw,2,full,test,thread_side,test/thread_side/020.png,1.755375
patchcore_wr50_1,screw,2,full,test,thread_side,test/thread_side/021.png,1.916813
patchcore_wr50_1,screw,2,full,test,thread_side,test/thread_side/022.png,2.021750
patchcore_wr50_1,screw,2,full,test,thread_top,test/thread_top/000.png,2.066095
patchcore_wr50_1,screw,2,full,test,thread_top,test/thread_top/001.png,2.312501
patchcore_wr50_1,screw,2,full,test,thread_top,test/thread_top/002.png,2.175225
patchcore_wr50_1,screw,2,full,test,thread_top,test/thread_top/003.png,1.914960
patchcore_wr50_1,screw,2,full,test,thread_top,test/thread_top/004.png,2.185673
patchcore_wr50_1,screw,2,full,test,thread_top,test/thread_top/005.png,2.400783
patchcore_wr50_1,screw,2,full,test,thread_top,test/thread_top/006.png,2.215970
patchcore_wr50_1,screw,2,full,test,thread_top,test/thread_top/007.png,2.420382
patchcore_wr50_1,screw,2,full,test,thread_top,test/thread_top/008.png,1.837838
patchcore_wr50_1,screw,2,full,test,thread_top,test/thread_top/009.png,2.047083
patchcore_wr50_1,screw,2,full,test,thread_top,test/thread_top/010.png,2.151717
patchcore_wr50_1,screw,2,full,test,thread_top,test/thread_top/011.png,2.302958
patchcore_wr50_1,screw,2,full,test,thread_top,test/thread_top/012.png,1.882697
patchcore_wr50_1,screw,2,full,test,thread_top,test/thread_top/013.png,2.088708
patchcore_wr50_1,screw,2,full,test,thread_top,test/thread_top/014.png,1.918248
patchcore_wr50_1,screw,2,full,test,thread_top,test/thread_top/015.png,1.852278
patchcore_wr50_1,screw,2,full,test,thread_top,test/thread_top/016.png,2.122088
patchcore_wr50_1,screw,2,full,test,thread_top,test/thread_top/017.png,1.926352
patchcore_wr50_1,screw,2,full,test,thread_top,test/thread_top/018.png,2.159108
patchcore_wr50_1,screw,2,full,test,thread_top,test/thread_top/019.png,2.338378
patchcore_wr50_1,screw,2,full,test,thread_top,test/thread_top/020.png,2.401220
patchcore_wr50_1,screw,2,full,test,thread_top,test/thread_top/021.png,2.267481
patchcore_wr50_1,screw,2,full,test,thread_top,test/thread_top/022.png,1.974850
patchcore_wr50_1,screw,2,gate,calibration,good,train/good/011.png,1.723089
patchcore_wr50_1,screw,2,gate,calibration,good,train/good/012.png,1.768745
patchcore_wr50_1,screw,2,gate,calibration,good,train/good/023.png,1.754724
patchcore_wr50_1,screw,2,gate,calibration,good,train/good/026.png,1.799057
patchcore_wr50_1,screw,2,gate,calibration,good,train/good/031.png,1.767461
patchcore_wr50_1,screw,2,gate,calibration,good,train/good/032.png,1.872438
patchcore_wr50_1,screw,2,gate,calibration,good,train/good/048.png,1.710841
patchcore_wr50_1,screw,2,gate,calibration,good,train/good/050.png,1.757931
patchcore_wr50_1,screw,2,gate,calibration,good,train/good/052.png,1.698797
patchcore_wr50_1,screw,2,gate,calibration,good,train/good/053.png,1.664770
patchcore_wr50_1,screw,2,gate,calibration,good,train/good/067.png,1.718686
patchcore_wr50_1,screw,2,gate,calibration,good,train/good/071.png,1.714392
patchcore_wr50_1,screw,2,gate,calibration,good,train/good/078.png,1.812592
patchcore_wr50_1,screw,2,gate,calibration,good,train/good/079.png,1.855163
patchcore_wr50_1,screw,2,gate,calibration,good,train/good/081.png,1.795267
patchcore_wr50_1,screw,2,gate,calibration,good,train/good/082.png,1.840130
patchcore_wr50_1,screw,2,gate,calibration,good,train/good/090.png,1.851971
patchcore_wr50_1,screw,2,gate,calibration,good,train/good/098.png,1.780577
patchcore_wr50_1,screw,2,gate,calibration,good,train/good/113.png,1.832279
patchcore_wr50_1,screw,2,gate,calibration,good,train/good/114.png,2.083101
patchcore_wr50_1,screw,2,gate,calibration,good,train/good/118.png,1.798550
patchcore_wr50_1,screw,2,gate,calibration,good,train/good/126.png,1.931220
patchcore_wr50_1,screw,2,gate,calibration,good,train/good/127.png,1.868445
patchcore_wr50_1,screw,2,gate,calibration,good,train/good/130.png,1.789023
patchcore_wr50_1,screw,2,gate,calibration,good,train/good/134.png,1.827074
patchcore_wr50_1,screw,2,gate,calibration,good,train/good/135.png,1.799277
patchcore_wr50_1,screw,2,gate,calibration,good,train/good/154.png,1.894078
patchcore_wr50_1,screw,2,gate,calibration,good,train/good/155.png,1.868702
patchcore_wr50_1,screw,2,gate,calibration,good,train/good/157.png,1.918383
patchcore_wr50_1,screw,2,gate,calibration,good,train/good/166.png,1.866051
patchcore_wr50_1,screw,2,gate,calibration,good,train/good/168.png,1.722913
patchcore_wr50_1,screw,2,gate,calibration,good,train/good/169.png,1.809222
patchcore_wr50_1,screw,2,gate,calibration,good,train/good/172.png,1.840261
patchcore_wr50_1,screw,2,gate,calibration,good,train/good/179.png,1.789235
patchcore_wr50_1,screw,2,gate,calibration,good,train/good/186.png,1.758434
patchcore_wr50_1,screw,2,gate,calibration,good,train/good/196.png,1.852750
patchcore_wr50_1,screw,2,gate,calibration,good,train/good/200.png,1.791850
patchcore_wr50_1,screw,2,gate,calibration,good,train/good/206.png,1.791262
patchcore_wr50_1,screw,2,gate,calibration,good,train/good/209.png,1.807898
patchcore_wr50_1,screw,2,gate,calibration,good,train/good/210.png,1.764255
patchcore_wr50_1,screw,2,gate,calibration,good,train/good/215.png,1.728228
patchcore_wr50_1,screw,2,gate,calibration,good,train/good/222.png,1.855913
patchcore_wr50_1,screw,2,gate,calibration,good,train/good/229.png,1.723648
patchcore_wr50_1,screw,2,gate,calibration,good,train/good/230.png,1.748319
patchcore_wr50_1,screw,2,gate,calibration,good,train/good/231.png,1.762445
patchcore_wr50_1,screw,2,gate,calibration,good,train/good/238.png,1.727709
patchcore_wr50_1,screw,2,gate,calibration,good,train/good/244.png,1.950061
patchcore_wr50_1,screw,2,gate,calibration,good,train/good/250.png,1.877923
patchcore_wr50_1,screw,2,gate,calibration,good,train/good/263.png,1.824389
patchcore_wr50_1,screw,2,gate,calibration,good,train/good/269.png,1.788477
patchcore_wr50_1,screw,2,gate,calibration,good,train/good/271.png,1.774329
patchcore_wr50_1,screw,2,gate,calibration,good,train/good/272.png,1.758236
patchcore_wr50_1,screw,2,gate,calibration,good,train/good/275.png,1.732564
patchcore_wr50_1,screw,2,gate,calibration,good,train/good/279.png,1.712160
patchcore_wr50_1,screw,2,gate,calibration,good,train/good/282.png,1.773685
patchcore_wr50_1,screw,2,gate,calibration,good,train/good/289.png,1.879141
patchcore_wr50_1,screw,2,gate,calibration,good,train/good/291.png,2.061066
patchcore_wr50_1,screw,2,gate,calibration,good,train/good/292.png,1.737746
patchcore_wr50_1,screw,2,gate,calibration,good,train/good/298.png,1.745352
patchcore_wr50_1,screw,2,gate,calibration,good,train/good/300.png,1.796848
patchcore_wr50_1,screw,2,gate,calibration,good,train/good/305.png,1.754494
patchcore_wr50_1,screw,2,gate,calibration,good,train/good/308.png,1.770494
patchcore_wr50_1,screw,2,gate,calibration,good,train/good/310.png,1.677021
patchcore_wr50_1,screw,2,gate,calibration,good,train/good/313.png,1.881102
patchcore_wr50_1,screw,2,gate,test,good,test/good/000.png,1.705088
patchcore_wr50_1,screw,2,gate,test,good,test/good/001.png,1.794748
patchcore_wr50_1,screw,2,gate,test,good,test/good/002.png,1.827693
patchcore_wr50_1,screw,2,gate,test,good,test/good/003.png,1.794742
patchcore_wr50_1,screw,2,gate,test,good,test/good/004.png,1.964730
patchcore_wr50_1,screw,2,gate,test,good,test/good/005.png,2.003745
patchcore_wr50_1,screw,2,gate,test,good,test/good/006.png,1.812641
patchcore_wr50_1,screw,2,gate,test,good,test/good/007.png,1.811867
patchcore_wr50_1,screw,2,gate,test,good,test/good/008.png,1.749331
patchcore_wr50_1,screw,2,gate,test,good,test/good/009.png,1.765928
patchcore_wr50_1,screw,2,gate,test,good,test/good/010.png,1.838914
patchcore_wr50_1,screw,2,gate,test,good,test/good/011.png,1.802206
patchcore_wr50_1,screw,2,gate,test,good,test/good/012.png,1.784472
patchcore_wr50_1,screw,2,gate,test,good,test/good/013.png,1.795778
patchcore_wr50_1,screw,2,gate,test,good,test/good/014.png,1.919665
patchcore_wr50_1,screw,2,gate,test,good,test/good/015.png,1.908631
patchcore_wr50_1,screw,2,gate,test,good,test/good/016.png,1.852053
patchcore_wr50_1,screw,2,gate,test,good,test/good/017.png,1.787302
patchcore_wr50_1,screw,2,gate,test,good,test/good/018.png,1.854782
patchcore_wr50_1,screw,2,gate,test,good,test/good/019.png,1.809897
patchcore_wr50_1,screw,2,gate,test,good,test/good/020.png,1.746748
patchcore_wr50_1,screw,2,gate,test,good,test/good/021.png,1.782190
patchcore_wr50_1,screw,2,gate,test,good,test/good/022.png,1.775590
patchcore_wr50_1,screw,2,gate,test,good,test/good/023.png,1.846458
patchcore_wr50_1,screw,2,gate,test,good,test/good/024.png,1.958582
patchcore_wr50_1,screw,2,gate,test,good,test/good/025.png,1.772343
patchcore_wr50_1,screw,2,gate,test,good,test/good/026.png,1.811955
patchcore_wr50_1,screw,2,gate,test,good,test/good/027.png,1.812251
patchcore_wr50_1,screw,2,gate,test,good,test/good/028.png,1.844547
patchcore_wr50_1,screw,2,gate,test,good,test/good/029.png,1.835254
patchcore_wr50_1,screw,2,gate,test,good,test/good/030.png,1.848647
patchcore_wr50_1,screw,2,gate,test,good,test/good/031.png,1.843175
patchcore_wr50_1,screw,2,gate,test,good,test/good/032.png,1.817455
patchcore_wr50_1,screw,2,gate,test,good,test/good/033.png,1.787404
patchcore_wr50_1,screw,2,gate,test,good,test/good/034.png,1.769602
patchcore_wr50_1,screw,2,gate,test,good,test/good/035.png,1.837559
patchcore_wr50_1,screw,2,gate,test,good,test/good/036.png,1.680139
patchcore_wr50_1,screw,2,gate,test,good,test/good/037.png,1.826534
patchcore_wr50_1,screw,2,gate,test,good,test/good/038.png,1.731669
patchcore_wr50_1,screw,2,gate,test,good,test/good/039.png,1.854989
patchcore_wr50_1,screw,2,gate,test,good,test/good/040.png,1.796584
patchcore_wr50_1,screw,2,gate,test,manipulated_front,test/manipulated_front/000.png,2.017939
patchcore_wr50_1,screw,2,gate,test,manipulated_front,test/manipulated_front/001.png,2.165911
patchcore_wr50_1,screw,2,gate,test,manipulated_front,test/manipulated_front/002.png,2.011794
patchcore_wr50_1,screw,2,gate,test,manipulated_front,test/manipulated_front/003.png,2.146173
patchcore_wr50_1,screw,2,gate,test,manipulated_front,test/manipulated_front/004.png,2.059812
patchcore_wr50_1,screw,2,gate,test,manipulated_front,test/manipulated_front/005.png,2.041571
patchcore_wr50_1,screw,2,gate,test,manipulated_front,test/manipulated_front/006.png,1.925969
patchcore_wr50_1,screw,2,gate,test,manipulated_front,test/manipulated_front/007.png,2.013889
patchcore_wr50_1,screw,2,gate,test,manipulated_front,test/manipulated_front/008.png,2.028299
patchcore_wr50_1,screw,2,gate,test,manipulated_front,test/manipulated_front/009.png,2.018055
patchcore_wr50_1,screw,2,gate,test,manipulated_front,test/manipulated_front/010.png,2.032187
patchcore_wr50_1,screw,2,gate,test,manipulated_front,test/manipulated_front/011.png,1.873291
patchcore_wr50_1,screw,2,gate,test,manipulated_front,test/manipulated_front/012.png,1.842258
patchcore_wr50_1,screw,2,gate,test,manipulated_front,test/manipulated_front/013.png,1.940732
patchcore_wr50_1,screw,2,gate,test,manipulated_front,test/manipulated_front/014.png,2.028123
patchcore_wr50_1,screw,2,gate,test,manipulated_front,test/manipulated_front/015.png,2.084254
patchcore_wr50_1,screw,2,gate,test,manipulated_front,test/manipulated_front/016.png,2.052660
patchcore_wr50_1,screw,2,gate,test,manipulated_front,test/manipulated_front/017.png,1.802762
patchcore_wr50_1,screw,2,gate,test,manipulated_front,test/manipulated_front/018.png,1.991534
patchcore_wr50_1,screw,2,gate,test,manipulated_front,test/manipulated_front/019.png,2.030075
patchcore_wr50_1,screw,2,gate,test,manipulated_front,test/manipulated_front/020.png,1.875486
patchcore_wr50_1,screw,2,gate,test,manipulated_front,test/manipulated_front/021.png,1.847373
patchcore_wr50_1,screw,2,gate,test,manipulated_front,test/manipulated_front/022.png,1.832420
patchcore_wr50_1,screw,2,gate,test,manipulated_front,test/manipulated_front/023.png,1.829699
patchcore_wr50_1,screw,2,gate,test,scratch_head,test/scratch_head/000.png,2.052953
patchcore_wr50_1,screw,2,gate,test,scratch_head,test/scratch_head/001.png,2.089548
patchcore_wr50_1,screw,2,gate,test,scratch_head,test/scratch_head/002.png,1.936932
patchcore_wr50_1,screw,2,gate,test,scratch_head,test/scratch_head/003.png,1.920701
patchcore_wr50_1,screw,2,gate,test,scratch_head,test/scratch_head/004.png,1.910635
patchcore_wr50_1,screw,2,gate,test,scratch_head,test/scratch_head/005.png,1.806245
patchcore_wr50_1,screw,2,gate,test,scratch_head,test/scratch_head/006.png,1.867035
patchcore_wr50_1,screw,2,gate,test,scratch_head,test/scratch_head/007.png,2.063774
patchcore_wr50_1,screw,2,gate,test,scratch_head,test/scratch_head/008.png,1.860332
patchcore_wr50_1,screw,2,gate,test,scratch_head,test/scratch_head/009.png,1.836309
patchcore_wr50_1,screw,2,gate,test,scratch_head,test/scratch_head/010.png,2.040332
patchcore_wr50_1,screw,2,gate,test,scratch_head,test/scratch_head/011.png,2.498333
patchcore_wr50_1,screw,2,gate,test,scratch_head,test/scratch_head/012.png,2.077205
patchcore_wr50_1,screw,2,gate,test,scratch_head,test/scratch_head/013.png,2.066614
patchcore_wr50_1,screw,2,gate,test,scratch_head,test/scratch_head/014.png,1.838022
patchcore_wr50_1,screw,2,gate,test,scratch_head,test/scratch_head/015.png,2.221438
patchcore_wr50_1,screw,2,gate,test,scratch_head,test/scratch_head/016.png,2.213911
patchcore_wr50_1,screw,2,gate,test,scratch_head,test/scratch_head/017.png,1.990087
patchcore_wr50_1,screw,2,gate,test,scratch_head,test/scratch_head/018.png,2.004318
patchcore_wr50_1,screw,2,gate,test,scratch_head,test/scratch_head/019.png,2.390197
patchcore_wr50_1,screw,2,gate,test,scratch_head,test/scratch_head/020.png,2.117476
patchcore_wr50_1,screw,2,gate,test,scratch_head,test/scratch_head/021.png,2.030892
patchcore_wr50_1,screw,2,gate,test,scratch_head,test/scratch_head/022.png,1.919262
patchcore_wr50_1,screw,2,gate,test,scratch_head,test/scratch_head/023.png,1.976884
patchcore_wr50_1,screw,2,gate,test,scratch_neck,test/scratch_neck/000.png,2.104035
patchcore_wr50_1,screw,2,gate,test,scratch_neck,test/scratch_neck/001.png,2.745213
patchcore_wr50_1,screw,2,gate,test,scratch_neck,test/scratch_neck/002.png,1.962197
patchcore_wr50_1,screw,2,gate,test,scratch_neck,test/scratch_neck/003.png,2.506410
patchcore_wr50_1,screw,2,gate,test,scratch_neck,test/scratch_neck/004.png,2.417709
patchcore_wr50_1,screw,2,gate,test,scratch_neck,test/scratch_neck/005.png,1.945331
patchcore_wr50_1,screw,2,gate,test,scratch_neck,test/scratch_neck/006.png,2.279330
patchcore_wr50_1,screw,2,gate,test,scratch_neck,test/scratch_neck/007.png,2.544942
patchcore_wr50_1,screw,2,gate,test,scratch_neck,test/scratch_neck/008.png,2.528489
patchcore_wr50_1,screw,2,gate,test,scratch_neck,test/scratch_neck/009.png,2.847500
patchcore_wr50_1,screw,2,gate,test,scratch_neck,test/scratch_neck/010.png,2.239956
patchcore_wr50_1,screw,2,gate,test,scratch_neck,test/scratch_neck/011.png,1.882093
patchcore_wr50_1,screw,2,gate,test,scratch_neck,test/scratch_neck/012.png,2.130427
patchcore_wr50_1,screw,2,gate,test,scratch_neck,test/scratch_neck/013.png,2.477483
patchcore_wr50_1,screw,2,gate,test,scratch_neck,test/scratch_neck/014.png,2.360343
patchcore_wr50_1,screw,2,gate,test,scratch_neck,test/scratch_neck/015.png,2.491600
patchcore_wr50_1,screw,2,gate,test,scratch_neck,test/scratch_neck/016.png,2.673105
patchcore_wr50_1,screw,2,gate,test,scratch_neck,test/scratch_neck/017.png,2.134949
patchcore_wr50_1,screw,2,gate,test,scratch_neck,test/scratch_neck/018.png,2.426216
patchcore_wr50_1,screw,2,gate,test,scratch_neck,test/scratch_neck/019.png,2.605122
patchcore_wr50_1,screw,2,gate,test,scratch_neck,test/scratch_neck/020.png,2.561035
patchcore_wr50_1,screw,2,gate,test,scratch_neck,test/scratch_neck/021.png,2.000689
patchcore_wr50_1,screw,2,gate,test,scratch_neck,test/scratch_neck/022.png,2.138338
patchcore_wr50_1,screw,2,gate,test,scratch_neck,test/scratch_neck/023.png,2.005870
patchcore_wr50_1,screw,2,gate,test,scratch_neck,test/scratch_neck/024.png,2.515772
patchcore_wr50_1,screw,2,gate,test,thread_side,test/thread_side/000.png,1.905270
patchcore_wr50_1,screw,2,gate,test,thread_side,test/thread_side/001.png,1.884003
patchcore_wr50_1,screw,2,gate,test,thread_side,test/thread_side/002.png,1.931532
patchcore_wr50_1,screw,2,gate,test,thread_side,test/thread_side/003.png,1.978558
patchcore_wr50_1,screw,2,gate,test,thread_side,test/thread_side/004.png,1.867317
patchcore_wr50_1,screw,2,gate,test,thread_side,test/thread_side/005.png,2.023911
patchcore_wr50_1,screw,2,gate,test,thread_side,test/thread_side/006.png,1.966438
patchcore_wr50_1,screw,2,gate,test,thread_side,test/thread_side/007.png,2.177381
patchcore_wr50_1,screw,2,gate,test,thread_side,test/thread_side/008.png,1.877208
patchcore_wr50_1,screw,2,gate,test,thread_side,test/thread_side/009.png,1.804855
patchcore_wr50_1,screw,2,gate,test,thread_side,test/thread_side/010.png,1.897393
patchcore_wr50_1,screw,2,gate,test,thread_side,test/thread_side/011.png,1.935476
patchcore_wr50_1,screw,2,gate,test,thread_side,test/thread_side/012.png,1.780411
patchcore_wr50_1,screw,2,gate,test,thread_side,test/thread_side/013.png,1.877387
patchcore_wr50_1,screw,2,gate,test,thread_side,test/thread_side/014.png,2.147811
patchcore_wr50_1,screw,2,gate,test,thread_side,test/thread_side/015.png,1.842322
patchcore_wr50_1,screw,2,gate,test,thread_side,test/thread_side/016.png,2.014260
patchcore_wr50_1,screw,2,gate,test,thread_side,test/thread_side/017.png,2.106295
patchcore_wr50_1,screw,2,gate,test,thread_side,test/thread_side/018.png,2.014407
patchcore_wr50_1,screw,2,gate,test,thread_side,test/thread_side/019.png,1.815142
patchcore_wr50_1,screw,2,gate,test,thread_side,test/thread_side/020.png,1.793133
patchcore_wr50_1,screw,2,gate,test,thread_side,test/thread_side/021.png,1.850332
patchcore_wr50_1,screw,2,gate,test,thread_side,test/thread_side/022.png,2.112510
patchcore_wr50_1,screw,2,gate,test,thread_top,test/thread_top/000.png,2.104701
patchcore_wr50_1,screw,2,gate,test,thread_top,test/thread_top/001.png,2.224260
patchcore_wr50_1,screw,2,gate,test,thread_top,test/thread_top/002.png,2.156923
patchcore_wr50_1,screw,2,gate,test,thread_top,test/thread_top/003.png,1.942252
patchcore_wr50_1,screw,2,gate,test,thread_top,test/thread_top/004.png,1.980726
patchcore_wr50_1,screw,2,gate,test,thread_top,test/thread_top/005.png,2.440803
patchcore_wr50_1,screw,2,gate,test,thread_top,test/thread_top/006.png,2.254214
patchcore_wr50_1,screw,2,gate,test,thread_top,test/thread_top/007.png,2.495849
patchcore_wr50_1,screw,2,gate,test,thread_top,test/thread_top/008.png,1.903409
patchcore_wr50_1,screw,2,gate,test,thread_top,test/thread_top/009.png,1.894966
patchcore_wr50_1,screw,2,gate,test,thread_top,test/thread_top/010.png,2.089923
patchcore_wr50_1,screw,2,gate,test,thread_top,test/thread_top/011.png,2.260049
patchcore_wr50_1,screw,2,gate,test,thread_top,test/thread_top/012.png,1.967251
patchcore_wr50_1,screw,2,gate,test,thread_top,test/thread_top/013.png,2.146730
patchcore_wr50_1,screw,2,gate,test,thread_top,test/thread_top/014.png,1.911615
patchcore_wr50_1,screw,2,gate,test,thread_top,test/thread_top/015.png,1.914854
patchcore_wr50_1,screw,2,gate,test,thread_top,test/thread_top/016.png,2.135895
patchcore_wr50_1,screw,2,gate,test,thread_top,test/thread_top/017.png,1.865849
patchcore_wr50_1,screw,2,gate,test,thread_top,test/thread_top/018.png,2.044222
patchcore_wr50_1,screw,2,gate,test,thread_top,test/thread_top/019.png,2.384437
patchcore_wr50_1,screw,2,gate,test,thread_top,test/thread_top/020.png,2.543110
patchcore_wr50_1,screw,2,gate,test,thread_top,test/thread_top/021.png,2.206010
patchcore_wr50_1,screw,2,gate,test,thread_top,test/thread_top/022.png,2.050972
patchcore_wr50_1,zipper,0,full,test,broken_teeth,test/broken_teeth/000.png,1.967102
patchcore_wr50_1,zipper,0,full,test,broken_teeth,test/broken_teeth/001.png,2.152791
patchcore_wr50_1,zipper,0,full,test,broken_teeth,test/broken_teeth/002.png,1.760100
patchcore_wr50_1,zipper,0,full,test,broken_teeth,test/broken_teeth/003.png,2.211144
patchcore_wr50_1,zipper,0,full,test,broken_teeth,test/broken_teeth/004.png,1.971339
patchcore_wr50_1,zipper,0,full,test,broken_teeth,test/broken_teeth/005.png,1.939530
patchcore_wr50_1,zipper,0,full,test,broken_teeth,test/broken_teeth/006.png,2.273505
patchcore_wr50_1,zipper,0,full,test,broken_teeth,test/broken_teeth/007.png,2.611907
patchcore_wr50_1,zipper,0,full,test,broken_teeth,test/broken_teeth/008.png,2.094054
patchcore_wr50_1,zipper,0,full,test,broken_teeth,test/broken_teeth/009.png,1.661447
patchcore_wr50_1,zipper,0,full,test,broken_teeth,test/broken_teeth/010.png,2.314269
patchcore_wr50_1,zipper,0,full,test,broken_teeth,test/broken_teeth/011.png,2.263855
patchcore_wr50_1,zipper,0,full,test,broken_teeth,test/broken_teeth/012.png,1.857718
patchcore_wr50_1,zipper,0,full,test,broken_teeth,test/broken_teeth/013.png,2.555096
patchcore_wr50_1,zipper,0,full,test,broken_teeth,test/broken_teeth/014.png,2.028649
patchcore_wr50_1,zipper,0,full,test,broken_teeth,test/broken_teeth/015.png,1.838579
patchcore_wr50_1,zipper,0,full,test,broken_teeth,test/broken_teeth/016.png,1.624969
patchcore_wr50_1,zipper,0,full,test,broken_teeth,test/broken_teeth/017.png,2.691665
patchcore_wr50_1,zipper,0,full,test,broken_teeth,test/broken_teeth/018.png,2.615157
patchcore_wr50_1,zipper,0,full,test,combined,test/combined/000.png,2.952512
patchcore_wr50_1,zipper,0,full,test,combined,test/combined/001.png,2.048529
patchcore_wr50_1,zipper,0,full,test,combined,test/combined/002.png,1.996363
patchcore_wr50_1,zipper,0,full,test,combined,test/combined/003.png,2.255760
patchcore_wr50_1,zipper,0,full,test,combined,test/combined/004.png,2.019960
patchcore_wr50_1,zipper,0,full,test,combined,test/combined/005.png,2.542767
patchcore_wr50_1,zipper,0,full,test,combined,test/combined/006.png,3.407727
patchcore_wr50_1,zipper,0,full,test,combined,test/combined/007.png,2.178143
patchcore_wr50_1,zipper,0,full,test,combined,test/combined/008.png,2.043776
patchcore_wr50_1,zipper,0,full,test,combined,test/combined/009.png,2.193233
patchcore_wr50_1,zipper,0,full,test,combined,test/combined/010.png,2.753223
patchcore_wr50_1,zipper,0,full,test,combined,test/combined/011.png,2.616681
patchcore_wr50_1,zipper,0,full,test,combined,test/combined/012.png,2.358217
patchcore_wr50_1,zipper,0,full,test,combined,test/combined/013.png,2.857382
patchcore_wr50_1,zipper,0,full,test,combined,test/combined/014.png,2.366443
patchcore_wr50_1,zipper,0,full,test,combined,test/combined/015.png,2.680426
patchcore_wr50_1,zipper,0,full,test,fabric_border,test/fabric_border/000.png,2.803757
patchcore_wr50_1,zipper,0,full,test,fabric_border,test/fabric_border/001.png,3.322147
patchcore_wr50_1,zipper,0,full,test,fabric_border,test/fabric_border/002.png,2.134862
patchcore_wr50_1,zipper,0,full,test,fabric_border,test/fabric_border/003.png,2.764097
patchcore_wr50_1,zipper,0,full,test,fabric_border,test/fabric_border/004.png,2.650049
patchcore_wr50_1,zipper,0,full,test,fabric_border,test/fabric_border/005.png,3.218997
patchcore_wr50_1,zipper,0,full,test,fabric_border,test/fabric_border/006.png,2.640095
patchcore_wr50_1,zipper,0,full,test,fabric_border,test/fabric_border/007.png,2.580476
patchcore_wr50_1,zipper,0,full,test,fabric_border,test/fabric_border/008.png,2.671443
patchcore_wr50_1,zipper,0,full,test,fabric_border,test/fabric_border/009.png,2.907404
patchcore_wr50_1,zipper,0,full,test,fabric_border,test/fabric_border/010.png,2.720891
patchcore_wr50_1,zipper,0,full,test,fabric_border,test/fabric_border/011.png,2.636743
patchcore_wr50_1,zipper,0,full,test,fabric_border,test/fabric_border/012.png,2.673154
patchcore_wr50_1,zipper,0,full,test,fabric_border,test/fabric_border/013.png,2.754123
patchcore_wr50_1,zipper,0,full,test,fabric_border,test/fabric_border/014.png,2.774337
patchcore_wr50_1,zipper,0,full,test,fabric_border,test/fabric_border/015.png,2.808966
patchcore_wr50_1,zipper,0,full,test,fabric_border,test/fabric_border/016.png,2.947766
patchcore_wr50_1,zipper,0,full,test,fabric_interior,test/fabric_interior/000.png,2.066588
patchcore_wr50_1,zipper,0,full,test,fabric_interior,test/fabric_interior/001.png,1.633358
patchcore_wr50_1,zipper,0,full,test,fabric_interior,test/fabric_interior/002.png,1.940408
patchcore_wr50_1,zipper,0,full,test,fabric_interior,test/fabric_interior/003.png,2.091087
patchcore_wr50_1,zipper,0,full,test,fabric_interior,test/fabric_interior/004.png,2.117096
patchcore_wr50_1,zipper,0,full,test,fabric_interior,test/fabric_interior/005.png,1.907382
patchcore_wr50_1,zipper,0,full,test,fabric_interior,test/fabric_interior/006.png,2.322034
patchcore_wr50_1,zipper,0,full,test,fabric_interior,test/fabric_interior/007.png,1.471929
patchcore_wr50_1,zipper,0,full,test,fabric_interior,test/fabric_interior/008.png,2.064597
patchcore_wr50_1,zipper,0,full,test,fabric_interior,test/fabric_interior/009.png,2.027781
patchcore_wr50_1,zipper,0,full,test,fabric_interior,test/fabric_interior/010.png,1.786784
patchcore_wr50_1,zipper,0,full,test,fabric_interior,test/fabric_interior/011.png,1.892815
patchcore_wr50_1,zipper,0,full,test,fabric_interior,test/fabric_interior/012.png,1.846660
patchcore_wr50_1,zipper,0,full,test,fabric_interior,test/fabric_interior/013.png,2.251531
patchcore_wr50_1,zipper,0,full,test,fabric_interior,test/fabric_interior/014.png,2.313836
patchcore_wr50_1,zipper,0,full,test,fabric_interior,test/fabric_interior/015.png,1.898538
patchcore_wr50_1,zipper,0,full,test,good,test/good/000.png,1.350618
patchcore_wr50_1,zipper,0,full,test,good,test/good/001.png,1.335569
patchcore_wr50_1,zipper,0,full,test,good,test/good/002.png,1.500853
patchcore_wr50_1,zipper,0,full,test,good,test/good/003.png,1.538952
patchcore_wr50_1,zipper,0,full,test,good,test/good/004.png,1.349126
patchcore_wr50_1,zipper,0,full,test,good,test/good/005.png,1.406257
patchcore_wr50_1,zipper,0,full,test,good,test/good/006.png,1.286849
patchcore_wr50_1,zipper,0,full,test,good,test/good/007.png,1.352121
patchcore_wr50_1,zipper,0,full,test,good,test/good/008.png,1.360896
patchcore_wr50_1,zipper,0,full,test,good,test/good/009.png,1.267607
patchcore_wr50_1,zipper,0,full,test,good,test/good/010.png,1.331486
patchcore_wr50_1,zipper,0,full,test,good,test/good/011.png,1.292657
patchcore_wr50_1,zipper,0,full,test,good,test/good/012.png,1.325438
patchcore_wr50_1,zipper,0,full,test,good,test/good/013.png,1.292286
patchcore_wr50_1,zipper,0,full,test,good,test/good/014.png,1.261321
patchcore_wr50_1,zipper,0,full,test,good,test/good/015.png,1.309064
patchcore_wr50_1,zipper,0,full,test,good,test/good/016.png,1.334014
patchcore_wr50_1,zipper,0,full,test,good,test/good/017.png,1.271196
patchcore_wr50_1,zipper,0,full,test,good,test/good/018.png,1.344084
patchcore_wr50_1,zipper,0,full,test,good,test/good/019.png,1.441304
patchcore_wr50_1,zipper,0,full,test,good,test/good/020.png,1.263800
patchcore_wr50_1,zipper,0,full,test,good,test/good/021.png,1.443765
patchcore_wr50_1,zipper,0,full,test,good,test/good/022.png,1.773028
patchcore_wr50_1,zipper,0,full,test,good,test/good/023.png,1.374381
patchcore_wr50_1,zipper,0,full,test,good,test/good/024.png,1.353795
patchcore_wr50_1,zipper,0,full,test,good,test/good/025.png,1.448343
patchcore_wr50_1,zipper,0,full,test,good,test/good/026.png,1.490631
patchcore_wr50_1,zipper,0,full,test,good,test/good/027.png,1.489037
patchcore_wr50_1,zipper,0,full,test,good,test/good/028.png,1.454950
patchcore_wr50_1,zipper,0,full,test,good,test/good/029.png,1.385752
patchcore_wr50_1,zipper,0,full,test,good,test/good/030.png,1.303143
patchcore_wr50_1,zipper,0,full,test,good,test/good/031.png,1.297773
patchcore_wr50_1,zipper,0,full,test,rough,test/rough/000.png,2.166113
patchcore_wr50_1,zipper,0,full,test,rough,test/rough/001.png,2.197349
patchcore_wr50_1,zipper,0,full,test,rough,test/rough/002.png,2.103726
patchcore_wr50_1,zipper,0,full,test,rough,test/rough/003.png,2.411669
patchcore_wr50_1,zipper,0,full,test,rough,test/rough/004.png,2.416145
patchcore_wr50_1,zipper,0,full,test,rough,test/rough/005.png,1.951205
patchcore_wr50_1,zipper,0,full,test,rough,test/rough/006.png,2.193230
patchcore_wr50_1,zipper,0,full,test,rough,test/rough/007.png,2.006753
patchcore_wr50_1,zipper,0,full,test,rough,test/rough/008.png,1.861128
patchcore_wr50_1,zipper,0,full,test,rough,test/rough/009.png,2.128225
patchcore_wr50_1,zipper,0,full,test,rough,test/rough/010.png,2.178361
patchcore_wr50_1,zipper,0,full,test,rough,test/rough/011.png,2.371826
patchcore_wr50_1,zipper,0,full,test,rough,test/rough/012.png,2.025262
patchcore_wr50_1,zipper,0,full,test,rough,test/rough/013.png,2.121363
patchcore_wr50_1,zipper,0,full,test,rough,test/rough/014.png,2.125254
patchcore_wr50_1,zipper,0,full,test,rough,test/rough/015.png,2.452610
patchcore_wr50_1,zipper,0,full,test,rough,test/rough/016.png,2.066843
patchcore_wr50_1,zipper,0,full,test,split_teeth,test/split_teeth/000.png,1.877596
patchcore_wr50_1,zipper,0,full,test,split_teeth,test/split_teeth/001.png,2.168300
patchcore_wr50_1,zipper,0,full,test,split_teeth,test/split_teeth/002.png,2.237533
patchcore_wr50_1,zipper,0,full,test,split_teeth,test/split_teeth/003.png,2.295877
patchcore_wr50_1,zipper,0,full,test,split_teeth,test/split_teeth/004.png,2.901854
patchcore_wr50_1,zipper,0,full,test,split_teeth,test/split_teeth/005.png,2.246484
patchcore_wr50_1,zipper,0,full,test,split_teeth,test/split_teeth/006.png,2.141440
patchcore_wr50_1,zipper,0,full,test,split_teeth,test/split_teeth/007.png,2.169500
patchcore_wr50_1,zipper,0,full,test,split_teeth,test/split_teeth/008.png,1.953983
patchcore_wr50_1,zipper,0,full,test,split_teeth,test/split_teeth/009.png,2.216749
patchcore_wr50_1,zipper,0,full,test,split_teeth,test/split_teeth/010.png,2.340790
patchcore_wr50_1,zipper,0,full,test,split_teeth,test/split_teeth/011.png,2.306062
patchcore_wr50_1,zipper,0,full,test,split_teeth,test/split_teeth/012.png,2.488775
patchcore_wr50_1,zipper,0,full,test,split_teeth,test/split_teeth/013.png,2.408451
patchcore_wr50_1,zipper,0,full,test,split_teeth,test/split_teeth/014.png,2.351091
patchcore_wr50_1,zipper,0,full,test,split_teeth,test/split_teeth/015.png,2.773333
patchcore_wr50_1,zipper,0,full,test,split_teeth,test/split_teeth/016.png,2.503457
patchcore_wr50_1,zipper,0,full,test,split_teeth,test/split_teeth/017.png,2.836585
patchcore_wr50_1,zipper,0,full,test,squeezed_teeth,test/squeezed_teeth/000.png,2.053146
patchcore_wr50_1,zipper,0,full,test,squeezed_teeth,test/squeezed_teeth/001.png,2.186434
patchcore_wr50_1,zipper,0,full,test,squeezed_teeth,test/squeezed_teeth/002.png,2.418973
patchcore_wr50_1,zipper,0,full,test,squeezed_teeth,test/squeezed_teeth/003.png,2.366331
patchcore_wr50_1,zipper,0,full,test,squeezed_teeth,test/squeezed_teeth/004.png,1.757954
patchcore_wr50_1,zipper,0,full,test,squeezed_teeth,test/squeezed_teeth/005.png,1.818600
patchcore_wr50_1,zipper,0,full,test,squeezed_teeth,test/squeezed_teeth/006.png,2.026225
patchcore_wr50_1,zipper,0,full,test,squeezed_teeth,test/squeezed_teeth/007.png,1.835255
patchcore_wr50_1,zipper,0,full,test,squeezed_teeth,test/squeezed_teeth/008.png,1.641365
patchcore_wr50_1,zipper,0,full,test,squeezed_teeth,test/squeezed_teeth/009.png,1.797876
patchcore_wr50_1,zipper,0,full,test,squeezed_teeth,test/squeezed_teeth/010.png,2.245825
patchcore_wr50_1,zipper,0,full,test,squeezed_teeth,test/squeezed_teeth/011.png,2.045051
patchcore_wr50_1,zipper,0,full,test,squeezed_teeth,test/squeezed_teeth/012.png,1.689024
patchcore_wr50_1,zipper,0,full,test,squeezed_teeth,test/squeezed_teeth/013.png,2.098172
patchcore_wr50_1,zipper,0,full,test,squeezed_teeth,test/squeezed_teeth/014.png,2.417984
patchcore_wr50_1,zipper,0,full,test,squeezed_teeth,test/squeezed_teeth/015.png,2.499091
patchcore_wr50_1,zipper,0,gate,calibration,good,train/good/000.png,1.227556
patchcore_wr50_1,zipper,0,gate,calibration,good,train/good/005.png,1.362583
patchcore_wr50_1,zipper,0,gate,calibration,good,train/good/006.png,1.421797
patchcore_wr50_1,zipper,0,gate,calibration,good,train/good/013.png,1.347008
patchcore_wr50_1,zipper,0,gate,calibration,good,train/good/017.png,1.247046
patchcore_wr50_1,zipper,0,gate,calibration,good,train/good/025.png,1.263116
patchcore_wr50_1,zipper,0,gate,calibration,good,train/good/036.png,1.433014
patchcore_wr50_1,zipper,0,gate,calibration,good,train/good/039.png,1.306178
patchcore_wr50_1,zipper,0,gate,calibration,good,train/good/041.png,1.263222
patchcore_wr50_1,zipper,0,gate,calibration,good,train/good/054.png,1.250946
patchcore_wr50_1,zipper,0,gate,calibration,good,train/good/065.png,1.312058
patchcore_wr50_1,zipper,0,gate,calibration,good,train/good/068.png,1.272783
patchcore_wr50_1,zipper,0,gate,calibration,good,train/good/071.png,1.267127
patchcore_wr50_1,zipper,0,gate,calibration,good,train/good/072.png,1.305325
patchcore_wr50_1,zipper,0,gate,calibration,good,train/good/074.png,1.368925
patchcore_wr50_1,zipper,0,gate,calibration,good,train/good/084.png,1.329174
patchcore_wr50_1,zipper,0,gate,calibration,good,train/good/100.png,1.251141
patchcore_wr50_1,zipper,0,gate,calibration,good,train/good/103.png,1.245037
patchcore_wr50_1,zipper,0,gate,calibration,good,train/good/106.png,1.255758
patchcore_wr50_1,zipper,0,gate,calibration,good,train/good/116.png,1.322111
patchcore_wr50_1,zipper,0,gate,calibration,good,train/good/117.png,1.635499
patchcore_wr50_1,zipper,0,gate,calibration,good,train/good/118.png,1.357376
patchcore_wr50_1,zipper,0,gate,calibration,good,train/good/119.png,1.409822
patchcore_wr50_1,zipper,0,gate,calibration,good,train/good/126.png,1.311151
patchcore_wr50_1,zipper,0,gate,calibration,good,train/good/131.png,1.325399
patchcore_wr50_1,zipper,0,gate,calibration,good,train/good/138.png,1.316776
patchcore_wr50_1,zipper,0,gate,calibration,good,train/good/142.png,1.550531
patchcore_wr50_1,zipper,0,gate,calibration,good,train/good/147.png,1.283922
patchcore_wr50_1,zipper,0,gate,calibration,good,train/good/153.png,1.288676
patchcore_wr50_1,zipper,0,gate,calibration,good,train/good/154.png,1.348137
patchcore_wr50_1,zipper,0,gate,calibration,good,train/good/164.png,1.285557
patchcore_wr50_1,zipper,0,gate,calibration,good,train/good/193.png,1.350984
patchcore_wr50_1,zipper,0,gate,calibration,good,train/good/197.png,1.289418
patchcore_wr50_1,zipper,0,gate,calibration,good,train/good/199.png,1.277521
patchcore_wr50_1,zipper,0,gate,calibration,good,train/good/200.png,1.232397
patchcore_wr50_1,zipper,0,gate,calibration,good,train/good/201.png,1.247653
patchcore_wr50_1,zipper,0,gate,calibration,good,train/good/202.png,1.240556
patchcore_wr50_1,zipper,0,gate,calibration,good,train/good/205.png,1.421545
patchcore_wr50_1,zipper,0,gate,calibration,good,train/good/214.png,1.318037
patchcore_wr50_1,zipper,0,gate,calibration,good,train/good/215.png,1.276965
patchcore_wr50_1,zipper,0,gate,calibration,good,train/good/216.png,1.292355
patchcore_wr50_1,zipper,0,gate,calibration,good,train/good/218.png,1.291596
patchcore_wr50_1,zipper,0,gate,calibration,good,train/good/225.png,1.412937
patchcore_wr50_1,zipper,0,gate,calibration,good,train/good/226.png,1.340477
patchcore_wr50_1,zipper,0,gate,calibration,good,train/good/230.png,1.379468
patchcore_wr50_1,zipper,0,gate,calibration,good,train/good/231.png,1.375508
patchcore_wr50_1,zipper,0,gate,calibration,good,train/good/236.png,1.298501
patchcore_wr50_1,zipper,0,gate,calibration,good,train/good/237.png,1.299289
patchcore_wr50_1,zipper,0,gate,test,broken_teeth,test/broken_teeth/000.png,1.925448
patchcore_wr50_1,zipper,0,gate,test,broken_teeth,test/broken_teeth/001.png,1.996445
patchcore_wr50_1,zipper,0,gate,test,broken_teeth,test/broken_teeth/002.png,1.734570
patchcore_wr50_1,zipper,0,gate,test,broken_teeth,test/broken_teeth/003.png,2.365732
patchcore_wr50_1,zipper,0,gate,test,broken_teeth,test/broken_teeth/004.png,1.979497
patchcore_wr50_1,zipper,0,gate,test,broken_teeth,test/broken_teeth/005.png,2.076050
patchcore_wr50_1,zipper,0,gate,test,broken_teeth,test/broken_teeth/006.png,2.218033
patchcore_wr50_1,zipper,0,gate,test,broken_teeth,test/broken_teeth/007.png,2.632558
patchcore_wr50_1,zipper,0,gate,test,broken_teeth,test/broken_teeth/008.png,2.120970
patchcore_wr50_1,zipper,0,gate,test,broken_teeth,test/broken_teeth/009.png,1.551459
patchcore_wr50_1,zipper,0,gate,test,broken_teeth,test/broken_teeth/010.png,2.439299
patchcore_wr50_1,zipper,0,gate,test,broken_teeth,test/broken_teeth/011.png,2.191482
patchcore_wr50_1,zipper,0,gate,test,broken_teeth,test/broken_teeth/012.png,1.838283
patchcore_wr50_1,zipper,0,gate,test,broken_teeth,test/broken_teeth/013.png,2.515532
patchcore_wr50_1,zipper,0,gate,test,broken_teeth,test/broken_teeth/014.png,2.072254
patchcore_wr50_1,zipper,0,gate,test,broken_teeth,test/broken_teeth/015.png,1.902611
patchcore_wr50_1,zipper,0,gate,test,broken_teeth,test/broken_teeth/016.png,1.536417
patchcore_wr50_1,zipper,0,gate,test,broken_teeth,test/broken_teeth/017.png,2.686305
patchcore_wr50_1,zipper,0,gate,test,broken_teeth,test/broken_teeth/018.png,2.686664
patchcore_wr50_1,zipper,0,gate,test,combined,test/combined/000.png,2.959254
patchcore_wr50_1,zipper,0,gate,test,combined,test/combined/001.png,2.120345
patchcore_wr50_1,zipper,0,gate,test,combined,test/combined/002.png,2.093309
patchcore_wr50_1,zipper,0,gate,test,combined,test/combined/003.png,2.289991
patchcore_wr50_1,zipper,0,gate,test,combined,test/combined/004.png,2.067077
patchcore_wr50_1,zipper,0,gate,test,combined,test/combined/005.png,2.536667
patchcore_wr50_1,zipper,0,gate,test,combined,test/combined/006.png,3.433995
patchcore_wr50_1,zipper,0,gate,test,combined,test/combined/007.png,2.143958
patchcore_wr50_1,zipper,0,gate,test,combined,test/combined/008.png,2.060505
patchcore_wr50_1,zipper,0,gate,test,combined,test/combined/009.png,2.184987
patchcore_wr50_1,zipper,0,gate,test,combined,test/combined/010.png,2.848481
patchcore_wr50_1,zipper,0,gate,test,combined,test/combined/011.png,2.676748
patchcore_wr50_1,zipper,0,gate,test,combined,test/combined/012.png,2.403526
patchcore_wr50_1,zipper,0,gate,test,combined,test/combined/013.png,2.794639
patchcore_wr50_1,zipper,0,gate,test,combined,test/combined/014.png,2.383766
patchcore_wr50_1,zipper,0,gate,test,combined,test/combined/015.png,2.782824
patchcore_wr50_1,zipper,0,gate,test,fabric_border,test/fabric_border/000.png,2.850571
patchcore_wr50_1,zipper,0,gate,test,fabric_border,test/fabric_border/001.png,3.269539
patchcore_wr50_1,zipper,0,gate,test,fabric_border,test/fabric_border/002.png,2.192928
patchcore_wr50_1,zipper,0,gate,test,fabric_border,test/fabric_border/003.png,2.726685
patchcore_wr50_1,zipper,0,gate,test,fabric_border,test/fabric_border/004.png,2.674382
patchcore_wr50_1,zipper,0,gate,test,fabric_border,test/fabric_border/005.png,3.269259
patchcore_wr50_1,zipper,0,gate,test,fabric_border,test/fabric_border/006.png,2.775338
patchcore_wr50_1,zipper,0,gate,test,fabric_border,test/fabric_border/007.png,2.554898
patchcore_wr50_1,zipper,0,gate,test,fabric_border,test/fabric_border/008.png,2.671445
patchcore_wr50_1,zipper,0,gate,test,fabric_border,test/fabric_border/009.png,2.916052
patchcore_wr50_1,zipper,0,gate,test,fabric_border,test/fabric_border/010.png,2.734407
patchcore_wr50_1,zipper,0,gate,test,fabric_border,test/fabric_border/011.png,2.672134
patchcore_wr50_1,zipper,0,gate,test,fabric_border,test/fabric_border/012.png,2.650109
patchcore_wr50_1,zipper,0,gate,test,fabric_border,test/fabric_border/013.png,2.793471
patchcore_wr50_1,zipper,0,gate,test,fabric_border,test/fabric_border/014.png,2.690315
patchcore_wr50_1,zipper,0,gate,test,fabric_border,test/fabric_border/015.png,2.719571
patchcore_wr50_1,zipper,0,gate,test,fabric_border,test/fabric_border/016.png,2.875486
patchcore_wr50_1,zipper,0,gate,test,fabric_interior,test/fabric_interior/000.png,2.061557
patchcore_wr50_1,zipper,0,gate,test,fabric_interior,test/fabric_interior/001.png,1.598431
patchcore_wr50_1,zipper,0,gate,test,fabric_interior,test/fabric_interior/002.png,1.874828
patchcore_wr50_1,zipper,0,gate,test,fabric_interior,test/fabric_interior/003.png,2.125888
patchcore_wr50_1,zipper,0,gate,test,fabric_interior,test/fabric_interior/004.png,2.133999
patchcore_wr50_1,zipper,0,gate,test,fabric_interior,test/fabric_interior/005.png,1.907386
patchcore_wr50_1,zipper,0,gate,test,fabric_interior,test/fabric_interior/006.png,2.334711
patchcore_wr50_1,zipper,0,gate,test,fabric_interior,test/fabric_interior/007.png,1.438593
patchcore_wr50_1,zipper,0,gate,test,fabric_interior,test/fabric_interior/008.png,2.233958
patchcore_wr50_1,zipper,0,gate,test,fabric_interior,test/fabric_interior/009.png,2.036440
patchcore_wr50_1,zipper,0,gate,test,fabric_interior,test/fabric_interior/010.png,1.781265
patchcore_wr50_1,zipper,0,gate,test,fabric_interior,test/fabric_interior/011.png,1.971220
patchcore_wr50_1,zipper,0,gate,test,fabric_interior,test/fabric_interior/012.png,1.846661
patchcore_wr50_1,zipper,0,gate,test,fabric_interior,test/fabric_interior/013.png,2.251530
patchcore_wr50_1,zipper,0,gate,test,fabric_interior,test/fabric_interior/014.png,2.112039
patchcore_wr50_1,zipper,0,gate,test,fabric_interior,test/fabric_interior/015.png,1.900606
patchcore_wr50_1,zipper,0,gate,test,good,test/good/000.png,1.347502
patchcore_wr50_1,zipper,0,gate,test,good,test/good/001.png,1.383720
patchcore_wr50_1,zipper,0,gate,test,good,test/good/002.png,1.528107
patchcore_wr50_1,zipper,0,gate,test,good,test/good/003.png,1.541975
patchcore_wr50_1,zipper,0,gate,test,good,test/good/004.png,1.378714
patchcore_wr50_1,zipper,0,gate,test,good,test/good/005.png,1.317773
patchcore_wr50_1,zipper,0,gate,test,good,test/good/006.png,1.277037
patchcore_wr50_1,zipper,0,gate,test,good,test/good/007.png,1.380070
patchcore_wr50_1,zipper,0,gate,test,good,test/good/008.png,1.402344
patchcore_wr50_1,zipper,0,gate,test,good,test/good/009.png,1.342651
patchcore_wr50_1,zipper,0,gate,test,good,test/good/010.png,1.355154
patchcore_wr50_1,zipper,0,gate,test,good,test/good/011.png,1.392086
patchcore_wr50_1,zipper,0,gate,test,good,test/good/012.png,1.347663
patchcore_wr50_1,zipper,0,gate,test,good,test/good/013.png,1.287295
patchcore_wr50_1,zipper,0,gate,test,good,test/good/014.png,1.268861
patchcore_wr50_1,zipper,0,gate,test,good,test/good/015.png,1.351433
patchcore_wr50_1,zipper,0,gate,test,good,test/good/016.png,1.337876
patchcore_wr50_1,zipper,0,gate,test,good,test/good/017.png,1.419882
patchcore_wr50_1,zipper,0,gate,test,good,test/good/018.png,1.335306
patchcore_wr50_1,zipper,0,gate,test,good,test/good/019.png,1.396565
patchcore_wr50_1,zipper,0,gate,test,good,test/good/020.png,1.313273
patchcore_wr50_1,zipper,0,gate,test,good,test/good/021.png,1.474360
patchcore_wr50_1,zipper,0,gate,test,good,test/good/022.png,1.880387
patchcore_wr50_1,zipper,0,gate,test,good,test/good/023.png,1.337604
patchcore_wr50_1,zipper,0,gate,test,good,test/good/024.png,1.309606
patchcore_wr50_1,zipper,0,gate,test,good,test/good/025.png,1.424775
patchcore_wr50_1,zipper,0,gate,test,good,test/good/026.png,1.411115
patchcore_wr50_1,zipper,0,gate,test,good,test/good/027.png,1.525033
patchcore_wr50_1,zipper,0,gate,test,good,test/good/028.png,1.379155
patchcore_wr50_1,zipper,0,gate,test,good,test/good/029.png,1.502718
patchcore_wr50_1,zipper,0,gate,test,good,test/good/030.png,1.311837
patchcore_wr50_1,zipper,0,gate,test,good,test/good/031.png,1.307233
patchcore_wr50_1,zipper,0,gate,test,rough,test/rough/000.png,2.237465
patchcore_wr50_1,zipper,0,gate,test,rough,test/rough/001.png,2.120670
patchcore_wr50_1,zipper,0,gate,test,rough,test/rough/002.png,2.104614
patchcore_wr50_1,zipper,0,gate,test,rough,test/rough/003.png,2.427635
patchcore_wr50_1,zipper,0,gate,test,rough,test/rough/004.png,2.423694
patchcore_wr50_1,zipper,0,gate,test,rough,test/rough/005.png,1.903864
patchcore_wr50_1,zipper,0,gate,test,rough,test/rough/006.png,2.185739
patchcore_wr50_1,zipper,0,gate,test,rough,test/rough/007.png,1.957743
patchcore_wr50_1,zipper,0,gate,test,rough,test/rough/008.png,1.907805
patchcore_wr50_1,zipper,0,gate,test,rough,test/rough/009.png,2.128234
patchcore_wr50_1,zipper,0,gate,test,rough,test/rough/010.png,2.209527
patchcore_wr50_1,zipper,0,gate,test,rough,test/rough/011.png,2.344470
patchcore_wr50_1,zipper,0,gate,test,rough,test/rough/012.png,1.979176
patchcore_wr50_1,zipper,0,gate,test,rough,test/rough/013.png,2.206051
patchcore_wr50_1,zipper,0,gate,test,rough,test/rough/014.png,2.125251
patchcore_wr50_1,zipper,0,gate,test,rough,test/rough/015.png,2.501076
patchcore_wr50_1,zipper,0,gate,test,rough,test/rough/016.png,2.130626
patchcore_wr50_1,zipper,0,gate,test,split_teeth,test/split_teeth/000.png,1.893302
patchcore_wr50_1,zipper,0,gate,test,split_teeth,test/split_teeth/001.png,2.197202
patchcore_wr50_1,zipper,0,gate,test,split_teeth,test/split_teeth/002.png,2.237530
patchcore_wr50_1,zipper,0,gate,test,split_teeth,test/split_teeth/003.png,2.308603
patchcore_wr50_1,zipper,0,gate,test,split_teeth,test/split_teeth/004.png,2.924444
patchcore_wr50_1,zipper,0,gate,test,split_teeth,test/split_teeth/005.png,2.258530
patchcore_wr50_1,zipper,0,gate,test,split_teeth,test/split_teeth/006.png,2.188362
patchcore_wr50_1,zipper,0,gate,test,split_teeth,test/split_teeth/007.png,2.170183
patchcore_wr50_1,zipper,0,gate,test,split_teeth,test/split_teeth/008.png,1.965173
patchcore_wr50_1,zipper,0,gate,test,split_teeth,test/split_teeth/009.png,2.192010
patchcore_wr50_1,zipper,0,gate,test,split_teeth,test/split_teeth/010.png,2.412494
patchcore_wr50_1,zipper,0,gate,test,split_teeth,test/split_teeth/011.png,2.251936
patchcore_wr50_1,zipper,0,gate,test,split_teeth,test/split_teeth/012.png,2.516965
patchcore_wr50_1,zipper,0,gate,test,split_teeth,test/split_teeth/013.png,2.402162
patchcore_wr50_1,zipper,0,gate,test,split_teeth,test/split_teeth/014.png,2.325043
patchcore_wr50_1,zipper,0,gate,test,split_teeth,test/split_teeth/015.png,2.797202
patchcore_wr50_1,zipper,0,gate,test,split_teeth,test/split_teeth/016.png,2.478355
patchcore_wr50_1,zipper,0,gate,test,split_teeth,test/split_teeth/017.png,2.842685
patchcore_wr50_1,zipper,0,gate,test,squeezed_teeth,test/squeezed_teeth/000.png,2.116825
patchcore_wr50_1,zipper,0,gate,test,squeezed_teeth,test/squeezed_teeth/001.png,2.227991
patchcore_wr50_1,zipper,0,gate,test,squeezed_teeth,test/squeezed_teeth/002.png,2.447794
patchcore_wr50_1,zipper,0,gate,test,squeezed_teeth,test/squeezed_teeth/003.png,2.442502
patchcore_wr50_1,zipper,0,gate,test,squeezed_teeth,test/squeezed_teeth/004.png,1.767879
patchcore_wr50_1,zipper,0,gate,test,squeezed_teeth,test/squeezed_teeth/005.png,1.947370
patchcore_wr50_1,zipper,0,gate,test,squeezed_teeth,test/squeezed_teeth/006.png,2.052906
patchcore_wr50_1,zipper,0,gate,test,squeezed_teeth,test/squeezed_teeth/007.png,1.920769
patchcore_wr50_1,zipper,0,gate,test,squeezed_teeth,test/squeezed_teeth/008.png,1.655987
patchcore_wr50_1,zipper,0,gate,test,squeezed_teeth,test/squeezed_teeth/009.png,1.829136
patchcore_wr50_1,zipper,0,gate,test,squeezed_teeth,test/squeezed_teeth/010.png,2.217621
patchcore_wr50_1,zipper,0,gate,test,squeezed_teeth,test/squeezed_teeth/011.png,2.255084
patchcore_wr50_1,zipper,0,gate,test,squeezed_teeth,test/squeezed_teeth/012.png,1.748110
patchcore_wr50_1,zipper,0,gate,test,squeezed_teeth,test/squeezed_teeth/013.png,2.128216
patchcore_wr50_1,zipper,0,gate,test,squeezed_teeth,test/squeezed_teeth/014.png,2.461861
patchcore_wr50_1,zipper,0,gate,test,squeezed_teeth,test/squeezed_teeth/015.png,2.457053
patchcore_wr50_1,zipper,1,full,test,broken_teeth,test/broken_teeth/000.png,1.932219
patchcore_wr50_1,zipper,1,full,test,broken_teeth,test/broken_teeth/001.png,2.113948
patchcore_wr50_1,zipper,1,full,test,broken_teeth,test/broken_teeth/002.png,1.735530
patchcore_wr50_1,zipper,1,full,test,broken_teeth,test/broken_teeth/003.png,2.236221
patchcore_wr50_1,zipper,1,full,test,broken_teeth,test/broken_teeth/004.png,2.000299
patchcore_wr50_1,zipper,1,full,test,broken_teeth,test/broken_teeth/005.png,2.010085
patchcore_wr50_1,zipper,1,full,test,broken_teeth,test/broken_teeth/006.png,2.217178
patchcore_wr50_1,zipper,1,full,test,broken_teeth,test/broken_teeth/007.png,2.607877
patchcore_wr50_1,zipper,1,full,test,broken_teeth,test/broken_teeth/008.png,2.122706
patchcore_wr50_1,zipper,1,full,test,broken_teeth,test/broken_teeth/009.png,1.695263
patchcore_wr50_1,zipper,1,full,test,broken_teeth,test/broken_teeth/010.png,2.395653
patchcore_wr50_1,zipper,1,full,test,broken_teeth,test/broken_teeth/011.png,2.215417
patchcore_wr50_1,zipper,1,full,test,broken_teeth,test/broken_teeth/012.png,1.866875
patchcore_wr50_1,zipper,1,full,test,broken_teeth,test/broken_teeth/013.png,2.522670
patchcore_wr50_1,zipper,1,full,test,broken_teeth,test/broken_teeth/014.png,2.087442
patchcore_wr50_1,zipper,1,full,test,broken_teeth,test/broken_teeth/015.png,1.853015
patchcore_wr50_1,zipper,1,full,test,broken_teeth,test/broken_teeth/016.png,1.608507
patchcore_wr50_1,zipper,1,full,test,broken_teeth,test/broken_teeth/017.png,2.691665
patchcore_wr50_1,zipper,1,full,test,broken_teeth,test/broken_teeth/018.png,2.528861
patchcore_wr50_1,zipper,1,full,test,combined,test/combined/000.png,2.931346
patchcore_wr50_1,zipper,1,full,test,combined,test/combined/001.png,2.111329
patchcore_wr50_1,zipper,1,full,test,combined,test/combined/002.png,2.055354
patchcore_wr50_1,zipper,1,full,test,combined,test/combined/003.png,2.336963
patchcore_wr50_1,zipper,1,full,test,combined,test/combined/004.png,1.977142
patchcore_wr50_1,zipper,1,full,test,combined,test/combined/005.png,2.488948
patchcore_wr50_1,zipper,1,full,test,combined,test/combined/006.png,3.419070
patchcore_wr50_1,zipper,1,full,test,combined,test/combined/007.png,2.122278
patchcore_wr50_1,zipper,1,full,test,combined,test/combined/008.png,2.033520
patchcore_wr50_1,zipper,1,full,test,combined,test/combined/009.png,2.164804
patchcore_wr50_1,zipper,1,full,test,combined,test/combined/010.png,2.752646
patchcore_wr50_1,zipper,1,full,test,combined,test/combined/011.png,2.623030
patchcore_wr50_1,zipper,1,full,test,combined,test/combined/012.png,2.413937
patchcore_wr50_1,zipper,1,full,test,combined,test/combined/013.png,2.815190
patchcore_wr50_1,zipper,1,full,test,combined,test/combined/014.png,2.366443
patchcore_wr50_1,zipper,1,full,test,combined,test/combined/015.png,2.705816
patchcore_wr50_1,zipper,1,full,test,fabric_border,test/fabric_border/000.png,2.850568
patchcore_wr50_1,zipper,1,full,test,fabric_border,test/fabric_border/001.png,3.275423
patchcore_wr50_1,zipper,1,full,test,fabric_border,test/fabric_border/002.png,2.175134
patchcore_wr50_1,zipper,1,full,test,fabric_border,test/fabric_border/003.png,2.764769
patchcore_wr50_1,zipper,1,full,test,fabric_border,test/fabric_border/004.png,2.708442
patchcore_wr50_1,zipper,1,full,test,fabric_border,test/fabric_border/005.png,3.298809
patchcore_wr50_1,zipper,1,full,test,fabric_border,test/fabric_border/006.png,2.646904
patchcore_wr50_1,zipper,1,full,test,fabric_border,test/fabric_border/007.png,2.634408
patchcore_wr50_1,zipper,1,full,test,fabric_border,test/fabric_border/008.png,2.712813
patchcore_wr50_1,zipper,1,full,test,fabric_border,test/fabric_border/009.png,2.952933
patchcore_wr50_1,zipper,1,full,test,fabric_border,test/fabric_border/010.png,2.732863
patchcore_wr50_1,zipper,1,full,test,fabric_border,test/fabric_border/011.png,2.673379
patchcore_wr50_1,zipper,1,full,test,fabric_border,test/fabric_border/012.png,2.659976
patchcore_wr50_1,zipper,1,full,test,fabric_border,test/fabric_border/013.png,2.764988
patchcore_wr50_1,zipper,1,full,test,fabric_border,test/fabric_border/014.png,2.757607
patchcore_wr50_1,zipper,1,full,test,fabric_border,test/fabric_border/015.png,2.691243
patchcore_wr50_1,zipper,1,full,test,fabric_border,test/fabric_border/016.png,2.900712
patchcore_wr50_1,zipper,1,full,test,fabric_interior,test/fabric_interior/000.png,2.110820
patchcore_wr50_1,zipper,1,full,test,fabric_interior,test/fabric_interior/001.png,1.614292
patchcore_wr50_1,zipper,1,full,test,fabric_interior,test/fabric_interior/002.png,2.088447
patchcore_wr50_1,zipper,1,full,test,fabric_interior,test/fabric_interior/003.png,2.096221
patchcore_wr50_1,zipper,1,full,test,fabric_interior,test/fabric_interior/004.png,2.148118
patchcore_wr50_1,zipper,1,full,test,fabric_interior,test/fabric_interior/005.png,1.694029
patchcore_wr50_1,zipper,1,full,test,fabric_interior,test/fabric_interior/006.png,2.314016
patchcore_wr50_1,zipper,1,full,test,fabric_interior,test/fabric_interior/007.png,1.459738
patchcore_wr50_1,zipper,1,full,test,fabric_interior,test/fabric_interior/008.png,2.177047
patchcore_wr50_1,zipper,1,full,test,fabric_interior,test/fabric_interior/009.png,2.009998
patchcore_wr50_1,zipper,1,full,test,fabric_interior,test/fabric_interior/010.png,1.743655
patchcore_wr50_1,zipper,1,full,test,fabric_interior,test/fabric_interior/011.png,1.906386
patchcore_wr50_1,zipper,1,full,test,fabric_interior,test/fabric_interior/012.png,1.837759
patchcore_wr50_1,zipper,1,full,test,fabric_interior,test/fabric_interior/013.png,2.208866
patchcore_wr50_1,zipper,1,full,test,fabric_interior,test/fabric_interior/014.png,2.154393
patchcore_wr50_1,zipper,1,full,test,fabric_interior,test/fabric_interior/015.png,1.893082
patchcore_wr50_1,zipper,1,full,test,good,test/good/000.png,1.309194
patchcore_wr50_1,zipper,1,full,test,good,test/good/001.png,1.287352
patchcore_wr50_1,zipper,1,full,test,good,test/good/002.png,1.493480
patchcore_wr50_1,zipper,1,full,test,good,test/good/003.png,1.566406
patchcore_wr50_1,zipper,1,full,test,good,test/good/004.png,1.390978
patchcore_wr50_1,zipper,1,full,test,good,test/good/005.png,1.350761
patchcore_wr50_1,zipper,1,full,test,good,test/good/006.png,1.288638
patchcore_wr50_1,zipper,1,full,test,good,test/good/007.png,1.352513
patchcore_wr50_1,zipper,1,full,test,good,test/good/008.png,1.346900
patchcore_wr50_1,zipper,1,full,test,good,test/good/009.png,1.363256
patchcore_wr50_1,zipper,1,full,test,good,test/good/010.png,1.297332
patchcore_wr50_1,zipper,1,full,test,good,test/good/011.png,1.315001
patchcore_wr50_1,zipper,1,full,test,good,test/good/012.png,1.353197
patchcore_wr50_1,zipper,1,full,test,good,test/good/013.png,1.273740
patchcore_wr50_1,zipper,1,full,test,good,test/good/014.png,1.261983
patchcore_wr50_1,zipper,1,full,test,good,test/good/015.png,1.364736
patchcore_wr50_1,zipper,1,full,test,good,test/good/016.png,1.399290
patchcore_wr50_1,zipper,1,full,test,good,test/good/017.png,1.370537
patchcore_wr50_1,zipper,1,full,test,good,test/good/018.png,1.334955
patchcore_wr50_1,zipper,1,full,test,good,test/good/019.png,1.403604
patchcore_wr50_1,zipper,1,full,test,good,test/good/020.png,1.300778
patchcore_wr50_1,zipper,1,full,test,good,test/good/021.png,1.456473
patchcore_wr50_1,zipper,1,full,test,good,test/good/022.png,1.806704
patchcore_wr50_1,zipper,1,full,test,good,test/good/023.png,1.320231
patchcore_wr50_1,zipper,1,full,test,good,test/good/024.png,1.328936
patchcore_wr50_1,zipper,1,full,test,good,test/good/025.png,1.425662
patchcore_wr50_1,zipper,1,full,test,good,test/good/026.png,1.411612
patchcore_wr50_1,zipper,1,full,test,good,test/good/027.png,1.510334
patchcore_wr50_1,zipper,1,full,test,good,test/good/028.png,1.353611
patchcore_wr50_1,zipper,1,full,test,good,test/good/029.png,1.395462
patchcore_wr50_1,zipper,1,full,test,good,test/good/030.png,1.259120
patchcore_wr50_1,zipper,1,full,test,good,test/good/031.png,1.280698
patchcore_wr50_1,zipper,1,full,test,rough,test/rough/000.png,2.197969
patchcore_wr50_1,zipper,1,full,test,rough,test/rough/001.png,2.180941
patchcore_wr50_1,zipper,1,full,test,rough,test/rough/002.png,2.116993
patchcore_wr50_1,zipper,1,full,test,rough,test/rough/003.png,2.411669
patchcore_wr50_1,zipper,1,full,test,rough,test/rough/004.png,2.434050
patchcore_wr50_1,zipper,1,full,test,rough,test/rough/005.png,2.005184
patchcore_wr50_1,zipper,1,full,test,rough,test/rough/006.png,2.167206
patchcore_wr50_1,zipper,1,full,test,rough,test/rough/007.png,2.003499
patchcore_wr50_1,zipper,1,full,test,rough,test/rough/008.png,1.912246
patchcore_wr50_1,zipper,1,full,test,rough,test/rough/009.png,2.193827
patchcore_wr50_1,zipper,1,full,test,rough,test/rough/010.png,2.188651
patchcore_wr50_1,zipper,1,full,test,rough,test/rough/011.png,2.386306
patchcore_wr50_1,zipper,1,full,test,rough,test/rough/012.png,2.084790
patchcore_wr50_1,zipper,1,full,test,rough,test/rough/013.png,2.165276
patchcore_wr50_1,zipper,1,full,test,rough,test/rough/014.png,2.093192
patchcore_wr50_1,zipper,1,full,test,rough,test/rough/015.png,2.513798
patchcore_wr50_1,zipper,1,full,test,rough,test/rough/016.png,2.096972
patchcore_wr50_1,zipper,1,full,test,split_teeth,test/split_teeth/000.png,1.877795
patchcore_wr50_1,zipper,1,full,test,split_teeth,test/split_teeth/001.png,2.202936
patchcore_wr50_1,zipper,1,full,test,split_teeth,test/split_teeth/002.png,2.246433
patchcore_wr50_1,zipper,1,full,test,split_teeth,test/split_teeth/003.png,2.363724
patchcore_wr50_1,zipper,1,full,test,split_teeth,test/split_teeth/004.png,2.930876
patchcore_wr50_1,zipper,1,full,test,split_teeth,test/split_teeth/005.png,2.239233
patchcore_wr50_1,zipper,1,full,test,split_teeth,test/split_teeth/006.png,2.089457
patchcore_wr50_1,zipper,1,full,test,split_teeth,test/split_teeth/007.png,2.186613
patchcore_wr50_1,zipper,1,full,test,split_teeth,test/split_teeth/008.png,1.904716
patchcore_wr50_1,zipper,1,full,test,split_teeth,test/split_teeth/009.png,2.198507
patchcore_wr50_1,zipper,1,full,test,split_teeth,test/split_teeth/010.png,2.379559
patchcore_wr50_1,zipper,1,full,test,split_teeth,test/split_teeth/011.png,2.296625
patchcore_wr50_1,zipper,1,full,test,split_teeth,test/split_teeth/012.png,2.547036
patchcore_wr50_1,zipper,1,full,test,split_teeth,test/split_teeth/013.png,2.390828
patchcore_wr50_1,zipper,1,full,test,split_teeth,test/split_teeth/014.png,2.345582
patchcore_wr50_1,zipper,1,full,test,split_teeth,test/split_teeth/015.png,2.779752
patchcore_wr50_1,zipper,1,full,test,split_teeth,test/split_teeth/016.png,2.502851
patchcore_wr50_1,zipper,1,full,test,split_teeth,test/split_teeth/017.png,2.858905
patchcore_wr50_1,zipper,1,full,test,squeezed_teeth,test/squeezed_teeth/000.png,2.083348
patchcore_wr50_1,zipper,1,full,test,squeezed_teeth,test/squeezed_teeth/001.png,2.227984
patchcore_wr50_1,zipper,1,full,test,squeezed_teeth,test/squeezed_teeth/002.png,2.431264
patchcore_wr50_1,zipper,1,full,test,squeezed_teeth,test/squeezed_teeth/003.png,2.399780
patchcore_wr50_1,zipper,1,full,test,squeezed_teeth,test/squeezed_teeth/004.png,1.702910
patchcore_wr50_1,zipper,1,full,test,squeezed_teeth,test/squeezed_teeth/005.png,1.901190
patchcore_wr50_1,zipper,1,full,test,squeezed_teeth,test/squeezed_teeth/006.png,2.096751
patchcore_wr50_1,zipper,1,full,test,squeezed_teeth,test/squeezed_teeth/007.png,1.877593
patchcore_wr50_1,zipper,1,full,test,squeezed_teeth,test/squeezed_teeth/008.png,1.667008
patchcore_wr50_1,zipper,1,full,test,squeezed_teeth,test/squeezed_teeth/009.png,1.825503
patchcore_wr50_1,zipper,1,full,test,squeezed_teeth,test/squeezed_teeth/010.png,2.221537
patchcore_wr50_1,zipper,1,full,test,squeezed_teeth,test/squeezed_teeth/011.png,2.086717
patchcore_wr50_1,zipper,1,full,test,squeezed_teeth,test/squeezed_teeth/012.png,1.750969
patchcore_wr50_1,zipper,1,full,test,squeezed_teeth,test/squeezed_teeth/013.png,2.108375
patchcore_wr50_1,zipper,1,full,test,squeezed_teeth,test/squeezed_teeth/014.png,2.447575
patchcore_wr50_1,zipper,1,full,test,squeezed_teeth,test/squeezed_teeth/015.png,2.485122
patchcore_wr50_1,zipper,1,gate,calibration,good,train/good/001.png,1.472099
patchcore_wr50_1,zipper,1,gate,calibration,good,train/good/005.png,1.319590
patchcore_wr50_1,zipper,1,gate,calibration,good,train/good/007.png,1.344447
patchcore_wr50_1,zipper,1,gate,calibration,good,train/good/008.png,1.267009
patchcore_wr50_1,zipper,1,gate,calibration,good,train/good/013.png,1.273592
patchcore_wr50_1,zipper,1,gate,calibration,good,train/good/014.png,1.321205
patchcore_wr50_1,zipper,1,gate,calibration,good,train/good/019.png,1.402138
patchcore_wr50_1,zipper,1,gate,calibration,good,train/good/020.png,1.241708
patchcore_wr50_1,zipper,1,gate,calibration,good,train/good/021.png,1.258064
patchcore_wr50_1,zipper,1,gate,calibration,good,train/good/022.png,1.252478
patchcore_wr50_1,zipper,1,gate,calibration,good,train/good/023.png,1.235110
patchcore_wr50_1,zipper,1,gate,calibration,good,train/good/024.png,1.349205
patchcore_wr50_1,zipper,1,gate,calibration,good,train/good/029.png,1.273017
patchcore_wr50_1,zipper,1,gate,calibration,good,train/good/031.png,1.275627
patchcore_wr50_1,zipper,1,gate,calibration,good,train/good/043.png,1.291290
patchcore_wr50_1,zipper,1,gate,calibration,good,train/good/052.png,1.276716
patchcore_wr50_1,zipper,1,gate,calibration,good,train/good/059.png,1.314150
patchcore_wr50_1,zipper,1,gate,calibration,good,train/good/063.png,1.337399
patchcore_wr50_1,zipper,1,gate,calibration,good,train/good/070.png,1.342141
patchcore_wr50_1,zipper,1,gate,calibration,good,train/good/078.png,1.272212
patchcore_wr50_1,zipper,1,gate,calibration,good,train/good/086.png,1.287489
patchcore_wr50_1,zipper,1,gate,calibration,good,train/good/088.png,1.325489
patchcore_wr50_1,zipper,1,gate,calibration,good,train/good/099.png,1.270896
patchcore_wr50_1,zipper,1,gate,calibration,good,train/good/105.png,1.284074
patchcore_wr50_1,zipper,1,gate,calibration,good,train/good/108.png,1.404748
patchcore_wr50_1,zipper,1,gate,calibration,good,train/good/111.png,1.260350
patchcore_wr50_1,zipper,1,gate,calibration,good,train/good/113.png,1.308273
patchcore_wr50_1,zipper,1,gate,calibration,good,train/good/124.png,1.263725
patchcore_wr50_1,zipper,1,gate,calibration,good,train/good/125.png,1.364116
patchcore_wr50_1,zipper,1,gate,calibration,good,train/good/130.png,1.340278
patchcore_wr50_1,zipper,1,gate,calibration,good,train/good/134.png,1.441770
patchcore_wr50_1,zipper,1,gate,calibration,good,train/good/140.png,1.421923
patchcore_wr50_1,zipper,1,gate,calibration,good,train/good/143.png,1.441071
patchcore_wr50_1,zipper,1,gate,calibration,good,train/good/156.png,1.251817
patchcore_wr50_1,zipper,1,gate,calibration,good,train/good/157.png,1.259099
patchcore_wr50_1,zipper,1,gate,calibration,good,train/good/166.png,1.270215
patchcore_wr50_1,zipper,1,gate,calibration,good,train/good/171.png,1.319343
patchcore_wr50_1,zipper,1,gate,calibration,good,train/good/173.png,1.317763
patchcore_wr50_1,zipper,1,gate,calibration,good,train/good/177.png,1.436234
patchcore_wr50_1,zipper,1,gate,calibration,good,train/good/182.png,1.349181
patchcore_wr50_1,zipper,1,gate,calibration,good,train/good/190.png,1.328263
patchcore_wr50_1,zipper,1,gate,calibration,good,train/good/191.png,1.217138
patchcore_wr50_1,zipper,1,gate,calibration,good,train/good/204.png,1.339619
patchcore_wr50_1,zipper,1,gate,calibration,good,train/good/211.png,1.230955
patchcore_wr50_1,zipper,1,gate,calibration,good,train/good/213.png,1.375808
patchcore_wr50_1,zipper,1,gate,calibration,good,train/good/219.png,1.257875
patchcore_wr50_1,zipper,1,gate,calibration,good,train/good/222.png,1.343308
patchcore_wr50_1,zipper,1,gate,calibration,good,train/good/237.png,1.301571
patchcore_wr50_1,zipper,1,gate,test,broken_teeth,test/broken_teeth/000.png,1.871456
patchcore_wr50_1,zipper,1,gate,test,broken_teeth,test/broken_teeth/001.png,2.059428
patchcore_wr50_1,zipper,1,gate,test,broken_teeth,test/broken_teeth/002.png,1.790384
patchcore_wr50_1,zipper,1,gate,test,broken_teeth,test/broken_teeth/003.png,2.267328
patchcore_wr50_1,zipper,1,gate,test,broken_teeth,test/broken_teeth/004.png,1.999874
patchcore_wr50_1,zipper,1,gate,test,broken_teeth,test/broken_teeth/005.png,1.944728
patchcore_wr50_1,zipper,1,gate,test,broken_teeth,test/broken_teeth/006.png,2.219767
patchcore_wr50_1,zipper,1,gate,test,broken_teeth,test/broken_teeth/007.png,2.595457
patchcore_wr50_1,zipper,1,gate,test,broken_teeth,test/broken_teeth/008.png,2.103469
patchcore_wr50_1,zipper,1,gate,test,broken_teeth,test/broken_teeth/009.png,1.608134
patchcore_wr50_1,zipper,1,gate,test,broken_teeth,test/broken_teeth/010.png,2.351609
patchcore_wr50_1,zipper,1,gate,test,broken_teeth,test/broken_teeth/011.png,2.215500
patchcore_wr50_1,zipper,1,gate,test,broken_teeth,test/broken_teeth/012.png,1.779761
patchcore_wr50_1,zipper,1,gate,test,broken_teeth,test/broken_teeth/013.png,2.558522
patchcore_wr50_1,zipper,1,gate,test,broken_teeth,test/broken_teeth/014.png,1.995963
patchcore_wr50_1,zipper,1,gate,test,broken_teeth,test/broken_teeth/015.png,1.794480
patchcore_wr50_1,zipper,1,gate,test,broken_teeth,test/broken_teeth/016.png,1.631737
patchcore_wr50_1,zipper,1,gate,test,broken_teeth,test/broken_teeth/017.png,2.730252
patchcore_wr50_1,zipper,1,gate,test,broken_teeth,test/broken_teeth/018.png,2.552157
patchcore_wr50_1,zipper,1,gate,test,combined,test/combined/000.png,2.949898
patchcore_wr50_1,zipper,1,gate,test,combined,test/combined/001.png,2.018921
patchcore_wr50_1,zipper,1,gate,test,combined,test/combined/002.png,2.067390
patchcore_wr50_1,zipper,1,gate,test,combined,test/combined/003.png,2.357050
patchcore_wr50_1,zipper,1,gate,test,combined,test/combined/004.png,2.065165
patchcore_wr50_1,zipper,1,gate,test,combined,test/combined/005.png,2.514274
patchcore_wr50_1,zipper,1,gate,test,combined,test/combined/006.png,3.402279
patchcore_wr50_1,zipper,1,gate,test,combined,test/combined/007.png,2.056239
patchcore_wr50_1,zipper,1,gate,test,combined,test/combined/008.png,2.062619
patchcore_wr50_1,zipper,1,gate,test,combined,test/combined/009.png,2.133707
patchcore_wr50_1,zipper,1,gate,test,combined,test/combined/010.png,2.854390
patchcore_wr50_1,zipper,1,gate,test,combined,test/combined/011.png,2.712173
patchcore_wr50_1,zipper,1,gate,test,combined,test/combined/012.png,2.351649
patchcore_wr50_1,zipper,1,gate,test,combined,test/combined/013.png,2.819196
patchcore_wr50_1,zipper,1,gate,test,combined,test/combined/014.png,2.299961
patchcore_wr50_1,zipper,1,gate,test,combined,test/combined/015.png,2.705813
patchcore_wr50_1,zipper,1,gate,test,fabric_border,test/fabric_border/000.png,2.803758
patchcore_wr50_1,zipper,1,gate,test,fabric_border,test/fabric_border/001.png,3.343983
patchcore_wr50_1,zipper,1,gate,test,fabric_border,test/fabric_border/002.png,2.162690
patchcore_wr50_1,zipper,1,gate,test,fabric_border,test/fabric_border/003.png,2.764768
patchcore_wr50_1,zipper,1,gate,test,fabric_border,test/fabric_border/004.png,2.732640
patchcore_wr50_1,zipper,1,gate,test,fabric_border,test/fabric_border/005.png,3.273764
patchcore_wr50_1,zipper,1,gate,test,fabric_border,test/fabric_border/006.png,2.826704
patchcore_wr50_1,zipper,1,gate,test,fabric_border,test/fabric_border/007.png,2.641349
patchcore_wr50_1,zipper,1,gate,test,fabric_border,test/fabric_border/008.png,2.687112
patchcore_wr50_1,zipper,1,gate,test,fabric_border,test/fabric_border/009.png,2.908260
patchcore_wr50_1,zipper,1,gate,test,fabric_border,test/fabric_border/010.png,2.779886
patchcore_wr50_1,zipper,1,gate,test,fabric_border,test/fabric_border/011.png,2.627548
patchcore_wr50_1,zipper,1,gate,test,fabric_border,test/fabric_border/012.png,2.616999
patchcore_wr50_1,zipper,1,gate,test,fabric_border,test/fabric_border/013.png,2.774386
patchcore_wr50_1,zipper,1,gate,test,fabric_border,test/fabric_border/014.png,2.778116
patchcore_wr50_1,zipper,1,gate,test,fabric_border,test/fabric_border/015.png,2.808971
patchcore_wr50_1,zipper,1,gate,test,fabric_border,test/fabric_border/016.png,2.898443
patchcore_wr50_1,zipper,1,gate,test,fabric_interior,test/fabric_interior/000.png,2.177176
patchcore_wr50_1,zipper,1,gate,test,fabric_interior,test/fabric_interior/001.png,1.689690
patchcore_wr50_1,zipper,1,gate,test,fabric_interior,test/fabric_interior/002.png,2.034125
patchcore_wr50_1,zipper,1,gate,test,fabric_interior,test/fabric_interior/003.png,2.129881
patchcore_wr50_1,zipper,1,gate,test,fabric_interior,test/fabric_interior/004.png,2.154254
patchcore_wr50_1,zipper,1,gate,test,fabric_interior,test/fabric_interior/005.png,1.767053
patchcore_wr50_1,zipper,1,gate,test,fabric_interior,test/fabric_interior/006.png,2.310653
patchcore_wr50_1,zipper,1,gate,test,fabric_interior,test/fabric_interior/007.png,1.461958
patchcore_wr50_1,zipper,1,gate,test,fabric_interior,test/fabric_interior/008.png,2.151241
patchcore_wr50_1,zipper,1,gate,test,fabric_interior,test/fabric_interior/009.png,2.091883
patchcore_wr50_1,zipper,1,gate,test,fabric_interior,test/fabric_interior/010.png,1.793920
patchcore_wr50_1,zipper,1,gate,test,fabric_interior,test/fabric_interior/011.png,1.903949
patchcore_wr50_1,zipper,1,gate,test,fabric_interior,test/fabric_interior/012.png,1.909399
patchcore_wr50_1,zipper,1,gate,test,fabric_interior,test/fabric_interior/013.png,2.208867
patchcore_wr50_1,zipper,1,gate,test,fabric_interior,test/fabric_interior/014.png,2.165143
patchcore_wr50_1,zipper,1,gate,test,fabric_interior,test/fabric_interior/015.png,1.970811
patchcore_wr50_1,zipper,1,gate,test,good,test/good/000.png,1.315405
patchcore_wr50_1,zipper,1,gate,test,good,test/good/001.png,1.421899
patchcore_wr50_1,zipper,1,gate,test,good,test/good/002.png,1.538251
patchcore_wr50_1,zipper,1,gate,test,good,test/good/003.png,1.599804
patchcore_wr50_1,zipper,1,gate,test,good,test/good/004.png,1.318035
patchcore_wr50_1,zipper,1,gate,test,good,test/good/005.png,1.388070
patchcore_wr50_1,zipper,1,gate,test,good,test/good/006.png,1.287997
patchcore_wr50_1,zipper,1,gate,test,good,test/good/007.png,1.399528
patchcore_wr50_1,zipper,1,gate,test,good,test/good/008.png,1.334821
patchcore_wr50_1,zipper,1,gate,test,good,test/good/009.png,1.330148
patchcore_wr50_1,zipper,1,gate,test,good,test/good/010.png,1.356279
patchcore_wr50_1,zipper,1,gate,test,good,test/good/011.png,1.332705
patchcore_wr50_1,zipper,1,gate,test,good,test/good/012.png,1.384994
patchcore_wr50_1,zipper,1,gate,test,good,test/good/013.png,1.328720
patchcore_wr50_1,zipper,1,gate,test,good,test/good/014.png,1.283038
patchcore_wr50_1,zipper,1,gate,test,good,test/good/015.png,1.342809
patchcore_wr50_1,zipper,1,gate,test,good,test/good/016.png,1.311052
patchcore_wr50_1,zipper,1,gate,test,good,test/good/017.png,1.390087
patchcore_wr50_1,zipper,1,gate,test,good,test/good/018.png,1.334953
patchcore_wr50_1,zipper,1,gate,test,good,test/good/019.png,1.331532
patchcore_wr50_1,zipper,1,gate,test,good,test/good/020.png,1.411270
patchcore_wr50_1,zipper,1,gate,test,good,test/good/021.png,1.458855
patchcore_wr50_1,zipper,1,gate,test,good,test/good/022.png,1.832031
patchcore_wr50_1,zipper,1,gate,test,good,test/good/023.png,1.397835
patchcore_wr50_1,zipper,1,gate,test,good,test/good/024.png,1.364106
patchcore_wr50_1,zipper,1,gate,test,good,test/good/025.png,1.530484
patchcore_wr50_1,zipper,1,gate,test,good,test/good/026.png,1.499318
patchcore_wr50_1,zipper,1,gate,test,good,test/good/027.png,1.511100
patchcore_wr50_1,zipper,1,gate,test,good,test/good/028.png,1.342996
patchcore_wr50_1,zipper,1,gate,test,good,test/good/029.png,1.472016
patchcore_wr50_1,zipper,1,gate,test,good,test/good/030.png,1.288777
patchcore_wr50_1,zipper,1,gate,test,good,test/good/031.png,1.285695
patchcore_wr50_1,zipper,1,gate,test,rough,test/rough/000.png,2.209692
patchcore_wr50_1,zipper,1,gate,test,rough,test/rough/001.png,2.148315
patchcore_wr50_1,zipper,1,gate,test,rough,test/rough/002.png,2.031663
patchcore_wr50_1,zipper,1,gate,test,rough,test/rough/003.png,2.380544
patchcore_wr50_1,zipper,1,gate,test,rough,test/rough/004.png,2.434046
patchcore_wr50_1,zipper,1,gate,test,rough,test/rough/005.png,2.010984
patchcore_wr50_1,zipper,1,gate,test,rough,test/rough/006.png,2.182592
patchcore_wr50_1,zipper,1,gate,test,rough,test/rough/007.png,1.945533
patchcore_wr50_1,zipper,1,gate,test,rough,test/rough/008.png,1.885545
patchcore_wr50_1,zipper,1,gate,test,rough,test/rough/009.png,2.156864
patchcore_wr50_1,zipper,1,gate,test,rough,test/rough/010.png,2.139576
patchcore_wr50_1,zipper,1,gate,test,rough,test/rough/011.png,2.386306
patchcore_wr50_1,zipper,1,gate,test,rough,test/rough/012.png,1.975350
patchcore_wr50_1,zipper,1,gate,test,rough,test/rough/013.png,2.165266
patchcore_wr50_1,zipper,1,gate,test,rough,test/rough/014.png,2.093189
patchcore_wr50_1,zipper,1,gate,test,rough,test/rough/015.png,2.313345
patchcore_wr50_1,zipper,1,gate,test,rough,test/rough/016.png,2.114343
patchcore_wr50_1,zipper,1,gate,test,split_teeth,test/split_teeth/000.png,1.903317
patchcore_wr50_1,zipper,1,gate,test,split_teeth,test/split_teeth/001.png,2.121275
patchcore_wr50_1,zipper,1,gate,test,split_teeth,test/split_teeth/002.png,2.227374
patchcore_wr50_1,zipper,1,gate,test,split_teeth,test/split_teeth/003.png,2.364565
patchcore_wr50_1,zipper,1,gate,test,split_teeth,test/split_teeth/004.png,2.933971
patchcore_wr50_1,zipper,1,gate,test,split_teeth,test/split_teeth/005.png,2.239229
patchcore_wr50_1,zipper,1,gate,test,split_teeth,test/split_teeth/006.png,2.089453
patchcore_wr50_1,zipper,1,gate,test,split_teeth,test/split_teeth/007.png,2.083063
patchcore_wr50_1,zipper,1,gate,test,split_teeth,test/split_teeth/008.png,1.895703
patchcore_wr50_1,zipper,1,gate,test,split_teeth,test/split_teeth/009.png,2.288950
patchcore_wr50_1,zipper,1,gate,test,split_teeth,test/split_teeth/010.png,2.367098
patchcore_wr50_1,zipper,1,gate,test,split_teeth,test/split_teeth/011.png,2.234890
patchcore_wr50_1,zipper,1,gate,test,split_teeth,test/split_teeth/012.png,2.529128
patchcore_wr50_1,zipper,1,gate,test,split_teeth,test/split_teeth/013.png,2.336075
patchcore_wr50_1,zipper,1,gate,test,split_teeth,test/split_teeth/014.png,2.360750
patchcore_wr50_1,zipper,1,gate,test,split_teeth,test/split_teeth/015.png,2.779755
patchcore_wr50_1,zipper,1,gate,test,split_teeth,test/split_teeth/016.png,2.442009
patchcore_wr50_1,zipper,1,gate,test,split_teeth,test/split_teeth/017.png,2.765033
patchcore_wr50_1,zipper,1,gate,test,squeezed_teeth,test/squeezed_teeth/000.png,2.053144
patchcore_wr50_1,zipper,1,gate,test,squeezed_teeth,test/squeezed_teeth/001.png,2.201080
patchcore_wr50_1,zipper,1,gate,test,squeezed_teeth,test/squeezed_teeth/002.png,2.387900
patchcore_wr50_1,zipper,1,gate,test,squeezed_teeth,test/squeezed_teeth/003.png,2.376837
patchcore_wr50_1,zipper,1,gate,test,squeezed_teeth,test/squeezed_teeth/004.png,1.736651
patchcore_wr50_1,zipper,1,gate,test,squeezed_teeth,test/squeezed_teeth/005.png,1.754550
patchcore_wr50_1,zipper,1,gate,test,squeezed_teeth,test/squeezed_teeth/006.png,2.061354
patchcore_wr50_1,zipper,1,gate,test,squeezed_teeth,test/squeezed_teeth/007.png,1.833349
patchcore_wr50_1,zipper,1,gate,test,squeezed_teeth,test/squeezed_teeth/008.png,1.600923
patchcore_wr50_1,zipper,1,gate,test,squeezed_teeth,test/squeezed_teeth/009.png,1.751289
patchcore_wr50_1,zipper,1,gate,test,squeezed_teeth,test/squeezed_teeth/010.png,2.296804
patchcore_wr50_1,zipper,1,gate,test,squeezed_teeth,test/squeezed_teeth/011.png,2.062539
patchcore_wr50_1,zipper,1,gate,test,squeezed_teeth,test/squeezed_teeth/012.png,1.710117
patchcore_wr50_1,zipper,1,gate,test,squeezed_teeth,test/squeezed_teeth/013.png,2.108344
patchcore_wr50_1,zipper,1,gate,test,squeezed_teeth,test/squeezed_teeth/014.png,2.392271
patchcore_wr50_1,zipper,1,gate,test,squeezed_teeth,test/squeezed_teeth/015.png,2.405818
patchcore_wr50_1,zipper,2,full,test,broken_teeth,test/broken_teeth/000.png,1.959344
patchcore_wr50_1,zipper,2,full,test,broken_teeth,test/broken_teeth/001.png,2.212605
patchcore_wr50_1,zipper,2,full,test,broken_teeth,test/broken_teeth/002.png,1.734573
patchcore_wr50_1,zipper,2,full,test,broken_teeth,test/broken_teeth/003.png,2.246459
patchcore_wr50_1,zipper,2,full,test,broken_teeth,test/broken_teeth/004.png,1.981871
patchcore_wr50_1,zipper,2,full,test,broken_teeth,test/broken_teeth/005.png,2.031366
patchcore_wr50_1,zipper,2,full,test,broken_teeth,test/broken_teeth/006.png,2.235587
patchcore_wr50_1,zipper,2,full,test,broken_teeth,test/broken_teeth/007.png,2.604783
patchcore_wr50_1,zipper,2,full,test,broken_teeth,test/broken_teeth/008.png,2.122706
patchcore_wr50_1,zipper,2,full,test,broken_teeth,test/broken_teeth/009.png,1.665607
patchcore_wr50_1,zipper,2,full,test,broken_teeth,test/broken_teeth/010.png,2.391535
patchcore_wr50_1,zipper,2,full,test,broken_teeth,test/broken_teeth/011.png,2.198277
patchcore_wr50_1,zipper,2,full,test,broken_teeth,test/broken_teeth/012.png,1.889953
patchcore_wr50_1,zipper,2,full,test,broken_teeth,test/broken_teeth/013.png,2.443650
patchcore_wr50_1,zipper,2,full,test,broken_teeth,test/broken_teeth/014.png,2.072265
patchcore_wr50_1,zipper,2,full,test,broken_teeth,test/broken_teeth/015.png,1.878893
patchcore_wr50_1,zipper,2,full,test,broken_teeth,test/broken_teeth/016.png,1.538533
patchcore_wr50_1,zipper,2,full,test,broken_teeth,test/broken_teeth/017.png,2.670121
patchcore_wr50_1,zipper,2,full,test,broken_teeth,test/broken_teeth/018.png,2.604678
patchcore_wr50_1,zipper,2,full,test,combined,test/combined/000.png,2.952512
patchcore_wr50_1,zipper,2,full,test,combined,test/combined/001.png,2.022266
patchcore_wr50_1,zipper,2,full,test,combined,test/combined/002.png,1.988391
patchcore_wr50_1,zipper,2,full,test,combined,test/combined/003.png,2.355581
patchcore_wr50_1,zipper,2,full,test,combined,test/combined/004.png,2.065171
patchcore_wr50_1,zipper,2,full,test,combined,test/combined/005.png,2.518352
patchcore_wr50_1,zipper,2,full,test,combined,test/combined/006.png,3.388650
patchcore_wr50_1,zipper,2,full,test,combined,test/combined/007.png,2.125157
patchcore_wr50_1,zipper,2,full,test,combined,test/combined/008.png,1.958994
patchcore_wr50_1,zipper,2,full,test,combined,test/combined/009.png,2.164608
patchcore_wr50_1,zipper,2,full,test,combined,test/combined/010.png,2.829384
patchcore_wr50_1,zipper,2,full,test,combined,test/combined/011.png,2.609197
patchcore_wr50_1,zipper,2,full,test,combined,test/combined/012.png,2.373073
patchcore_wr50_1,zipper,2,full,test,combined,test/combined/013.png,2.813004
patchcore_wr50_1,zipper,2,full,test,combined,test/combined/014.png,2.403007
patchcore_wr50_1,zipper,2,full,test,combined,test/combined/015.png,2.729641
patchcore_wr50_1,zipper,2,full,test,fabric_border,test/fabric_border/000.png,2.840352
patchcore_wr50_1,zipper,2,full,test,fabric_border,test/fabric_border/001.png,3.269536
patchcore_wr50_1,zipper,2,full,test,fabric_border,test/fabric_border/002.png,2.175134
patchcore_wr50_1,zipper,2,full,test,fabric_border,test/fabric_border/003.png,2.752815
patchcore_wr50_1,zipper,2,full,test,fabric_border,test/fabric_border/004.png,2.730660
patchcore_wr50_1,zipper,2,full,test,fabric_border,test/fabric_border/005.png,3.269258
patchcore_wr50_1,zipper,2,full,test,fabric_border,test/fabric_border/006.png,2.719243
patchcore_wr50_1,zipper,2,full,test,fabric_border,test/fabric_border/007.png,2.602196
patchcore_wr50_1,zipper,2,full,test,fabric_border,test/fabric_border/008.png,2.656734
patchcore_wr50_1,zipper,2,full,test,fabric_border,test/fabric_border/009.png,2.903394
patchcore_wr50_1,zipper,2,full,test,fabric_border,test/fabric_border/010.png,2.778706
patchcore_wr50_1,zipper,2,full,test,fabric_border,test/fabric_border/011.png,2.658060
patchcore_wr50_1,zipper,2,full,test,fabric_border,test/fabric_border/012.png,2.582822
patchcore_wr50_1,zipper,2,full,test,fabric_border,test/fabric_border/013.png,2.667631
patchcore_wr50_1,zipper,2,full,test,fabric_border,test/fabric_border/014.png,2.757815
patchcore_wr50_1,zipper,2,full,test,fabric_border,test/fabric_border/015.png,2.691243
patchcore_wr50_1,zipper,2,full,test,fabric_border,test/fabric_border/016.png,2.875488
patchcore_wr50_1,zipper,2,full,test,fabric_interior,test/fabric_interior/000.png,2.129293
patchcore_wr50_1,zipper,2,full,test,fabric_interior,test/fabric_interior/001.png,1.588580
patchcore_wr50_1,zipper,2,full,test,fabric_interior,test/fabric_interior/002.png,1.978221
patchcore_wr50_1,zipper,2,full,test,fabric_interior,test/fabric_interior/003.png,2.082956
patchcore_wr50_1,zipper,2,full,test,fabric_interior,test/fabric_interior/004.png,2.089205
patchcore_wr50_1,zipper,2,full,test,fabric_interior,test/fabric_interior/005.png,1.768821
patchcore_wr50_1,zipper,2,full,test,fabric_interior,test/fabric_interior/006.png,2.218084
patchcore_wr50_1,zipper,2,full,test,fabric_interior,test/fabric_interior/007.png,1.462942
patchcore_wr50_1,zipper,2,full,test,fabric_interior,test/fabric_interior/008.png,2.065530
patchcore_wr50_1,zipper,2,full,test,fabric_interior,test/fabric_interior/009.png,2.014931
patchcore_wr50_1,zipper,2,full,test,fabric_interior,test/fabric_interior/010.png,1.723165
patchcore_wr50_1,zipper,2,full,test,fabric_interior,test/fabric_interior/011.png,1.892815
patchcore_wr50_1,zipper,2,full,test,fabric_interior,test/fabric_interior/012.png,1.855441
patchcore_wr50_1,zipper,2,full,test,fabric_interior,test/fabric_interior/013.png,2.242371
patchcore_wr50_1,zipper,2,full,test,fabric_interior,test/fabric_interior/014.png,2.248266
patchcore_wr50_1,zipper,2,full,test,fabric_interior,test/fabric_interior/015.png,1.919815
patchcore_wr50_1,zipper,2,full,test,good,test/good/000.png,1.336882
patchcore_wr50_1,zipper,2,full,test,good,test/good/001.png,1.303493
patchcore_wr50_1,zipper,2,full,test,good,test/good/002.png,1.500853
patchcore_wr50_1,zipper,2,full,test,good,test/good/003.png,1.526857
patchcore_wr50_1,zipper,2,full,test,good,test/good/004.png,1.333976
patchcore_wr50_1,zipper,2,full,test,good,test/good/005.png,1.365299
patchcore_wr50_1,zipper,2,full,test,good,test/good/006.png,1.256043
patchcore_wr50_1,zipper,2,full,test,good,test/good/007.png,1.342249
patchcore_wr50_1,zipper,2,full,test,good,test/good/008.png,1.325824
patchcore_wr50_1,zipper,2,full,test,good,test/good/009.png,1.359302
patchcore_wr50_1,zipper,2,full,test,good,test/good/010.png,1.253815
patchcore_wr50_1,zipper,2,full,test,good,test/good/011.png,1.307067
patchcore_wr50_1,zipper,2,full,test,good,test/good/012.png,1.313099
patchcore_wr50_1,zipper,2,full,test,good,test/good/013.png,1.301667
patchcore_wr50_1,zipper,2,full,test,good,test/good/014.png,1.265327
patchcore_wr50_1,zipper,2,full,test,good,test/good/015.png,1.304641
patchcore_wr50_1,zipper,2,full,test,good,test/good/016.png,1.299263
patchcore_wr50_1,zipper,2,full,test,good,test/good/017.png,1.357220
patchcore_wr50_1,zipper,2,full,test,good,test/good/018.png,1.335323
patchcore_wr50_1,zipper,2,full,test,good,test/good/019.png,1.337481
patchcore_wr50_1,zipper,2,full,test,good,test/good/020.png,1.297331
patchcore_wr50_1,zipper,2,full,test,good,test/good/021.png,1.363585
patchcore_wr50_1,zipper,2,full,test,good,test/good/022.png,1.773028
patchcore_wr50_1,zipper,2,full,test,good,test/good/023.png,1.399550
patchcore_wr50_1,zipper,2,full,test,good,test/good/024.png,1.338908
patchcore_wr50_1,zipper,2,full,test,good,test/good/025.png,1.460842
patchcore_wr50_1,zipper,2,full,test,good,test/good/026.png,1.389514
patchcore_wr50_1,zipper,2,full,test,good,test/good/027.png,1.527557
patchcore_wr50_1,zipper,2,full,test,good,test/good/028.png,1.406623
patchcore_wr50_1,zipper,2,full,test,good,test/good/029.png,1.433892
patchcore_wr50_1,zipper,2,full,test,good,test/good/030.png,1.257444
patchcore_wr50_1,zipper,2,full,test,good,test/good/031.png,1.280300
patchcore_wr50_1,zipper,2,full,test,rough,test/rough/000.png,2.184052
patchcore_wr50_1,zipper,2,full,test,rough,test/rough/001.png,2.228027
patchcore_wr50_1,zipper,2,full,test,rough,test/rough/002.png,2.116993
patchcore_wr50_1,zipper,2,full,test,rough,test/rough/003.png,2.494557
patchcore_wr50_1,zipper,2,full,test,rough,test/rough/004.png,2.451367
patchcore_wr50_1,zipper,2,full,test,rough,test/rough/005.png,1.948264
patchcore_wr50_1,zipper,2,full,test,rough,test/rough/006.png,2.171745
patchcore_wr50_1,zipper,2,full,test,rough,test/rough/007.png,1.929806
patchcore_wr50_1,zipper,2,full,test,rough,test/rough/008.png,1.980565
patchcore_wr50_1,zipper,2,full,test,rough,test/rough/009.png,2.200245
patchcore_wr50_1,zipper,2,full,test,rough,test/rough/010.png,2.234273
patchcore_wr50_1,zipper,2,full,test,rough,test/rough/011.png,2.344473
patchcore_wr50_1,zipper,2,full,test,rough,test/rough/012.png,2.059535
patchcore_wr50_1,zipper,2,full,test,rough,test/rough/013.png,2.148927
patchcore_wr50_1,zipper,2,full,test,rough,test/rough/014.png,2.166731
patchcore_wr50_1,zipper,2,full,test,rough,test/rough/015.png,2.517919
patchcore_wr50_1,zipper,2,full,test,rough,test/rough/016.png,2.089512
patchcore_wr50_1,zipper,2,full,test,split_teeth,test/split_teeth/000.png,1.890306
patchcore_wr50_1,zipper,2,full,test,split_teeth,test/split_teeth/001.png,2.221647
patchcore_wr50_1,zipper,2,full,test,split_teeth,test/split_teeth/002.png,2.250651
patchcore_wr50_1,zipper,2,full,test,split_teeth,test/split_teeth/003.png,2.281074
patchcore_wr50_1,zipper,2,full,test,split_teeth,test/split_teeth/004.png,2.931594
patchcore_wr50_1,zipper,2,full,test,split_teeth,test/split_teeth/005.png,2.299780
patchcore_wr50_1,zipper,2,full,test,split_teeth,test/split_teeth/006.png,2.183361
patchcore_wr50_1,zipper,2,full,test,split_teeth,test/split_teeth/007.png,2.224550
patchcore_wr50_1,zipper,2,full,test,split_teeth,test/split_teeth/008.png,2.012058
patchcore_wr50_1,zipper,2,full,test,split_teeth,test/split_teeth/009.png,2.185460
patchcore_wr50_1,zipper,2,full,test,split_teeth,test/split_teeth/010.png,2.378426
patchcore_wr50_1,zipper,2,full,test,split_teeth,test/split_teeth/011.png,2.268618
patchcore_wr50_1,zipper,2,full,test,split_teeth,test/split_teeth/012.png,2.528433
patchcore_wr50_1,zipper,2,full,test,split_teeth,test/split_teeth/013.png,2.402164
patchcore_wr50_1,zipper,2,full,test,split_teeth,test/split_teeth/014.png,2.403461
patchcore_wr50_1,zipper,2,full,test,split_teeth,test/split_teeth/015.png,2.810024
patchcore_wr50_1,zipper,2,full,test,split_teeth,test/split_teeth/016.png,2.500347
patchcore_wr50_1,zipper,2,full,test,split_teeth,test/split_teeth/017.png,2.863921
patchcore_wr50_1,zipper,2,full,test,squeezed_teeth,test/squeezed_teeth/000.png,2.095387
patchcore_wr50_1,zipper,2,full,test,squeezed_teeth,test/squeezed_teeth/001.png,2.205274
patchcore_wr50_1,zipper,2,full,test,squeezed_teeth,test/squeezed_teeth/002.png,2.463814
patchcore_wr50_1,zipper,2,full,test,squeezed_teeth,test/squeezed_teeth/003.png,2.376579
patchcore_wr50_1,zipper,2,full,test,squeezed_teeth,test/squeezed_teeth/004.png,1.792776
patchcore_wr50_1,zipper,2,full,test,squeezed_teeth,test/squeezed_teeth/005.png,1.766777
patchcore_wr50_1,zipper,2,full,test,squeezed_teeth,test/squeezed_teeth/006.png,2.052909
patchcore_wr50_1,zipper,2,full,test,squeezed_teeth,test/squeezed_teeth/007.png,1.895683
patchcore_wr50_1,zipper,2,full,test,squeezed_teeth,test/squeezed_teeth/008.png,1.678570
patchcore_wr50_1,zipper,2,full,test,squeezed_teeth,test/squeezed_teeth/009.png,1.790230
patchcore_wr50_1,zipper,2,full,test,squeezed_teeth,test/squeezed_teeth/010.png,2.214606
patchcore_wr50_1,zipper,2,full,test,squeezed_teeth,test/squeezed_teeth/011.png,2.080996
patchcore_wr50_1,zipper,2,full,test,squeezed_teeth,test/squeezed_teeth/012.png,1.733038
patchcore_wr50_1,zipper,2,full,test,squeezed_teeth,test/squeezed_teeth/013.png,2.106829
patchcore_wr50_1,zipper,2,full,test,squeezed_teeth,test/squeezed_teeth/014.png,2.393770
patchcore_wr50_1,zipper,2,full,test,squeezed_teeth,test/squeezed_teeth/015.png,2.412418
patchcore_wr50_1,zipper,2,gate,calibration,good,train/good/011.png,1.287367
patchcore_wr50_1,zipper,2,gate,calibration,good,train/good/026.png,1.286332
patchcore_wr50_1,zipper,2,gate,calibration,good,train/good/032.png,1.346528
patchcore_wr50_1,zipper,2,gate,calibration,good,train/good/039.png,1.305604
patchcore_wr50_1,zipper,2,gate,calibration,good,train/good/042.png,1.342938
patchcore_wr50_1,zipper,2,gate,calibration,good,train/good/047.png,1.309040
patchcore_wr50_1,zipper,2,gate,calibration,good,train/good/048.png,1.339904
patchcore_wr50_1,zipper,2,gate,calibration,good,train/good/052.png,1.295053
patchcore_wr50_1,zipper,2,gate,calibration,good,train/good/053.png,1.259504
patchcore_wr50_1,zipper,2,gate,calibration,good,train/good/059.png,1.323728
patchcore_wr50_1,zipper,2,gate,calibration,good,train/good/061.png,1.325821
patchcore_wr50_1,zipper,2,gate,calibration,good,train/good/067.png,1.360281
patchcore_wr50_1,zipper,2,gate,calibration,good,train/good/069.png,1.231451
patchcore_wr50_1,zipper,2,gate,calibration,good,train/good/071.png,1.316380
patchcore_wr50_1,zipper,2,gate,calibration,good,train/good/074.png,1.523337
patchcore_wr50_1,zipper,2,gate,calibration,good,train/good/078.png,1.266386
patchcore_wr50_1,zipper,2,gate,calibration,good,train/good/086.png,1.254580
patchcore_wr50_1,zipper,2,gate,calibration,good,train/good/089.png,1.407831
patchcore_wr50_1,zipper,2,gate,calibration,good,train/good/107.png,1.359601
patchcore_wr50_1,zipper,2,gate,calibration,good,train/good/112.png,1.285898
patchcore_wr50_1,zipper,2,gate,calibration,good,train/good/114.png,1.359740
patchcore_wr50_1,zipper,2,gate,calibration,good,train/good/115.png,1.543749
patchcore_wr50_1,zipper,2,gate,calibration,good,train/good/116.png,1.330392
patchcore_wr50_1,zipper,2,gate,calibration,good,train/good/118.png,1.318821
patchcore_wr50_1,zipper,2,gate,calibration,good,train/good/120.png,1.352894
patchcore_wr50_1,zipper,2,gate,calibration,good,train/good/126.png,1.319667
patchcore_wr50_1,zipper,2,gate,calibration,good,train/good/127.png,1.288722
patchcore_wr50_1,zipper,2,gate,calibration,good,train/good/131.png,1.337898
patchcore_wr50_1,zipper,2,gate,calibration,good,train/good/134.png,1.446159
patchcore_wr50_1,zipper,2,gate,calibration,good,train/good/140.png,1.426729
patchcore_wr50_1,zipper,2,gate,calibration,good,train/good/147.png,1.318423
patchcore_wr50_1,zipper,2,gate,calibration,good,train/good/151.png,1.278694
patchcore_wr50_1,zipper,2,gate,calibration,good,train/good/153.png,1.354228
patchcore_wr50_1,zipper,2,gate,calibration,good,train/good/162.png,1.435640
patchcore_wr50_1,zipper,2,gate,calibration,good,train/good/170.png,1.313285
patchcore_wr50_1,zipper,2,gate,calibration,good,train/good/177.png,1.319467
patchcore_wr50_1,zipper,2,gate,calibration,good,train/good/184.png,1.310318
patchcore_wr50_1,zipper,2,gate,calibration,good,train/good/189.png,1.294361
patchcore_wr50_1,zipper,2,gate,calibration,good,train/good/194.png,1.292709
patchcore_wr50_1,zipper,2,gate,calibration,good,train/good/198.png,1.356058
patchcore_wr50_1,zipper,2,gate,calibration,good,train/good/206.png,1.427400
patchcore_wr50_1,zipper,2,gate,calibration,good,train/good/215.png,1.270507
patchcore_wr50_1,zipper,2,gate,calibration,good,train/good/217.png,1.292088
patchcore_wr50_1,zipper,2,gate,calibration,good,train/good/228.png,1.293584
patchcore_wr50_1,zipper,2,gate,calibration,good,train/good/230.png,1.418911
patchcore_wr50_1,zipper,2,gate,calibration,good,train/good/232.png,1.503659
patchcore_wr50_1,zipper,2,gate,calibration,good,train/good/234.png,1.341624
patchcore_wr50_1,zipper,2,gate,calibration,good,train/good/237.png,1.294841
patchcore_wr50_1,zipper,2,gate,test,broken_teeth,test/broken_teeth/000.png,1.982576
patchcore_wr50_1,zipper,2,gate,test,broken_teeth,test/broken_teeth/001.png,2.244853
patchcore_wr50_1,zipper,2,gate,test,broken_teeth,test/broken_teeth/002.png,1.787951
patchcore_wr50_1,zipper,2,gate,test,broken_teeth,test/broken_teeth/003.png,2.305448
patchcore_wr50_1,zipper,2,gate,test,broken_teeth,test/broken_teeth/004.png,1.947567
patchcore_wr50_1,zipper,2,gate,test,broken_teeth,test/broken_teeth/005.png,1.979165
patchcore_wr50_1,zipper,2,gate,test,broken_teeth,test/broken_teeth/006.png,2.247236
patchcore_wr50_1,zipper,2,gate,test,broken_teeth,test/broken_teeth/007.png,2.610457
patchcore_wr50_1,zipper,2,gate,test,broken_teeth,test/broken_teeth/008.png,2.097124
patchcore_wr50_1,zipper,2,gate,test,broken_teeth,test/broken_teeth/009.png,1.662815
patchcore_wr50_1,zipper,2,gate,test,broken_teeth,test/broken_teeth/010.png,2.338469
patchcore_wr50_1,zipper,2,gate,test,broken_teeth,test/broken_teeth/011.png,2.210074
patchcore_wr50_1,zipper,2,gate,test,broken_teeth,test/broken_teeth/012.png,1.857146
patchcore_wr50_1,zipper,2,gate,test,broken_teeth,test/broken_teeth/013.png,2.542290
patchcore_wr50_1,zipper,2,gate,test,broken_teeth,test/broken_teeth/014.png,2.019293
patchcore_wr50_1,zipper,2,gate,test,broken_teeth,test/broken_teeth/015.png,1.814895
patchcore_wr50_1,zipper,2,gate,test,broken_teeth,test/broken_teeth/016.png,1.622253
patchcore_wr50_1,zipper,2,gate,test,broken_teeth,test/broken_teeth/017.png,2.681370
patchcore_wr50_1,zipper,2,gate,test,broken_teeth,test/broken_teeth/018.png,2.567347
patchcore_wr50_1,zipper,2,gate,test,combined,test/combined/000.png,2.947380
patchcore_wr50_1,zipper,2,gate,test,combined,test/combined/001.png,2.072405
patchcore_wr50_1,zipper,2,gate,test,combined,test/combined/002.png,1.992882
patchcore_wr50_1,zipper,2,gate,test,combined,test/combined/003.png,2.292462
patchcore_wr50_1,zipper,2,gate,test,combined,test/combined/004.png,2.035553
patchcore_wr50_1,zipper,2,gate,test,combined,test/combined/005.png,2.536667
patchcore_wr50_1,zipper,2,gate,test,combined,test/combined/006.png,3.414393
patchcore_wr50_1,zipper,2,gate,test,combined,test/combined/007.png,2.178128
patchcore_wr50_1,zipper,2,gate,test,combined,test/combined/008.png,2.032256
patchcore_wr50_1,zipper,2,gate,test,combined,test/combined/009.png,2.140664
patchcore_wr50_1,zipper,2,gate,test,combined,test/combined/010.png,2.732733
patchcore_wr50_1,zipper,2,gate,test,combined,test/combined/011.png,2.606869
patchcore_wr50_1,zipper,2,gate,test,combined,test/combined/012.png,2.358216
patchcore_wr50_1,zipper,2,gate,test,combined,test/combined/013.png,2.815184
patchcore_wr50_1,zipper,2,gate,test,combined,test/combined/014.png,2.395484
patchcore_wr50_1,zipper,2,gate,test,combined,test/combined/015.png,2.729635
patchcore_wr50_1,zipper,2,gate,test,fabric_border,test/fabric_border/000.png,2.857636
patchcore_wr50_1,zipper,2,gate,test,fabric_border,test/fabric_border/001.png,3.275419
patchcore_wr50_1,zipper,2,gate,test,fabric_border,test/fabric_border/002.png,2.180624
patchcore_wr50_1,zipper,2,gate,test,fabric_border,test/fabric_border/003.png,2.719483
patchcore_wr50_1,zipper,2,gate,test,fabric_border,test/fabric_border/004.png,2.740492
patchcore_wr50_1,zipper,2,gate,test,fabric_border,test/fabric_border/005.png,3.290406
patchcore_wr50_1,zipper,2,gate,test,fabric_border,test/fabric_border/006.png,2.646903
patchcore_wr50_1,zipper,2,gate,test,fabric_border,test/fabric_border/007.png,2.615865
patchcore_wr50_1,zipper,2,gate,test,fabric_border,test/fabric_border/008.png,2.701492
patchcore_wr50_1,zipper,2,gate,test,fabric_border,test/fabric_border/009.png,2.907090
patchcore_wr50_1,zipper,2,gate,test,fabric_border,test/fabric_border/010.png,2.720890
patchcore_wr50_1,zipper,2,gate,test,fabric_border,test/fabric_border/011.png,2.636748
patchcore_wr50_1,zipper,2,gate,test,fabric_border,test/fabric_border/012.png,2.625458
patchcore_wr50_1,zipper,2,gate,test,fabric_border,test/fabric_border/013.png,2.778991
patchcore_wr50_1,zipper,2,gate,test,fabric_border,test/fabric_border/014.png,2.802674
patchcore_wr50_1,zipper,2,gate,test,fabric_border,test/fabric_border/015.png,2.678139
patchcore_wr50_1,zipper,2,gate,test,fabric_border,test/fabric_border/016.png,2.856483
patchcore_wr50_1,zipper,2,gate,test,fabric_interior,test/fabric_interior/000.png,2.191059
patchcore_wr50_1,zipper,2,gate,test,fabric_interior,test/fabric_interior/001.png,1.570963
patchcore_wr50_1,zipper,2,gate,test,fabric_interior,test/fabric_interior/002.png,2.010915
patchcore_wr50_1,zipper,2,gate,test,fabric_interior,test/fabric_interior/003.png,2.072591
patchcore_wr50_1,zipper,2,gate,test,fabric_interior,test/fabric_interior/004.png,2.138514
patchcore_wr50_1,zipper,2,gate,test,fabric_interior,test/fabric_interior/005.png,1.797161
patchcore_wr50_1,zipper,2,gate,test,fabric_interior,test/fabric_interior/006.png,2.214538
patchcore_wr50_1,zipper,2,gate,test,fabric_interior,test/fabric_interior/007.png,1.391988
patchcore_wr50_1,zipper,2,gate,test,fabric_interior,test/fabric_interior/008.png,2.155910
patchcore_wr50_1,zipper,2,gate,test,fabric_interior,test/fabric_interior/009.png,2.084149
patchcore_wr50_1,zipper,2,gate,test,fabric_interior,test/fabric_interior/010.png,1.708505
patchcore_wr50_1,zipper,2,gate,test,fabric_interior,test/fabric_interior/011.png,1.892817
patchcore_wr50_1,zipper,2,gate,test,fabric_interior,test/fabric_interior/012.png,1.848590
patchcore_wr50_1,zipper,2,gate,test,fabric_interior,test/fabric_interior/013.png,2.242368
patchcore_wr50_1,zipper,2,gate,test,fabric_interior,test/fabric_interior/014.png,2.154394
patchcore_wr50_1,zipper,2,gate,test,fabric_interior,test/fabric_interior/015.png,1.953011
patchcore_wr50_1,zipper,2,gate,test,good,test/good/000.png,1.350361
patchcore_wr50_1,zipper,2,gate,test,good,test/good/001.png,1.366705
patchcore_wr50_1,zipper,2,gate,test,good,test/good/002.png,1.498302
patchcore_wr50_1,zipper,2,gate,test,good,test/good/003.png,1.594997
patchcore_wr50_1,zipper,2,gate,test,good,test/good/004.png,1.333963
patchcore_wr50_1,zipper,2,gate,test,good,test/good/005.png,1.304113
patchcore_wr50_1,zipper,2,gate,test,good,test/good/006.png,1.308510
patchcore_wr50_1,zipper,2,gate,test,good,test/good/007.png,1.411237
patchcore_wr50_1,zipper,2,gate,test,good,test/good/008.png,1.350489
patchcore_wr50_1,zipper,2,gate,test,good,test/good/009.png,1.291593
patchcore_wr50_1,zipper,2,gate,test,good,test/good/010.png,1.311565
patchcore_wr50_1,zipper,2,gate,test,good,test/good/011.png,1.354309
patchcore_wr50_1,zipper,2,gate,test,good,test/good/012.png,1.334562
patchcore_wr50_1,zipper,2,gate,test,good,test/good/013.png,1.296300
patchcore_wr50_1,zipper,2,gate,test,good,test/good/014.png,1.326687
patchcore_wr50_1,zipper,2,gate,test,good,test/good/015.png,1.391106
patchcore_wr50_1,zipper,2,gate,test,good,test/good/016.png,1.360256
patchcore_wr50_1,zipper,2,gate,test,good,test/good/017.png,1.411728
patchcore_wr50_1,zipper,2,gate,test,good,test/good/018.png,1.333504
patchcore_wr50_1,zipper,2,gate,test,good,test/good/019.png,1.394137
patchcore_wr50_1,zipper,2,gate,test,good,test/good/020.png,1.255158
patchcore_wr50_1,zipper,2,gate,test,good,test/good/021.png,1.376402
patchcore_wr50_1,zipper,2,gate,test,good,test/good/022.png,1.840633
patchcore_wr50_1,zipper,2,gate,test,good,test/good/023.png,1.348982
patchcore_wr50_1,zipper,2,gate,test,good,test/good/024.png,1.335416
patchcore_wr50_1,zipper,2,gate,test,good,test/good/025.png,1.362423
patchcore_wr50_1,zipper,2,gate,test,good,test/good/026.png,1.463840
patchcore_wr50_1,zipper,2,gate,test,good,test/good/027.png,1.524663
patchcore_wr50_1,zipper,2,gate,test,good,test/good/028.png,1.372392
patchcore_wr50_1,zipper,2,gate,test,good,test/good/029.png,1.451217
patchcore_wr50_1,zipper,2,gate,test,good,test/good/030.png,1.328058
patchcore_wr50_1,zipper,2,gate,test,good,test/good/031.png,1.270033
patchcore_wr50_1,zipper,2,gate,test,rough,test/rough/000.png,2.129060
patchcore_wr50_1,zipper,2,gate,test,rough,test/rough/001.png,2.205648
patchcore_wr50_1,zipper,2,gate,test,rough,test/rough/002.png,2.134414
patchcore_wr50_1,zipper,2,gate,test,rough,test/rough/003.png,2.495618
patchcore_wr50_1,zipper,2,gate,test,rough,test/rough/004.png,2.427174
patchcore_wr50_1,zipper,2,gate,test,rough,test/rough/005.png,1.963331
patchcore_wr50_1,zipper,2,gate,test,rough,test/rough/006.png,2.144742
patchcore_wr50_1,zipper,2,gate,test,rough,test/rough/007.png,1.984409
patchcore_wr50_1,zipper,2,gate,test,rough,test/rough/008.png,1.923895
patchcore_wr50_1,zipper,2,gate,test,rough,test/rough/009.png,2.154289
patchcore_wr50_1,zipper,2,gate,test,rough,test/rough/010.png,2.207799
patchcore_wr50_1,zipper,2,gate,test,rough,test/rough/011.png,2.385503
patchcore_wr50_1,zipper,2,gate,test,rough,test/rough/012.png,2.063049
patchcore_wr50_1,zipper,2,gate,test,rough,test/rough/013.png,2.201081
patchcore_wr50_1,zipper,2,gate,test,rough,test/rough/014.png,2.148719
patchcore_wr50_1,zipper,2,gate,test,rough,test/rough/015.png,2.512331
patchcore_wr50_1,zipper,2,gate,test,rough,test/rough/016.png,2.119337
patchcore_wr50_1,zipper,2,gate,test,split_teeth,test/split_teeth/000.png,1.958159
patchcore_wr50_1,zipper,2,gate,test,split_teeth,test/split_teeth/001.png,2.166128
patchcore_wr50_1,zipper,2,gate,test,split_teeth,test/split_teeth/002.png,2.305343
patchcore_wr50_1,zipper,2,gate,test,split_teeth,test/split_teeth/003.png,2.365131
patchcore_wr50_1,zipper,2,gate,test,split_teeth,test/split_teeth/004.png,2.924536
patchcore_wr50_1,zipper,2,gate,test,split_teeth,test/split_teeth/005.png,2.271260
patchcore_wr50_1,zipper,2,gate,test,split_teeth,test/split_teeth/006.png,2.155787
patchcore_wr50_1,zipper,2,gate,test,split_teeth,test/split_teeth/007.png,2.186630
patchcore_wr50_1,zipper,2,gate,test,split_teeth,test/split_teeth/008.png,1.986881
patchcore_wr50_1,zipper,2,gate,test,split_teeth,test/split_teeth/009.png,2.279064
patchcore_wr50_1,zipper,2,gate,test,split_teeth,test/split_teeth/010.png,2.444794
patchcore_wr50_1,zipper,2,gate,test,split_teeth,test/split_teeth/011.png,2.307065
patchcore_wr50_1,zipper,2,gate,test,split_teeth,test/split_teeth/012.png,2.534568
patchcore_wr50_1,zipper,2,gate,test,split_teeth,test/split_teeth/013.png,2.408445
patchcore_wr50_1,zipper,2,gate,test,split_teeth,test/split_teeth/014.png,2.364741
patchcore_wr50_1,zipper,2,gate,test,split_teeth,test/split_teeth/015.png,2.785102
patchcore_wr50_1,zipper,2,gate,test,split_teeth,test/split_teeth/016.png,2.494231
patchcore_wr50_1,zipper,2,gate,test,split_teeth,test/split_teeth/017.png,2.812958
patchcore_wr50_1,zipper,2,gate,test,squeezed_teeth,test/squeezed_teeth/000.png,2.140073
patchcore_wr50_1,zipper,2,gate,test,squeezed_teeth,test/squeezed_teeth/001.png,2.203077
patchcore_wr50_1,zipper,2,gate,test,squeezed_teeth,test/squeezed_teeth/002.png,2.434356
patchcore_wr50_1,zipper,2,gate,test,squeezed_teeth,test/squeezed_teeth/003.png,2.385465
patchcore_wr50_1,zipper,2,gate,test,squeezed_teeth,test/squeezed_teeth/004.png,1.792545
patchcore_wr50_1,zipper,2,gate,test,squeezed_teeth,test/squeezed_teeth/005.png,1.789937
patchcore_wr50_1,zipper,2,gate,test,squeezed_teeth,test/squeezed_teeth/006.png,2.047445
patchcore_wr50_1,zipper,2,gate,test,squeezed_teeth,test/squeezed_teeth/007.png,1.888875
patchcore_wr50_1,zipper,2,gate,test,squeezed_teeth,test/squeezed_teeth/008.png,1.670928
patchcore_wr50_1,zipper,2,gate,test,squeezed_teeth,test/squeezed_teeth/009.png,1.813320
patchcore_wr50_1,zipper,2,gate,test,squeezed_teeth,test/squeezed_teeth/010.png,2.217518
patchcore_wr50_1,zipper,2,gate,test,squeezed_teeth,test/squeezed_teeth/011.png,2.045055
patchcore_wr50_1,zipper,2,gate,test,squeezed_teeth,test/squeezed_teeth/012.png,1.704556
patchcore_wr50_1,zipper,2,gate,test,squeezed_teeth,test/squeezed_teeth/013.png,2.124765
patchcore_wr50_1,zipper,2,gate,test,squeezed_teeth,test/squeezed_teeth/014.png,2.417984
patchcore_wr50_1,zipper,2,gate,test,squeezed_teeth,test/squeezed_teeth/015.png,2.372346
