config,category,seed,protocol,role,defect,image,score
patchcore_wr50_10,bottle,0,full,test,broken_large,test/broken_large/000.png,3.382348
patchcore_wr50_10,bottle,0,full,test,broken_large,test/broken_large/001.png,3.372901
patchcore_wr50_10,bottle,0,full,test,broken_large,test/broken_large/002.png,3.310262
patchcore_wr50_10,bottle,0,full,test,broken_large,test/broken_large/003.png,3.590239
patchcore_wr50_10,bottle,0,full,test,broken_large,test/broken_large/004.png,3.724083
patchcore_wr50_10,bottle,0,full,test,broken_large,test/broken_large/005.png,3.316658
patchcore_wr50_10,bottle,0,full,test,broken_large,test/broken_large/006.png,3.618786
patchcore_wr50_10,bottle,0,full,test,broken_large,test/broken_large/007.png,3.277600
patchcore_wr50_10,bottle,0,full,test,broken_large,test/broken_large/008.png,3.515450
patchcore_wr50_10,bottle,0,full,test,broken_large,test/broken_large/009.png,3.288420
patchcore_wr50_10,bottle,0,full,test,broken_large,test/broken_large/010.png,3.522638
patchcore_wr50_10,bottle,0,full,test,broken_large,test/broken_large/011.png,2.976497
patchcore_wr50_10,bottle,0,full,test,broken_large,test/broken_large/012.png,3.668963
patchcore_wr50_10,bottle,0,full,test,broken_large,test/broken_large/013.png,3.165006
patchcore_wr50_10,bottle,0,full,test,broken_large,test/broken_large/014.png,3.346904
patchcore_wr50_10,bottle,0,full,test,broken_large,test/broken_large/015.png,3.424289
patchcore_wr50_10,bottle,0,full,test,broken_large,test/broken_large/016.png,3.213316
patchcore_wr50_10,bottle,0,full,test,broken_large,test/broken_large/017.png,3.682709
patchcore_wr50_10,bottle,0,full,test,broken_large,test/broken_large/018.png,3.421181
patchcore_wr50_10,bottle,0,full,test,broken_large,test/broken_large/019.png,3.247549
patchcore_wr50_10,bottle,0,full,test,broken_small,test/broken_small/000.png,2.666297
patchcore_wr50_10,bottle,0,full,test,broken_small,test/broken_small/001.png,3.413947
patchcore_wr50_10,bottle,0,full,test,broken_small,test/broken_small/002.png,3.389424
patchcore_wr50_10,bottle,0,full,test,broken_small,test/broken_small/003.png,3.474439
patchcore_wr50_10,bottle,0,full,test,broken_small,test/broken_small/004.png,3.739134
patchcore_wr50_10,bottle,0,full,test,broken_small,test/broken_small/005.png,2.887643
patchcore_wr50_10,bottle,0,full,test,broken_small,test/broken_small/006.png,3.495654
patchcore_wr50_10,bottle,0,full,test,broken_small,test/broken_small/007.png,3.025312
patchcore_wr50_10,bottle,0,full,test,broken_small,test/broken_small/008.png,2.926756
patchcore_wr50_10,bottle,0,full,test,broken_small,test/broken_small/009.png,3.248896
patchcore_wr50_10,bottle,0,full,test,broken_small,test/broken_small/010.png,3.537708
patchcore_wr50_10,bottle,0,full,test,broken_small,test/broken_small/011.png,3.064969
patchcore_wr50_10,bottle,0,full,test,broken_small,test/broken_small/012.png,3.521214
patchcore_wr50_10,bottle,0,full,test,broken_small,test/broken_small/013.png,2.954768
patchcore_wr50_10,bottle,0,full,test,broken_small,test/broken_small/014.png,2.915445
patchcore_wr50_10,bottle,0,full,test,broken_small,test/broken_small/015.png,2.995952
patchcore_wr50_10,bottle,0,full,test,broken_small,test/broken_small/016.png,3.216778
patchcore_wr50_10,bottle,0,full,test,broken_small,test/broken_small/017.png,3.729101
patchcore_wr50_10,bottle,0,full,test,broken_small,test/broken_small/018.png,3.924156
patchcore_wr50_10,bottle,0,full,test,broken_small,test/broken_small/019.png,3.421815
patchcore_wr50_10,bottle,0,full,test,broken_small,test/broken_small/020.png,3.635430
patchcore_wr50_10,bottle,0,full,test,broken_small,test/broken_small/021.png,3.243362
patchcore_wr50_10,bottle,0,full,test,contamination,test/contamination/000.png,3.131485
patchcore_wr50_10,bottle,0,full,test,contamination,test/contamination/001.png,2.553351
patchcore_wr50_10,bottle,0,full,test,contamination,test/contamination/002.png,2.741415
patchcore_wr50_10,bottle,0,full,test,contamination,test/contamination/003.png,2.000117
patchcore_wr50_10,bottle,0,full,test,contamination,test/contamination/004.png,2.219347
patchcore_wr50_10,bottle,0,full,test,contamination,test/contamination/005.png,3.537956
patchcore_wr50_10,bottle,0,full,test,contamination,test/contamination/006.png,3.041098
patchcore_wr50_10,bottle,0,full,test,contamination,test/contamination/007.png,4.074712
patchcore_wr50_10,bottle,0,full,test,contamination,test/contamination/008.png,3.060801
patchcore_wr50_10,bottle,0,full,test,contamination,test/contamination/009.png,3.110253
patchcore_wr50_10,bottle,0,full,test,contamination,test/contamination/010.png,3.264295
patchcore_wr50_10,bottle,0,full,test,contamination,test/contamination/011.png,2.690853
patchcore_wr50_10,bottle,0,full,test,contamination,test/contamination/012.png,2.223887
patchcore_wr50_10,bottle,0,full,test,contamination,test/contamination/013.png,4.129395
patchcore_wr50_10,bottle,0,full,test,contamination,test/contamination/014.png,2.389047
patchcore_wr50_10,bottle,0,full,test,contamination,test/contamination/015.png,3.364789
patchcore_wr50_10,bottle,0,full,test,contamination,test/contamination/016.png,2.626121
patchcore_wr50_10,bottle,0,full,test,contamination,test/contamination/017.png,3.673203
patchcore_wr50_10,bottle,0,full,test,contamination,test/contamination/018.png,3.747749
patchcore_wr50_10,bottle,0,full,test,contamination,test/contamination/019.png,2.161358
patchcore_wr50_10,bottle,0,full,test,contamination,test/contamination/020.png,2.553818
patchcore_wr50_10,bottle,0,full,test,good,test/good/000.png,1.321215
patchcore_wr50_10,bottle,0,full,test,good,test/good/001.png,1.551561
patchcore_wr50_10,bottle,0,full,test,good,test/good/002.png,1.377150
patchcore_wr50_10,bottle,0,full,test,good,test/good/003.png,1.205732
patchcore_wr50_10,bottle,0,full,test,good,test/good/004.png,1.186513
patchcore_wr50_10,bottle,0,full,test,good,test/good/005.png,1.234990
patchcore_wr50_10,bottle,0,full,test,good,test/good/006.png,1.413956
patchcore_wr50_10,bottle,0,full,test,good,test/good/007.png,1.317911
patchcore_wr50_10,bottle,0,full,test,good,test/good/008.png,1.301010
patchcore_wr50_10,bottle,0,full,test,good,test/good/009.png,1.509312
patchcore_wr50_10,bottle,0,full,test,good,test/good/010.png,1.396711
patchcore_wr50_10,bottle,0,full,test,good,test/good/011.png,1.288762
patchcore_wr50_10,bottle,0,full,test,good,test/good/012.png,1.361576
patchcore_wr50_10,bottle,0,full,test,good,test/good/013.png,1.261131
patchcore_wr50_10,bottle,0,full,test,good,test/good/014.png,1.290466
patchcore_wr50_10,bottle,0,full,test,good,test/good/015.png,1.527048
patchcore_wr50_10,bottle,0,full,test,good,test/good/016.png,1.345474
patchcore_wr50_10,bottle,0,full,test,good,test/good/017.png,1.313573
patchcore_wr50_10,bottle,0,full,test,good,test/good/018.png,1.311900
patchcore_wr50_10,bottle,0,full,test,good,test/good/019.png,1.512211
patchcore_wr50_10,bottle,0,gate,calibration,good,train/good/000.png,1.285453
patchcore_wr50_10,bottle,0,gate,calibration,good,train/good/006.png,1.371843
patchcore_wr50_10,bottle,0,gate,calibration,good,train/good/017.png,1.169139
patchcore_wr50_10,bottle,0,gate,calibration,good,train/good/025.png,1.284708
patchcore_wr50_10,bottle,0,gate,calibration,good,train/good/039.png,1.473821
patchcore_wr50_10,bottle,0,gate,calibration,good,train/good/041.png,1.298295
patchcore_wr50_10,bottle,0,gate,calibration,good,train/good/054.png,1.220852
patchcore_wr50_10,bottle,0,gate,calibration,good,train/good/060.png,1.457955
patchcore_wr50_10,bottle,0,gate,calibration,good,train/good/065.png,1.218764
patchcore_wr50_10,bottle,0,gate,calibration,good,train/good/068.png,1.423127
patchcore_wr50_10,bottle,0,gate,calibration,good,train/good/071.png,1.429070
patchcore_wr50_10,bottle,0,gate,calibration,good,train/good/072.png,1.355728
patchcore_wr50_10,bottle,0,gate,calibration,good,train/good/080.png,1.323962
patchcore_wr50_10,bottle,0,gate,calibration,good,train/good/083.png,1.318934
patchcore_wr50_10,bottle,0,gate,calibration,good,train/good/090.png,1.589192
patchcore_wr50_10,bottle,0,gate,calibration,good,train/good/091.png,1.351179
patchcore_wr50_10,bottle,0,gate,calibration,good,train/good/093.png,1.289057
patchcore_wr50_10,bottle,0,gate,calibration,good,train/good/094.png,1.279620
patchcore_wr50_10,bottle,0,gate,calibration,good,train/good/105.png,1.232626
patchcore_wr50_10,bottle,0,gate,calibration,good,train/good/109.png,1.432697
patchcore_wr50_10,bottle,0,gate,calibration,good,train/good/112.png,1.311913
patchcore_wr50_10,bottle,0,gate,calibration,good,train/good/116.png,1.525996
patchcore_wr50_10,bottle,0,gate,calibration,good,train/good/119.png,1.546868
patchcore_wr50_10,bottle,0,gate,calibration,good,train/good/124.png,1.423762
patchcore_wr50_10,bottle,0,gate,calibration,good,train/good/131.png,1.559695
patchcore_wr50_10,bottle,0,gate,calibration,good,train/good/137.png,1.269584
patchcore_wr50_10,bottle,0,gate,calibration,good,train/good/140.png,1.429191
patchcore_wr50_10,bottle,0,gate,calibration,good,train/good/141.png,1.845339
patchcore_wr50_10,bottle,0,gate,calibration,good,train/good/152.png,1.318895
patchcore_wr50_10,bottle,0,gate,calibration,good,train/good/158.png,1.311296
patchcore_wr50_10,bottle,0,gate,calibration,good,train/good/159.png,1.356188
patchcore_wr50_10,bottle,0,gate,calibration,good,train/good/162.png,1.317481
patchcore_wr50_10,bottle,0,gate,calibration,good,train/good/163.png,1.342726
patchcore_wr50_10,bottle,0,gate,calibration,good,train/good/164.png,1.285679
patchcore_wr50_10,bottle,0,gate,calibration,good,train/good/165.png,1.244516
patchcore_wr50_10,bottle,0,gate,calibration,good,train/good/175.png,1.571794
patchcore_wr50_10,bottle,0,gate,calibration,good,train/good/178.png,1.274508
patchcore_wr50_10,bottle,0,gate,calibration,good,train/good/187.png,1.201804
patchcore_wr50_10,bottle,0,gate,calibration,good,train/good/194.png,1.499749
patchcore_wr50_10,bottle,0,gate,calibration,good,train/good/195.png,1.300555
patchcore_wr50_10,bottle,0,gate,calibration,good,train/good/200.png,1.332505
patchcore_wr50_10,bottle,0,gate,calibration,good,train/good/206.png,1.370681
patchcore_wr50_10,bottle,0,gate,test,broken_large,test/broken_large/000.png,3.390214
patchcore_wr50_10,bottle,0,gate,test,broken_large,test/broken_large/001.png,3.372901
patchcore_wr50_10,bottle,0,gate,test,broken_large,test/broken_large/002.png,3.395728
patchcore_wr50_10,bottle,0,gate,test,broken_large,test/broken_large/003.png,3.570364
patchcore_wr50_10,bottle,0,gate,test,broken_large,test/broken_large/004.png,3.724083
patchcore_wr50_10,bottle,0,gate,test,broken_large,test/broken_large/005.png,3.336945
patchcore_wr50_10,bottle,0,gate,test,broken_large,test/broken_large/006.png,3.697864
patchcore_wr50_10,bottle,0,gate,test,broken_large,test/broken_large/007.png,3.277600
patchcore_wr50_10,bottle,0,gate,test,broken_large,test/broken_large/008.png,3.492165
patchcore_wr50_10,bottle,0,gate,test,broken_large,test/broken_large/009.png,3.318264
patchcore_wr50_10,bottle,0,gate,test,broken_large,test/broken_large/010.png,3.547893
patchcore_wr50_10,bottle,0,gate,test,broken_large,test/broken_large/011.png,2.976081
patchcore_wr50_10,bottle,0,gate,test,broken_large,test/broken_large/012.png,3.696629
patchcore_wr50_10,bottle,0,gate,test,broken_large,test/broken_large/013.png,3.186429
patchcore_wr50_10,bottle,0,gate,test,broken_large,test/broken_large/014.png,3.353877
patchcore_wr50_10,bottle,0,gate,test,broken_large,test/broken_large/015.png,3.481318
patchcore_wr50_10,bottle,0,gate,test,broken_large,test/broken_large/016.png,3.222411
patchcore_wr50_10,bottle,0,gate,test,broken_large,test/broken_large/017.png,3.625963
patchcore_wr50_10,bottle,0,gate,test,broken_large,test/broken_large/018.png,3.440360
patchcore_wr50_10,bottle,0,gate,test,broken_large,test/broken_large/019.png,3.295221
patchcore_wr50_10,bottle,0,gate,test,broken_small,test/broken_small/000.png,2.662137
patchcore_wr50_10,bottle,0,gate,test,broken_small,test/broken_small/001.png,3.470244
patchcore_wr50_10,bottle,0,gate,test,broken_small,test/broken_small/002.png,3.405278
patchcore_wr50_10,bottle,0,gate,test,broken_small,test/broken_small/003.png,3.474631
patchcore_wr50_10,bottle,0,gate,test,broken_small,test/broken_small/004.png,3.739134
patchcore_wr50_10,bottle,0,gate,test,broken_small,test/broken_small/005.png,2.887643
patchcore_wr50_10,bottle,0,gate,test,broken_small,test/broken_small/006.png,3.478766
patchcore_wr50_10,bottle,0,gate,test,broken_small,test/broken_small/007.png,2.996362
patchcore_wr50_10,bottle,0,gate,test,broken_small,test/broken_small/008.png,2.849809
patchcore_wr50_10,bottle,0,gate,test,broken_small,test/broken_small/009.png,3.239370
patchcore_wr50_10,bottle,0,gate,test,broken_small,test/broken_small/010.png,3.598466
patchcore_wr50_10,bottle,0,gate,test,broken_small,test/broken_small/011.png,3.056656
patchcore_wr50_10,bottle,0,gate,test,broken_small,test/broken_small/012.png,3.502749
patchcore_wr50_10,bottle,0,gate,test,broken_small,test/broken_small/013.png,3.042309
patchcore_wr50_10,bottle,0,gate,test,broken_small,test/broken_small/014.png,2.915445
patchcore_wr50_10,bottle,0,gate,test,broken_small,test/broken_small/015.png,3.034107
patchcore_wr50_10,bottle,0,gate,test,broken_small,test/broken_small/016.png,3.369337
patchcore_wr50_10,bottle,0,gate,test,broken_small,test/broken_small/017.png,3.729101
patchcore_wr50_10,bottle,0,gate,test,broken_small,test/broken_small/018.png,3.934685
patchcore_wr50_10,bottle,0,gate,test,broken_small,test/broken_small/019.png,3.421815
patchcore_wr50_10,bottle,0,gate,test,broken_small,test/broken_small/020.png,3.647198
patchcore_wr50_10,bottle,0,gate,test,broken_small,test/broken_small/021.png,3.243362
patchcore_wr50_10,bottle,0,gate,test,contamination,test/contamination/000.png,3.153676
patchcore_wr50_10,bottle,0,gate,test,contamination,test/contamination/001.png,2.588629
patchcore_wr50_10,bottle,0,gate,test,contamination,test/contamination/002.png,2.724088
patchcore_wr50_10,bottle,0,gate,test,contamination,test/contamination/003.png,1.989305
patchcore_wr50_10,bottle,0,gate,test,contamination,test/contamination/004.png,2.262678
patchcore_wr50_10,bottle,0,gate,test,contamination,test/contamination/005.png,3.537956
patchcore_wr50_10,bottle,0,gate,test,contamination,test/contamination/006.png,3.055505
patchcore_wr50_10,bottle,0,gate,test,contamination,test/contamination/007.png,4.101249
patchcore_wr50_10,bottle,0,gate,test,contamination,test/contamination/008.png,3.054866
patchcore_wr50_10,bottle,0,gate,test,contamination,test/contamination/009.png,3.142851
patchcore_wr50_10,bottle,0,gate,test,contamination,test/contamination/010.png,3.269591
patchcore_wr50_10,bottle,0,gate,test,contamination,test/contamination/011.png,2.756834
patchcore_wr50_10,bottle,0,gate,test,contamination,test/contamination/012.png,2.231469
patchcore_wr50_10,bottle,0,gate,test,contamination,test/contamination/013.png,4.135197
patchcore_wr50_10,bottle,0,gate,test,contamination,test/contamination/014.png,2.492315
patchcore_wr50_10,bottle,0,gate,test,contamination,test/contamination/015.png,3.424187
patchcore_wr50_10,bottle,0,gate,test,contamination,test/contamination/016.png,2.699745
patchcore_wr50_10,bottle,0,gate,test,contamination,test/contamination/017.png,3.667843
patchcore_wr50_10,bottle,0,gate,test,contamination,test/contamination/018.png,3.773990
patchcore_wr50_10,bottle,0,gate,test,contamination,test/contamination/019.png,2.203813
patchcore_wr50_10,bottle,0,gate,test,contamination,test/contamination/020.png,2.577933
patchcore_wr50_10,bottle,0,gate,test,good,test/good/000.png,1.348167
patchcore_wr50_10,bottle,0,gate,test,good,test/good/001.png,1.558432
patchcore_wr50_10,bottle,0,gate,test,good,test/good/002.png,1.461454
patchcore_wr50_10,bottle,0,gate,test,good,test/good/003.png,1.254297
patchcore_wr50_10,bottle,0,gate,test,good,test/good/004.png,1.298053
patchcore_wr50_10,bottle,0,gate,test,good,test/good/005.png,1.267431
patchcore_wr50_10,bottle,0,gate,test,good,test/good/006.png,1.413956
patchcore_wr50_10,bottle,0,gate,test,good,test/good/007.png,1.371493
patchcore_wr50_10,bottle,0,gate,test,good,test/good/008.png,1.361737
patchcore_wr50_10,bottle,0,gate,test,good,test/good/009.png,1.472959
patchcore_wr50_10,bottle,0,gate,test,good,test/good/010.png,1.444209
patchcore_wr50_10,bottle,0,gate,test,good,test/good/011.png,1.323266
patchcore_wr50_10,bottle,0,gate,test,good,test/good/012.png,1.409487
patchcore_wr50_10,bottle,0,gate,test,good,test/good/013.png,1.303176
patchcore_wr50_10,bottle,0,gate,test,good,test/good/014.png,1.264818
patchcore_wr50_10,bottle,0,gate,test,good,test/good/015.png,1.527048
patchcore_wr50_10,bottle,0,gate,test,good,test/good/016.png,1.382341
patchcore_wr50_10,bottle,0,gate,test,good,test/good/017.png,1.263374
patchcore_wr50_10,bottle,0,gate,test,good,test/good/018.png,1.343865
patchcore_wr50_10,bottle,0,gate,test,good,test/good/019.png,1.522912
patchcore_wr50_10,bottle,1,full,test,broken_large,test/broken_large/000.png,3.387016
patchcore_wr50_10,bottle,1,full,test,broken_large,test/broken_large/001.png,3.359874
patchcore_wr50_10,bottle,1,full,test,broken_large,test/broken_large/002.png,3.310262
patchcore_wr50_10,bottle,1,full,test,broken_large,test/broken_large/003.png,3.594847
patchcore_wr50_10,bottle,1,full,test,broken_large,test/broken_large/004.png,3.729516
patchcore_wr50_10,bottle,1,full,test,broken_large,test/broken_large/005.png,3.323825
patchcore_wr50_10,bottle,1,full,test,broken_large,test/broken_large/006.png,3.618786
patchcore_wr50_10,bottle,1,full,test,broken_large,test/broken_large/007.png,3.272933
patchcore_wr50_10,bottle,1,full,test,broken_large,test/broken_large/008.png,3.492165
patchcore_wr50_10,bottle,1,full,test,broken_large,test/broken_large/009.png,3.299435
patchcore_wr50_10,bottle,1,full,test,broken_large,test/broken_large/010.png,3.525110
patchcore_wr50_10,bottle,1,full,test,broken_large,test/broken_large/011.png,2.939800
patchcore_wr50_10,bottle,1,full,test,broken_large,test/broken_large/012.png,3.620943
patchcore_wr50_10,bottle,1,full,test,broken_large,test/broken_large/013.png,3.161662
patchcore_wr50_10,bottle,1,full,test,broken_large,test/broken_large/014.png,3.361093
patchcore_wr50_10,bottle,1,full,test,broken_large,test/broken_large/015.png,3.424289
patchcore_wr50_10,bottle,1,full,test,broken_large,test/broken_large/016.png,3.208284
patchcore_wr50_10,bottle,1,full,test,broken_large,test/broken_large/017.png,3.682709
patchcore_wr50_10,bottle,1,full,test,broken_large,test/broken_large/018.png,3.420637
patchcore_wr50_10,bottle,1,full,test,broken_large,test/broken_large/019.png,3.276233
patchcore_wr50_10,bottle,1,full,test,broken_small,test/broken_small/000.png,2.666297
patchcore_wr50_10,bottle,1,full,test,broken_small,test/broken_small/001.png,3.413947
patchcore_wr50_10,bottle,1,full,test,broken_small,test/broken_small/002.png,3.392272
patchcore_wr50_10,bottle,1,full,test,broken_small,test/broken_small/003.png,3.474439
patchcore_wr50_10,bottle,1,full,test,broken_small,test/broken_small/004.png,3.739134
patchcore_wr50_10,bottle,1,full,test,broken_small,test/broken_small/005.png,2.887643
patchcore_wr50_10,bottle,1,full,test,broken_small,test/broken_small/006.png,3.495079
patchcore_wr50_10,bottle,1,full,test,broken_small,test/broken_small/007.png,3.035685
patchcore_wr50_10,bottle,1,full,test,broken_small,test/broken_small/008.png,2.945566
patchcore_wr50_10,bottle,1,full,test,broken_small,test/broken_small/009.png,3.241606
patchcore_wr50_10,bottle,1,full,test,broken_small,test/broken_small/010.png,3.537708
patchcore_wr50_10,bottle,1,full,test,broken_small,test/broken_small/011.png,3.064969
patchcore_wr50_10,bottle,1,full,test,broken_small,test/broken_small/012.png,3.506216
patchcore_wr50_10,bottle,1,full,test,broken_small,test/broken_small/013.png,2.946046
patchcore_wr50_10,bottle,1,full,test,broken_small,test/broken_small/014.png,2.946234
patchcore_wr50_10,bottle,1,full,test,broken_small,test/broken_small/015.png,2.995952
patchcore_wr50_10,bottle,1,full,test,broken_small,test/broken_small/016.png,3.216778
patchcore_wr50_10,bottle,1,full,test,broken_small,test/broken_small/017.png,3.729101
patchcore_wr50_10,bottle,1,full,test,broken_small,test/broken_small/018.png,3.889594
patchcore_wr50_10,bottle,1,full,test,broken_small,test/broken_small/019.png,3.421815
patchcore_wr50_10,bottle,1,full,test,broken_small,test/broken_small/020.png,3.635430
patchcore_wr50_10,bottle,1,full,test,broken_small,test/broken_small/021.png,3.243362
patchcore_wr50_10,bottle,1,full,test,contamination,test/contamination/000.png,3.074467
patchcore_wr50_10,bottle,1,full,test,contamination,test/contamination/001.png,2.564607
patchcore_wr50_10,bottle,1,full,test,contamination,test/contamination/002.png,2.724088
patchcore_wr50_10,bottle,1,full,test,contamination,test/contamination/003.png,2.004265
patchcore_wr50_10,bottle,1,full,test,contamination,test/contamination/004.png,2.266526
patchcore_wr50_10,bottle,1,full,test,contamination,test/contamination/005.png,3.537956
patchcore_wr50_10,bottle,1,full,test,contamination,test/contamination/006.png,3.047232
patchcore_wr50_10,bottle,1,full,test,contamination,test/contamination/007.png,4.076590
patchcore_wr50_10,bottle,1,full,test,contamination,test/contamination/008.png,3.060801
patchcore_wr50_10,bottle,1,full,test,contamination,test/contamination/009.png,3.142851
patchcore_wr50_10,bottle,1,full,test,contamination,test/contamination/010.png,3.265527
patchcore_wr50_10,bottle,1,full,test,contamination,test/contamination/011.png,2.690853
patchcore_wr50_10,bottle,1,full,test,contamination,test/contamination/012.png,2.235394
patchcore_wr50_10,bottle,1,full,test,contamination,test/contamination/013.png,4.142316
patchcore_wr50_10,bottle,1,full,test,contamination,test/contamination/014.png,2.492315
patchcore_wr50_10,bottle,1,full,test,contamination,test/contamination/015.png,3.364789
patchcore_wr50_10,bottle,1,full,test,contamination,test/contamination/016.png,2.689478
patchcore_wr50_10,bottle,1,full,test,contamination,test/contamination/017.png,3.650514
patchcore_wr50_10,bottle,1,full,test,contamination,test/contamination/018.png,3.732590
patchcore_wr50_10,bottle,1,full,test,contamination,test/contamination/019.png,2.161358
patchcore_wr50_10,bottle,1,full,test,contamination,test/contamination/020.png,2.556432
patchcore_wr50_10,bottle,1,full,test,good,test/good/000.png,1.317210
patchcore_wr50_10,bottle,1,full,test,good,test/good/001.png,1.543773
patchcore_wr50_10,bottle,1,full,test,good,test/good/002.png,1.450469
patchcore_wr50_10,bottle,1,full,test,good,test/good/003.png,1.218331
patchcore_wr50_10,bottle,1,full,test,good,test/good/004.png,1.186513
patchcore_wr50_10,bottle,1,full,test,good,test/good/005.png,1.227713
patchcore_wr50_10,bottle,1,full,test,good,test/good/006.png,1.397922
patchcore_wr50_10,bottle,1,full,test,good,test/good/007.png,1.270132
patchcore_wr50_10,bottle,1,full,test,good,test/good/008.png,1.287718
patchcore_wr50_10,bottle,1,full,test,good,test/good/009.png,1.537561
patchcore_wr50_10,bottle,1,full,test,good,test/good/010.png,1.400677
patchcore_wr50_10,bottle,1,full,test,good,test/good/011.png,1.286777
patchcore_wr50_10,bottle,1,full,test,good,test/good/012.png,1.375946
patchcore_wr50_10,bottle,1,full,test,good,test/good/013.png,1.310669
patchcore_wr50_10,bottle,1,full,test,good,test/good/014.png,1.274506
patchcore_wr50_10,bottle,1,full,test,good,test/good/015.png,1.553971
patchcore_wr50_10,bottle,1,full,test,good,test/good/016.png,1.323320
patchcore_wr50_10,bottle,1,full,test,good,test/good/017.png,1.273741
patchcore_wr50_10,bottle,1,full,test,good,test/good/018.png,1.329694
patchcore_wr50_10,bottle,1,full,test,good,test/good/019.png,1.489776
patchcore_wr50_10,bottle,1,gate,calibration,good,train/good/001.png,1.367165
patchcore_wr50_10,bottle,1,gate,calibration,good,train/good/005.png,1.334249
patchcore_wr50_10,bottle,1,gate,calibration,good,train/good/007.png,1.354500
patchcore_wr50_10,bottle,1,gate,calibration,good,train/good/008.png,1.294878
patchcore_wr50_10,bottle,1,gate,calibration,good,train/good/009.png,1.359504
patchcore_wr50_10,bottle,1,gate,calibration,good,train/good/020.png,1.598278
patchcore_wr50_10,bottle,1,gate,calibration,good,train/good/021.png,1.294324
patchcore_wr50_10,bottle,1,gate,calibration,good,train/good/022.png,1.297068
patchcore_wr50_10,bottle,1,gate,calibration,good,train/good/024.png,1.347953
patchcore_wr50_10,bottle,1,gate,calibration,good,train/good/029.png,1.411420
patchcore_wr50_10,bottle,1,gate,calibration,good,train/good/031.png,1.254756
patchcore_wr50_10,bottle,1,gate,calibration,good,train/good/043.png,1.404267
patchcore_wr50_10,bottle,1,gate,calibration,good,train/good/052.png,1.248452
patchcore_wr50_10,bottle,1,gate,calibration,good,train/good/059.png,1.370481
patchcore_wr50_10,bottle,1,gate,calibration,good,train/good/063.png,1.414739
patchcore_wr50_10,bottle,1,gate,calibration,good,train/good/070.png,1.211887
patchcore_wr50_10,bottle,1,gate,calibration,good,train/good/080.png,1.354150
patchcore_wr50_10,bottle,1,gate,calibration,good,train/good/084.png,1.321159
patchcore_wr50_10,bottle,1,gate,calibration,good,train/good/094.png,1.392566
patchcore_wr50_10,bottle,1,gate,calibration,good,train/good/097.png,1.474083
patchcore_wr50_10,bottle,1,gate,calibration,good,train/good/106.png,1.400056
patchcore_wr50_10,bottle,1,gate,calibration,good,train/good/110.png,1.261463
patchcore_wr50_10,bottle,1,gate,calibration,good,train/good/111.png,1.469966
patchcore_wr50_10,bottle,1,gate,calibration,good,train/good/112.png,1.333944
patchcore_wr50_10,bottle,1,gate,calibration,good,train/good/113.png,1.234151
patchcore_wr50_10,bottle,1,gate,calibration,good,train/good/119.png,1.599362
patchcore_wr50_10,bottle,1,gate,calibration,good,train/good/121.png,1.283136
patchcore_wr50_10,bottle,1,gate,calibration,good,train/good/131.png,1.559695
patchcore_wr50_10,bottle,1,gate,calibration,good,train/good/134.png,1.453213
patchcore_wr50_10,bottle,1,gate,calibration,good,train/good/148.png,1.608226
patchcore_wr50_10,bottle,1,gate,calibration,good,train/good/152.png,1.321312
patchcore_wr50_10,bottle,1,gate,calibration,good,train/good/156.png,1.362041
patchcore_wr50_10,bottle,1,gate,calibration,good,train/good/158.png,1.391903
patchcore_wr50_10,bottle,1,gate,calibration,good,train/good/163.png,1.342726
patchcore_wr50_10,bottle,1,gate,calibration,good,train/good/166.png,1.310559
patchcore_wr50_10,bottle,1,gate,calibration,good,train/good/175.png,1.532723
patchcore_wr50_10,bottle,1,gate,calibration,good,train/good/176.png,1.239588
patchcore_wr50_10,bottle,1,gate,calibration,good,train/good/184.png,1.397087
patchcore_wr50_10,bottle,1,gate,calibration,good,train/good/189.png,1.226368
patchcore_wr50_10,bottle,1,gate,calibration,good,train/good/191.png,1.251188
patchcore_wr50_10,bottle,1,gate,calibration,good,train/good/193.png,1.293336
patchcore_wr50_10,bottle,1,gate,calibration,good,train/good/195.png,1.375180
patchcore_wr50_10,bottle,1,gate,test,broken_large,test/broken_large/000.png,3.390214
patchcore_wr50_10,bottle,1,gate,test,broken_large,test/broken_large/001.png,3.375744
patchcore_wr50_10,bottle,1,gate,test,broken_large,test/broken_large/002.png,3.328495
patchcore_wr50_10,bottle,1,gate,test,broken_large,test/broken_large/003.png,3.622693
patchcore_wr50_10,bottle,1,gate,test,broken_large,test/broken_large/004.png,3.710449
patchcore_wr50_10,bottle,1,gate,test,broken_large,test/broken_large/005.png,3.285567
patchcore_wr50_10,bottle,1,gate,test,broken_large,test/broken_large/006.png,3.654445
patchcore_wr50_10,bottle,1,gate,test,broken_large,test/broken_large/007.png,3.277600
patchcore_wr50_10,bottle,1,gate,test,broken_large,test/broken_large/008.png,3.497458
patchcore_wr50_10,bottle,1,gate,test,broken_large,test/broken_large/009.png,3.333935
patchcore_wr50_10,bottle,1,gate,test,broken_large,test/broken_large/010.png,3.525110
patchcore_wr50_10,bottle,1,gate,test,broken_large,test/broken_large/011.png,2.998262
patchcore_wr50_10,bottle,1,gate,test,broken_large,test/broken_large/012.png,3.620943
patchcore_wr50_10,bottle,1,gate,test,broken_large,test/broken_large/013.png,3.169135
patchcore_wr50_10,bottle,1,gate,test,broken_large,test/broken_large/014.png,3.362698
patchcore_wr50_10,bottle,1,gate,test,broken_large,test/broken_large/015.png,3.422461
patchcore_wr50_10,bottle,1,gate,test,broken_large,test/broken_large/016.png,3.241004
patchcore_wr50_10,bottle,1,gate,test,broken_large,test/broken_large/017.png,3.707485
patchcore_wr50_10,bottle,1,gate,test,broken_large,test/broken_large/018.png,3.433700
patchcore_wr50_10,bottle,1,gate,test,broken_large,test/broken_large/019.png,3.243226
patchcore_wr50_10,bottle,1,gate,test,broken_small,test/broken_small/000.png,2.668329
patchcore_wr50_10,bottle,1,gate,test,broken_small,test/broken_small/001.png,3.439819
patchcore_wr50_10,bottle,1,gate,test,broken_small,test/broken_small/002.png,3.375650
patchcore_wr50_10,bottle,1,gate,test,broken_small,test/broken_small/003.png,3.471870
patchcore_wr50_10,bottle,1,gate,test,broken_small,test/broken_small/004.png,3.739134
patchcore_wr50_10,bottle,1,gate,test,broken_small,test/broken_small/005.png,2.927983
patchcore_wr50_10,bottle,1,gate,test,broken_small,test/broken_small/006.png,3.478766
patchcore_wr50_10,bottle,1,gate,test,broken_small,test/broken_small/007.png,3.018383
patchcore_wr50_10,bottle,1,gate,test,broken_small,test/broken_small/008.png,2.849809
patchcore_wr50_10,bottle,1,gate,test,broken_small,test/broken_small/009.png,3.257932
patchcore_wr50_10,bottle,1,gate,test,broken_small,test/broken_small/010.png,3.556471
patchcore_wr50_10,bottle,1,gate,test,broken_small,test/broken_small/011.png,3.064970
patchcore_wr50_10,bottle,1,gate,test,broken_small,test/broken_small/012.png,3.577568
patchcore_wr50_10,bottle,1,gate,test,broken_small,test/broken_small/013.png,2.948559
patchcore_wr50_10,bottle,1,gate,test,broken_small,test/broken_small/014.png,2.915445
patchcore_wr50_10,bottle,1,gate,test,broken_small,test/broken_small/015.png,3.030942
patchcore_wr50_10,bottle,1,gate,test,broken_small,test/broken_small/016.png,3.269000
patchcore_wr50_10,bottle,1,gate,test,broken_small,test/broken_small/017.png,3.720738
patchcore_wr50_10,bottle,1,gate,test,broken_small,test/broken_small/018.png,3.907951
patchcore_wr50_10,bottle,1,gate,test,broken_small,test/broken_small/019.png,3.441092
patchcore_wr50_10,bottle,1,gate,test,broken_small,test/broken_small/020.png,3.635430
patchcore_wr50_10,bottle,1,gate,test,broken_small,test/broken_small/021.png,3.280642
patchcore_wr50_10,bottle,1,gate,test,contamination,test/contamination/000.png,3.077363
patchcore_wr50_10,bottle,1,gate,test,contamination,test/contamination/001.png,2.546247
patchcore_wr50_10,bottle,1,gate,test,contamination,test/contamination/002.png,2.767050
patchcore_wr50_10,bottle,1,gate,test,contamination,test/contamination/003.png,1.971967
patchcore_wr50_10,bottle,1,gate,test,contamination,test/contamination/004.png,2.277139
patchcore_wr50_10,bottle,1,gate,test,contamination,test/contamination/005.png,3.536592
patchcore_wr50_10,bottle,1,gate,test,contamination,test/contamination/006.png,3.047232
patchcore_wr50_10,bottle,1,gate,test,contamination,test/contamination/007.png,4.096570
patchcore_wr50_10,bottle,1,gate,test,contamination,test/contamination/008.png,3.054866
patchcore_wr50_10,bottle,1,gate,test,contamination,test/contamination/009.png,3.142851
patchcore_wr50_10,bottle,1,gate,test,contamination,test/contamination/010.png,3.253390
patchcore_wr50_10,bottle,1,gate,test,contamination,test/contamination/011.png,2.690853
patchcore_wr50_10,bottle,1,gate,test,contamination,test/contamination/012.png,2.303682
patchcore_wr50_10,bottle,1,gate,test,contamination,test/contamination/013.png,4.133504
patchcore_wr50_10,bottle,1,gate,test,contamination,test/contamination/014.png,2.389047
patchcore_wr50_10,bottle,1,gate,test,contamination,test/contamination/015.png,3.386978
patchcore_wr50_10,bottle,1,gate,test,contamination,test/contamination/016.png,2.733652
patchcore_wr50_10,bottle,1,gate,test,contamination,test/contamination/017.png,3.650514
patchcore_wr50_10,bottle,1,gate,test,contamination,test/contamination/018.png,3.777062
patchcore_wr50_10,bottle,1,gate,test,contamination,test/contamination/019.png,2.199375
patchcore_wr50_10,bottle,1,gate,test,contamination,test/contamination/020.png,2.597970
patchcore_wr50_10,bottle,1,gate,test,good,test/good/000.png,1.360681
patchcore_wr50_10,bottle,1,gate,test,good,test/good/001.png,1.604766
patchcore_wr50_10,bottle,1,gate,test,good,test/good/002.png,1.452996
patchcore_wr50_10,bottle,1,gate,test,good,test/good/003.png,1.205732
patchcore_wr50_10,bottle,1,gate,test,good,test/good/004.png,1.235033
patchcore_wr50_10,bottle,1,gate,test,good,test/good/005.png,1.238839
patchcore_wr50_10,bottle,1,gate,test,good,test/good/006.png,1.382417
patchcore_wr50_10,bottle,1,gate,test,good,test/good/007.png,1.384818
patchcore_wr50_10,bottle,1,gate,test,good,test/good/008.png,1.278587
patchcore_wr50_10,bottle,1,gate,test,good,test/good/009.png,1.509312
patchcore_wr50_10,bottle,1,gate,test,good,test/good/010.png,1.335392
patchcore_wr50_10,bottle,1,gate,test,good,test/good/011.png,1.288123
patchcore_wr50_10,bottle,1,gate,test,good,test/good/012.png,1.373196
patchcore_wr50_10,bottle,1,gate,test,good,test/good/013.png,1.306005
patchcore_wr50_10,bottle,1,gate,test,good,test/good/014.png,1.287149
patchcore_wr50_10,bottle,1,gate,test,good,test/good/015.png,1.569439
patchcore_wr50_10,bottle,1,gate,test,good,test/good/016.png,1.323320
patchcore_wr50_10,bottle,1,gate,test,good,test/good/017.png,1.272293
patchcore_wr50_10,bottle,1,gate,test,good,test/good/018.png,1.314680
patchcore_wr50_10,bottle,1,gate,test,good,test/good/019.png,1.504747
patchcore_wr50_10,bottle,2,full,test,broken_large,test/broken_large/000.png,3.389691
patchcore_wr50_10,bottle,2,full,test,broken_large,test/broken_large/001.png,3.359874
patchcore_wr50_10,bottle,2,full,test,broken_large,test/broken_large/002.png,3.310262
patchcore_wr50_10,bottle,2,full,test,broken_large,test/broken_large/003.png,3.570364
patchcore_wr50_10,bottle,2,full,test,broken_large,test/broken_large/004.png,3.710449
patchcore_wr50_10,bottle,2,full,test,broken_large,test/broken_large/005.png,3.323825
patchcore_wr50_10,bottle,2,full,test,broken_large,test/broken_large/006.png,3.618786
patchcore_wr50_10,bottle,2,full,test,broken_large,test/broken_large/007.png,3.277600
patchcore_wr50_10,bottle,2,full,test,broken_large,test/broken_large/008.png,3.519729
patchcore_wr50_10,bottle,2,full,test,broken_large,test/broken_large/009.png,3.318264
patchcore_wr50_10,bottle,2,full,test,broken_large,test/broken_large/010.png,3.522638
patchcore_wr50_10,bottle,2,full,test,broken_large,test/broken_large/011.png,2.940847
patchcore_wr50_10,bottle,2,full,test,broken_large,test/broken_large/012.png,3.620943
patchcore_wr50_10,bottle,2,full,test,broken_large,test/broken_large/013.png,3.153968
patchcore_wr50_10,bottle,2,full,test,broken_large,test/broken_large/014.png,3.343120
patchcore_wr50_10,bottle,2,full,test,broken_large,test/broken_large/015.png,3.424289
patchcore_wr50_10,bottle,2,full,test,broken_large,test/broken_large/016.png,3.205513
patchcore_wr50_10,bottle,2,full,test,broken_large,test/broken_large/017.png,3.625963
patchcore_wr50_10,bottle,2,full,test,broken_large,test/broken_large/018.png,3.454134
patchcore_wr50_10,bottle,2,full,test,broken_large,test/broken_large/019.png,3.276233
patchcore_wr50_10,bottle,2,full,test,broken_small,test/broken_small/000.png,2.662137
patchcore_wr50_10,bottle,2,full,test,broken_small,test/broken_small/001.png,3.413947
patchcore_wr50_10,bottle,2,full,test,broken_small,test/broken_small/002.png,3.392272
patchcore_wr50_10,bottle,2,full,test,broken_small,test/broken_small/003.png,3.472045
patchcore_wr50_10,bottle,2,full,test,broken_small,test/broken_small/004.png,3.788005
patchcore_wr50_10,bottle,2,full,test,broken_small,test/broken_small/005.png,2.927983
patchcore_wr50_10,bottle,2,full,test,broken_small,test/broken_small/006.png,3.478766
patchcore_wr50_10,bottle,2,full,test,broken_small,test/broken_small/007.png,3.035685
patchcore_wr50_10,bottle,2,full,test,broken_small,test/broken_small/008.png,2.849809
patchcore_wr50_10,bottle,2,full,test,broken_small,test/broken_small/009.png,3.240557
patchcore_wr50_10,bottle,2,full,test,broken_small,test/broken_small/010.png,3.537708
patchcore_wr50_10,bottle,2,full,test,broken_small,test/broken_small/011.png,3.056656
patchcore_wr50_10,bottle,2,full,test,broken_small,test/broken_small/012.png,3.502749
patchcore_wr50_10,bottle,2,full,test,broken_small,test/broken_small/013.png,2.948559
patchcore_wr50_10,bottle,2,full,test,broken_small,test/broken_small/014.png,2.915445
patchcore_wr50_10,bottle,2,full,test,broken_small,test/broken_small/015.png,2.997547
patchcore_wr50_10,bottle,2,full,test,broken_small,test/broken_small/016.png,3.216778
patchcore_wr50_10,bottle,2,full,test,broken_small,test/broken_small/017.png,3.720738
patchcore_wr50_10,bottle,2,full,test,broken_small,test/broken_small/018.png,3.907951
patchcore_wr50_10,bottle,2,full,test,broken_small,test/broken_small/019.png,3.422234
patchcore_wr50_10,bottle,2,full,test,broken_small,test/broken_small/020.png,3.641468
patchcore_wr50_10,bottle,2,full,test,broken_small,test/broken_small/021.png,3.243362
patchcore_wr50_10,bottle,2,full,test,contamination,test/contamination/000.png,3.120349
patchcore_wr50_10,bottle,2,full,test,contamination,test/contamination/001.png,2.541007
patchcore_wr50_10,bottle,2,full,test,contamination,test/contamination/002.png,2.724088
patchcore_wr50_10,bottle,2,full,test,contamination,test/contamination/003.png,2.008078
patchcore_wr50_10,bottle,2,full,test,contamination,test/contamination/004.png,2.265821
patchcore_wr50_10,bottle,2,full,test,contamination,test/contamination/005.png,3.533646
patchcore_wr50_10,bottle,2,full,test,contamination,test/contamination/006.png,3.041098
patchcore_wr50_10,bottle,2,full,test,contamination,test/contamination/007.png,4.078106
patchcore_wr50_10,bottle,2,full,test,contamination,test/contamination/008.png,3.054866
patchcore_wr50_10,bottle,2,full,test,contamination,test/contamination/009.png,3.138881
patchcore_wr50_10,bottle,2,full,test,contamination,test/contamination/010.png,3.288485
patchcore_wr50_10,bottle,2,full,test,contamination,test/contamination/011.png,2.690853
patchcore_wr50_10,bottle,2,full,test,contamination,test/contamination/012.png,2.216786
patchcore_wr50_10,bottle,2,full,test,contamination,test/contamination/013.png,4.133063
patchcore_wr50_10,bottle,2,full,test,contamination,test/contamination/014.png,2.487147
patchcore_wr50_10,bottle,2,full,test,contamination,test/contamination/015.png,3.380626
patchcore_wr50_10,bottle,2,full,test,contamination,test/contamination/016.png,2.653734
patchcore_wr50_10,bottle,2,full,test,contamination,test/contamination/017.png,3.619987
patchcore_wr50_10,bottle,2,full,test,contamination,test/contamination/018.png,3.732590
patchcore_wr50_10,bottle,2,full,test,contamination,test/contamination/019.png,2.161358
patchcore_wr50_10,bottle,2,full,test,contamination,test/contamination/020.png,2.553818
patchcore_wr50_10,bottle,2,full,test,good,test/good/000.png,1.373118
patchcore_wr50_10,bottle,2,full,test,good,test/good/001.png,1.632788
patchcore_wr50_10,bottle,2,full,test,good,test/good/002.png,1.383483
patchcore_wr50_10,bottle,2,full,test,good,test/good/003.png,1.216856
patchcore_wr50_10,bottle,2,full,test,good,test/good/004.png,1.258034
patchcore_wr50_10,bottle,2,full,test,good,test/good/005.png,1.261970
patchcore_wr50_10,bottle,2,full,test,good,test/good/006.png,1.413956
patchcore_wr50_10,bottle,2,full,test,good,test/good/007.png,1.346001
patchcore_wr50_10,bottle,2,full,test,good,test/good/008.png,1.288382
patchcore_wr50_10,bottle,2,full,test,good,test/good/009.png,1.447939
patchcore_wr50_10,bottle,2,full,test,good,test/good/010.png,1.395382
patchcore_wr50_10,bottle,2,full,test,good,test/good/011.png,1.275267
patchcore_wr50_10,bottle,2,full,test,good,test/good/012.png,1.390621
patchcore_wr50_10,bottle,2,full,test,good,test/good/013.png,1.298706
patchcore_wr50_10,bottle,2,full,test,good,test/good/014.png,1.295150
patchcore_wr50_10,bottle,2,full,test,good,test/good/015.png,1.568263
patchcore_wr50_10,bottle,2,full,test,good,test/good/016.png,1.323320
patchcore_wr50_10,bottle,2,full,test,good,test/good/017.png,1.312362
patchcore_wr50_10,bottle,2,full,test,good,test/good/018.png,1.401139
patchcore_wr50_10,bottle,2,full,test,good,test/good/019.png,1.494561
patchcore_wr50_10,bottle,2,gate,calibration,good,train/good/000.png,1.289357
patchcore_wr50_10,bottle,2,gate,calibration,good,train/good/011.png,1.293983
patchcore_wr50_10,bottle,2,gate,calibration,good,train/good/026.png,1.298737
patchcore_wr50_10,bottle,2,gate,calibration,good,train/good/032.png,1.429551
patchcore_wr50_10,bottle,2,gate,calibration,good,train/good/038.png,1.559682
patchcore_wr50_10,bottle,2,gate,calibration,good,train/good/039.png,1.491229
patchcore_wr50_10,bottle,2,gate,calibration,good,train/good/042.png,1.756142
patchcore_wr50_10,bottle,2,gate,calibration,good,train/good/045.png,1.470429
patchcore_wr50_10,bottle,2,gate,calibration,good,train/good/053.png,1.371035
patchcore_wr50_10,bottle,2,gate,calibration,good,train/good/059.png,1.271547
patchcore_wr50_10,bottle,2,gate,calibration,good,train/good/066.png,1.331626
patchcore_wr50_10,bottle,2,gate,calibration,good,train/good/067.png,1.244757
patchcore_wr50_10,bottle,2,gate,calibration,good,train/good/071.png,1.430566
patchcore_wr50_10,bottle,2,gate,calibration,good,train/good/075.png,1.287575
patchcore_wr50_10,bottle,2,gate,calibration,good,train/good/081.png,1.535357
patchcore_wr50_10,bottle,2,gate,calibration,good,train/good/093.png,1.289057
patchcore_wr50_10,bottle,2,gate,calibration,good,train/good/096.png,1.205236
patchcore_wr50_10,bottle,2,gate,calibration,good,train/good/098.png,1.284527
patchcore_wr50_10,bottle,2,gate,calibration,good,train/good/104.png,1.310900
patchcore_wr50_10,bottle,2,gate,calibration,good,train/good/126.png,1.251376
patchcore_wr50_10,bottle,2,gate,calibration,good,train/good/132.png,1.987756
patchcore_wr50_10,bottle,2,gate,calibration,good,train/good/135.png,1.515163
patchcore_wr50_10,bottle,2,gate,calibration,good,train/good/136.png,1.252919
patchcore_wr50_10,bottle,2,gate,calibration,good,train/good/140.png,1.412839
patchcore_wr50_10,bottle,2,gate,calibration,good,train/good/146.png,1.291949
patchcore_wr50_10,bottle,2,gate,calibration,good,train/good/148.png,1.662533
patchcore_wr50_10,bottle,2,gate,calibration,good,train/good/150.png,1.407122
patchcore_wr50_10,bottle,2,gate,calibration,good,train/good/151.png,1.277475
patchcore_wr50_10,bottle,2,gate,calibration,good,train/good/155.png,1.508336
patchcore_wr50_10,bottle,2,gate,calibration,good,train/good/161.png,1.269665
patchcore_wr50_10,bottle,2,gate,calibration,good,train/good/162.png,1.261599
patchcore_wr50_10,bottle,2,gate,calibration,good,train/good/163.png,1.284573
patchcore_wr50_10,bottle,2,gate,calibration,good,train/good/168.png,1.245417
patchcore_wr50_10,bottle,2,gate,calibration,good,train/good/170.png,1.333468
patchcore_wr50_10,bottle,2,gate,calibration,good,train/good/176.png,1.228301
patchcore_wr50_10,bottle,2,gate,calibration,good,train/good/182.png,1.437318
patchcore_wr50_10,bottle,2,gate,calibration,good,train/good/186.png,1.365560
patchcore_wr50_10,bottle,2,gate,calibration,good,train/good/189.png,1.214801
patchcore_wr50_10,bottle,2,gate,calibration,good,train/good/200.png,1.362386
patchcore_wr50_10,bottle,2,gate,calibration,good,train/good/203.png,1.315619
patchcore_wr50_10,bottle,2,gate,calibration,good,train/good/206.png,1.352510
patchcore_wr50_10,bottle,2,gate,calibration,good,train/good/208.png,1.339078
patchcore_wr50_10,bottle,2,gate,test,broken_large,test/broken_large/000.png,3.382348
patchcore_wr50_10,bottle,2,gate,test,broken_large,test/broken_large/001.png,3.384329
patchcore_wr50_10,bottle,2,gate,test,broken_large,test/broken_large/002.png,3.332490
patchcore_wr50_10,bottle,2,gate,test,broken_large,test/broken_large/003.png,3.619839
patchcore_wr50_10,bottle,2,gate,test,broken_large,test/broken_large/004.png,3.698810
patchcore_wr50_10,bottle,2,gate,test,broken_large,test/broken_large/005.png,3.316658
patchcore_wr50_10,bottle,2,gate,test,broken_large,test/broken_large/006.png,3.618786
patchcore_wr50_10,bottle,2,gate,test,broken_large,test/broken_large/007.png,3.284328
patchcore_wr50_10,bottle,2,gate,test,broken_large,test/broken_large/008.png,3.515450
patchcore_wr50_10,bottle,2,gate,test,broken_large,test/broken_large/009.png,3.333935
patchcore_wr50_10,bottle,2,gate,test,broken_large,test/broken_large/010.png,3.522638
patchcore_wr50_10,bottle,2,gate,test,broken_large,test/broken_large/011.png,2.935140
patchcore_wr50_10,bottle,2,gate,test,broken_large,test/broken_large/012.png,3.620943
patchcore_wr50_10,bottle,2,gate,test,broken_large,test/broken_large/013.png,3.177146
patchcore_wr50_10,bottle,2,gate,test,broken_large,test/broken_large/014.png,3.353877
patchcore_wr50_10,bottle,2,gate,test,broken_large,test/broken_large/015.png,3.463909
patchcore_wr50_10,bottle,2,gate,test,broken_large,test/broken_large/016.png,3.217051
patchcore_wr50_10,bottle,2,gate,test,broken_large,test/broken_large/017.png,3.707485
patchcore_wr50_10,bottle,2,gate,test,broken_large,test/broken_large/018.png,3.454134
patchcore_wr50_10,bottle,2,gate,test,broken_large,test/broken_large/019.png,3.276233
patchcore_wr50_10,bottle,2,gate,test,broken_small,test/broken_small/000.png,2.718900
patchcore_wr50_10,bottle,2,gate,test,broken_small,test/broken_small/001.png,3.413947
patchcore_wr50_10,bottle,2,gate,test,broken_small,test/broken_small/002.png,3.371257
patchcore_wr50_10,bottle,2,gate,test,broken_small,test/broken_small/003.png,3.471870
patchcore_wr50_10,bottle,2,gate,test,broken_small,test/broken_small/004.png,3.739134
patchcore_wr50_10,bottle,2,gate,test,broken_small,test/broken_small/005.png,2.956233
patchcore_wr50_10,bottle,2,gate,test,broken_small,test/broken_small/006.png,3.501310
patchcore_wr50_10,bottle,2,gate,test,broken_small,test/broken_small/007.png,3.025312
patchcore_wr50_10,bottle,2,gate,test,broken_small,test/broken_small/008.png,2.932097
patchcore_wr50_10,bottle,2,gate,test,broken_small,test/broken_small/009.png,3.250882
patchcore_wr50_10,bottle,2,gate,test,broken_small,test/broken_small/010.png,3.556471
patchcore_wr50_10,bottle,2,gate,test,broken_small,test/broken_small/011.png,3.064970
patchcore_wr50_10,bottle,2,gate,test,broken_small,test/broken_small/012.png,3.506216
patchcore_wr50_10,bottle,2,gate,test,broken_small,test/broken_small/013.png,2.948559
patchcore_wr50_10,bottle,2,gate,test,broken_small,test/broken_small/014.png,2.977530
patchcore_wr50_10,bottle,2,gate,test,broken_small,test/broken_small/015.png,3.030942
patchcore_wr50_10,bottle,2,gate,test,broken_small,test/broken_small/016.png,3.269000
patchcore_wr50_10,bottle,2,gate,test,broken_small,test/broken_small/017.png,3.729101
patchcore_wr50_10,bottle,2,gate,test,broken_small,test/broken_small/018.png,3.924156
patchcore_wr50_10,bottle,2,gate,test,broken_small,test/broken_small/019.png,3.471198
patchcore_wr50_10,bottle,2,gate,test,broken_small,test/broken_small/020.png,3.635430
patchcore_wr50_10,bottle,2,gate,test,broken_small,test/broken_small/021.png,3.243362
patchcore_wr50_10,bottle,2,gate,test,contamination,test/contamination/000.png,3.092842
patchcore_wr50_10,bottle,2,gate,test,contamination,test/contamination/001.png,2.565413
patchcore_wr50_10,bottle,2,gate,test,contamination,test/contamination/002.png,2.724088
patchcore_wr50_10,bottle,2,gate,test,contamination,test/contamination/003.png,2.021047
patchcore_wr50_10,bottle,2,gate,test,contamination,test/contamination/004.png,2.294062
patchcore_wr50_10,bottle,2,gate,test,contamination,test/contamination/005.png,3.533646
patchcore_wr50_10,bottle,2,gate,test,contamination,test/contamination/006.png,3.070736
patchcore_wr50_10,bottle,2,gate,test,contamination,test/contamination/007.png,4.070659
patchcore_wr50_10,bottle,2,gate,test,contamination,test/contamination/008.png,3.211953
patchcore_wr50_10,bottle,2,gate,test,contamination,test/contamination/009.png,3.354490
patchcore_wr50_10,bottle,2,gate,test,contamination,test/contamination/010.png,3.274012
patchcore_wr50_10,bottle,2,gate,test,contamination,test/contamination/011.png,2.690853
patchcore_wr50_10,bottle,2,gate,test,contamination,test/contamination/012.png,2.244622
patchcore_wr50_10,bottle,2,gate,test,contamination,test/contamination/013.png,4.162535
patchcore_wr50_10,bottle,2,gate,test,contamination,test/contamination/014.png,2.540275
patchcore_wr50_10,bottle,2,gate,test,contamination,test/contamination/015.png,3.362441
patchcore_wr50_10,bottle,2,gate,test,contamination,test/contamination/016.png,2.676917
patchcore_wr50_10,bottle,2,gate,test,contamination,test/contamination/017.png,3.641841
patchcore_wr50_10,bottle,2,gate,test,contamination,test/contamination/018.png,3.772153
patchcore_wr50_10,bottle,2,gate,test,contamination,test/contamination/019.png,2.161358
patchcore_wr50_10,bottle,2,gate,test,contamination,test/contamination/020.png,2.603713
patchcore_wr50_10,bottle,2,gate,test,good,test/good/000.png,1.359532
patchcore_wr50_10,bottle,2,gate,test,good,test/good/001.png,1.604766
patchcore_wr50_10,bottle,2,gate,test,good,test/good/002.png,1.451188
patchcore_wr50_10,bottle,2,gate,test,good,test/good/003.png,1.258760
patchcore_wr50_10,bottle,2,gate,test,good,test/good/004.png,1.342645
patchcore_wr50_10,bottle,2,gate,test,good,test/good/005.png,1.261011
patchcore_wr50_10,bottle,2,gate,test,good,test/good/006.png,1.413956
patchcore_wr50_10,bottle,2,gate,test,good,test/good/007.png,1.363926
patchcore_wr50_10,bottle,2,gate,test,good,test/good/008.png,1.309046
patchcore_wr50_10,bottle,2,gate,test,good,test/good/009.png,1.537561
patchcore_wr50_10,bottle,2,gate,test,good,test/good/010.png,1.406990
patchcore_wr50_10,bottle,2,gate,test,good,test/good/011.png,1.278069
patchcore_wr50_10,bottle,2,gate,test,good,test/good/012.png,1.373196
patchcore_wr50_10,bottle,2,gate,test,good,test/good/013.png,1.310669
patchcore_wr50_10,bottle,2,gate,test,good,test/good/014.png,1.274074
patchcore_wr50_10,bottle,2,gate,test,good,test/good/015.png,1.598501
patchcore_wr50_10,bottle,2,gate,test,good,test/good/016.png,1.415636
patchcore_wr50_10,bottle,2,gate,test,good,test/good/017.png,1.338992
patchcore_wr50_10,bottle,2,gate,test,good,test/good/018.png,1.393409
patchcore_wr50_10,bottle,2,gate,test,good,test/good/019.png,1.548563
patchcore_wr50_10,grid,0,full,test,bent,test/bent/000.png,2.038015
patchcore_wr50_10,grid,0,full,test,bent,test/bent/001.png,2.631681
patchcore_wr50_10,grid,0,full,test,bent,test/bent/002.png,2.224592
patchcore_wr50_10,grid,0,full,test,bent,test/bent/003.png,2.343351
patchcore_wr50_10,grid,0,full,test,bent,test/bent/004.png,2.302387
patchcore_wr50_10,grid,0,full,test,bent,test/bent/005.png,2.105567
patchcore_wr50_10,grid,0,full,test,bent,test/bent/006.png,2.414146
patchcore_wr50_10,grid,0,full,test,bent,test/bent/007.png,2.124208
patchcore_wr50_10,grid,0,full,test,bent,test/bent/008.png,1.913893
patchcore_wr50_10,grid,0,full,test,bent,test/bent/009.png,2.798000
patchcore_wr50_10,grid,0,full,test,bent,test/bent/010.png,2.587923
patchcore_wr50_10,grid,0,full,test,bent,test/bent/011.png,2.336644
patchcore_wr50_10,grid,0,full,test,broken,test/broken/000.png,2.376963
patchcore_wr50_10,grid,0,full,test,broken,test/broken/001.png,3.199497
patchcore_wr50_10,grid,0,full,test,broken,test/broken/002.png,2.199138
patchcore_wr50_10,grid,0,full,test,broken,test/broken/003.png,2.893150
patchcore_wr50_10,grid,0,full,test,broken,test/broken/004.png,2.615381
patchcore_wr50_10,grid,0,full,test,broken,test/broken/005.png,2.249396
patchcore_wr50_10,grid,0,full,test,broken,test/broken/006.png,2.382821
patchcore_wr50_10,grid,0,full,test,broken,test/broken/007.png,2.297345
patchcore_wr50_10,grid,0,full,test,broken,test/broken/008.png,2.255063
patchcore_wr50_10,grid,0,full,test,broken,test/broken/009.png,2.530362
patchcore_wr50_10,grid,0,full,test,broken,test/broken/010.png,2.788194
patchcore_wr50_10,grid,0,full,test,broken,test/broken/011.png,2.236771
patchcore_wr50_10,grid,0,full,test,glue,test/glue/000.png,1.733847
patchcore_wr50_10,grid,0,full,test,glue,test/glue/001.png,1.912390
patchcore_wr50_10,grid,0,full,test,glue,test/glue/002.png,2.183771
patchcore_wr50_10,grid,0,full,test,glue,test/glue/003.png,1.821084
patchcore_wr50_10,grid,0,full,test,glue,test/glue/004.png,2.181282
patchcore_wr50_10,grid,0,full,test,glue,test/glue/005.png,2.189674
patchcore_wr50_10,grid,0,full,test,glue,test/glue/006.png,1.874261
patchcore_wr50_10,grid,0,full,test,glue,test/glue/007.png,1.887307
patchcore_wr50_10,grid,0,full,test,glue,test/glue/008.png,1.382822
patchcore_wr50_10,grid,0,full,test,glue,test/glue/009.png,1.870552
patchcore_wr50_10,grid,0,full,test,glue,test/glue/010.png,2.243219
patchcore_wr50_10,grid,0,full,test,good,test/good/000.png,1.574434
patchcore_wr50_10,grid,0,full,test,good,test/good/001.png,1.444612
patchcore_wr50_10,grid,0,full,test,good,test/good/002.png,1.387842
patchcore_wr50_10,grid,0,full,test,good,test/good/003.png,1.681473
patchcore_wr50_10,grid,0,full,test,good,test/good/004.png,1.470374
patchcore_wr50_10,grid,0,full,test,good,test/good/005.png,1.663878
patchcore_wr50_10,grid,0,full,test,good,test/good/006.png,1.711084
patchcore_wr50_10,grid,0,full,test,good,test/good/007.png,1.420854
patchcore_wr50_10,grid,0,full,test,good,test/good/008.png,1.571187
patchcore_wr50_10,grid,0,full,test,good,test/good/009.png,1.384361
patchcore_wr50_10,grid,0,full,test,good,test/good/010.png,1.449591
patchcore_wr50_10,grid,0,full,test,good,test/good/011.png,1.488042
patchcore_wr50_10,grid,0,full,test,good,test/good/012.png,1.404723
patchcore_wr50_10,grid,0,full,test,good,test/good/013.png,1.419816
patchcore_wr50_10,grid,0,full,test,good,test/good/014.png,1.410778
patchcore_wr50_10,grid,0,full,test,good,test/good/015.png,1.354130
patchcore_wr50_10,grid,0,full,test,good,test/good/016.png,1.446641
patchcore_wr50_10,grid,0,full,test,good,test/good/017.png,1.629523
patchcore_wr50_10,grid,0,full,test,good,test/good/018.png,1.869538
patchcore_wr50_10,grid,0,full,test,good,test/good/019.png,1.524248
patchcore_wr50_10,grid,0,full,test,good,test/good/020.png,1.597525
patchcore_wr50_10,grid,0,full,test,metal_contamination,test/metal_contamination/000.png,2.468684
patchcore_wr50_10,grid,0,full,test,metal_contamination,test/metal_contamination/001.png,2.542346
patchcore_wr50_10,grid,0,full,test,metal_contamination,test/metal_contamination/002.png,3.193187
patchcore_wr50_10,grid,0,full,test,metal_contamination,test/metal_contamination/003.png,2.350173
patchcore_wr50_10,grid,0,full,test,metal_contamination,test/metal_contamination/004.png,2.366313
patchcore_wr50_10,grid,0,full,test,metal_contamination,test/metal_contamination/005.png,2.165333
patchcore_wr50_10,grid,0,full,test,metal_contamination,test/metal_contamination/006.png,1.964507
patchcore_wr50_10,grid,0,full,test,metal_contamination,test/metal_contamination/007.png,1.874418
patchcore_wr50_10,grid,0,full,test,metal_contamination,test/metal_contamination/008.png,2.315000
patchcore_wr50_10,grid,0,full,test,metal_contamination,test/metal_contamination/009.png,1.922991
patchcore_wr50_10,grid,0,full,test,metal_contamination,test/metal_contamination/010.png,2.336291
patchcore_wr50_10,grid,0,full,test,thread,test/thread/000.png,2.202922
patchcore_wr50_10,grid,0,full,test,thread,test/thread/001.png,2.980313
patchcore_wr50_10,grid,0,full,test,thread,test/thread/002.png,1.730375
patchcore_wr50_10,grid,0,full,test,thread,test/thread/003.png,1.790438
patchcore_wr50_10,grid,0,full,test,thread,test/thread/004.png,2.656307
patchcore_wr50_10,grid,0,full,test,thread,test/thread/005.png,2.964110
patchcore_wr50_10,grid,0,full,test,thread,test/thread/006.png,2.172526
patchcore_wr50_10,grid,0,full,test,thread,test/thread/007.png,2.045949
patchcore_wr50_10,grid,0,full,test,thread,test/thread/008.png,2.001817
patchcore_wr50_10,grid,0,full,test,thread,test/thread/009.png,2.374745
patchcore_wr50_10,grid,0,full,test,thread,test/thread/010.png,2.456274
patchcore_wr50_10,grid,0,gate,calibration,good,train/good/000.png,1.446227
patchcore_wr50_10,grid,0,gate,calibration,good,train/good/006.png,1.417025
patchcore_wr50_10,grid,0,gate,calibration,good,train/good/013.png,1.566523
patchcore_wr50_10,grid,0,gate,calibration,good,train/good/017.png,1.757244
patchcore_wr50_10,grid,0,gate,calibration,good,train/good/018.png,1.747761
patchcore_wr50_10,grid,0,gate,calibration,good,train/good/025.png,1.470896
patchcore_wr50_10,grid,0,gate,calibration,good,train/good/033.png,1.598685
patchcore_wr50_10,grid,0,gate,calibration,good,train/good/036.png,1.437776
patchcore_wr50_10,grid,0,gate,calibration,good,train/good/039.png,1.398716
patchcore_wr50_10,grid,0,gate,calibration,good,train/good/041.png,1.650958
patchcore_wr50_10,grid,0,gate,calibration,good,train/good/065.png,1.501603
patchcore_wr50_10,grid,0,gate,calibration,good,train/good/068.png,1.529727
patchcore_wr50_10,grid,0,gate,calibration,good,train/good/070.png,1.762879
patchcore_wr50_10,grid,0,gate,calibration,good,train/good/071.png,1.542191
patchcore_wr50_10,grid,0,gate,calibration,good,train/good/074.png,1.489603
patchcore_wr50_10,grid,0,gate,calibration,good,train/good/075.png,1.374063
patchcore_wr50_10,grid,0,gate,calibration,good,train/good/092.png,1.401944
patchcore_wr50_10,grid,0,gate,calibration,good,train/good/093.png,1.798527
patchcore_wr50_10,grid,0,gate,calibration,good,train/good/094.png,1.420909
patchcore_wr50_10,grid,0,gate,calibration,good,train/good/097.png,1.521501
patchcore_wr50_10,grid,0,gate,calibration,good,train/good/098.png,1.353803
patchcore_wr50_10,grid,0,gate,calibration,good,train/good/103.png,1.418819
patchcore_wr50_10,grid,0,gate,calibration,good,train/good/111.png,1.651875
patchcore_wr50_10,grid,0,gate,calibration,good,train/good/116.png,1.511536
patchcore_wr50_10,grid,0,gate,calibration,good,train/good/123.png,1.445702
patchcore_wr50_10,grid,0,gate,calibration,good,train/good/124.png,1.488317
patchcore_wr50_10,grid,0,gate,calibration,good,train/good/126.png,1.461739
patchcore_wr50_10,grid,0,gate,calibration,good,train/good/130.png,1.551006
patchcore_wr50_10,grid,0,gate,calibration,good,train/good/132.png,1.557996
patchcore_wr50_10,grid,0,gate,calibration,good,train/good/133.png,1.425370
patchcore_wr50_10,grid,0,gate,calibration,good,train/good/138.png,1.455407
patchcore_wr50_10,grid,0,gate,calibration,good,train/good/140.png,1.412326
patchcore_wr50_10,grid,0,gate,calibration,good,train/good/142.png,1.580476
patchcore_wr50_10,grid,0,gate,calibration,good,train/good/148.png,1.599196
patchcore_wr50_10,grid,0,gate,calibration,good,train/good/149.png,1.485455
patchcore_wr50_10,grid,0,gate,calibration,good,train/good/157.png,1.613254
patchcore_wr50_10,grid,0,gate,calibration,good,train/good/160.png,1.547802
patchcore_wr50_10,grid,0,gate,calibration,good,train/good/161.png,1.452404
patchcore_wr50_10,grid,0,gate,calibration,good,train/good/164.png,1.638963
patchcore_wr50_10,grid,0,gate,calibration,good,train/good/165.png,1.550399
patchcore_wr50_10,grid,0,gate,calibration,good,train/good/167.png,1.601035
patchcore_wr50_10,grid,0,gate,calibration,good,train/good/173.png,1.420068
patchcore_wr50_10,grid,0,gate,calibration,good,train/good/194.png,1.528877
patchcore_wr50_10,grid,0,gate,calibration,good,train/good/200.png,1.525670
patchcore_wr50_10,grid,0,gate,calibration,good,train/good/201.png,1.250055
patchcore_wr50_10,grid,0,gate,calibration,good,train/good/214.png,1.466234
patchcore_wr50_10,grid,0,gate,calibration,good,train/good/223.png,1.314835
patchcore_wr50_10,grid,0,gate,calibration,good,train/good/227.png,1.395685
patchcore_wr50_10,grid,0,gate,calibration,good,train/good/229.png,1.494886
patchcore_wr50_10,grid,0,gate,calibration,good,train/good/235.png,1.531023
patchcore_wr50_10,grid,0,gate,calibration,good,train/good/239.png,1.457601
patchcore_wr50_10,grid,0,gate,calibration,good,train/good/246.png,1.484685
patchcore_wr50_10,grid,0,gate,calibration,good,train/good/249.png,1.628554
patchcore_wr50_10,grid,0,gate,test,bent,test/bent/000.png,2.066482
patchcore_wr50_10,grid,0,gate,test,bent,test/bent/001.png,2.646877
patchcore_wr50_10,grid,0,gate,test,bent,test/bent/002.png,2.195059
patchcore_wr50_10,grid,0,gate,test,bent,test/bent/003.png,2.364738
patchcore_wr50_10,grid,0,gate,test,bent,test/bent/004.png,2.304191
patchcore_wr50_10,grid,0,gate,test,bent,test/bent/005.png,2.182720
patchcore_wr50_10,grid,0,gate,test,bent,test/bent/006.png,2.408184
patchcore_wr50_10,grid,0,gate,test,bent,test/bent/007.png,2.121904
patchcore_wr50_10,grid,0,gate,test,bent,test/bent/008.png,1.960778
patchcore_wr50_10,grid,0,gate,test,bent,test/bent/009.png,2.811697
patchcore_wr50_10,grid,0,gate,test,bent,test/bent/010.png,2.597883
patchcore_wr50_10,grid,0,gate,test,bent,test/bent/011.png,2.350287
patchcore_wr50_10,grid,0,gate,test,broken,test/broken/000.png,2.383976
patchcore_wr50_10,grid,0,gate,test,broken,test/broken/001.png,3.234766
patchcore_wr50_10,grid,0,gate,test,broken,test/broken/002.png,2.262281
patchcore_wr50_10,grid,0,gate,test,broken,test/broken/003.png,2.915253
patchcore_wr50_10,grid,0,gate,test,broken,test/broken/004.png,2.623442
patchcore_wr50_10,grid,0,gate,test,broken,test/broken/005.png,2.255774
patchcore_wr50_10,grid,0,gate,test,broken,test/broken/006.png,2.477738
patchcore_wr50_10,grid,0,gate,test,broken,test/broken/007.png,2.372673
patchcore_wr50_10,grid,0,gate,test,broken,test/broken/008.png,2.305472
patchcore_wr50_10,grid,0,gate,test,broken,test/broken/009.png,2.568004
patchcore_wr50_10,grid,0,gate,test,broken,test/broken/010.png,2.716190
patchcore_wr50_10,grid,0,gate,test,broken,test/broken/011.png,2.233084
patchcore_wr50_10,grid,0,gate,test,glue,test/glue/000.png,1.724337
patchcore_wr50_10,grid,0,gate,test,glue,test/glue/001.png,1.961926
patchcore_wr50_10,grid,0,gate,test,glue,test/glue/002.png,2.162389
patchcore_wr50_10,grid,0,gate,test,glue,test/glue/003.png,1.831191
patchcore_wr50_10,grid,0,gate,test,glue,test/glue/004.png,2.184980
patchcore_wr50_10,grid,0,gate,test,glue,test/glue/005.png,2.117241
patchcore_wr50_10,grid,0,gate,test,glue,test/glue/006.png,1.888985
patchcore_wr50_10,grid,0,gate,test,glue,test/glue/007.png,1.864919
patchcore_wr50_10,grid,0,gate,test,glue,test/glue/008.png,1.309053
patchcore_wr50_10,grid,0,gate,test,glue,test/glue/009.png,1.870552
patchcore_wr50_10,grid,0,gate,test,glue,test/glue/010.png,2.380962
patchcore_wr50_10,grid,0,gate,test,good,test/good/000.png,1.483590
patchcore_wr50_10,grid,0,gate,test,good,test/good/001.png,1.499322
patchcore_wr50_10,grid,0,gate,test,good,test/good/002.png,1.466595
patchcore_wr50_10,grid,0,gate,test,good,test/good/003.png,1.843183
patchcore_wr50_10,grid,0,gate,test,good,test/good/004.png,1.476119
patchcore_wr50_10,grid,0,gate,test,good,test/good/005.png,1.655391
patchcore_wr50_10,grid,0,gate,test,good,test/good/006.png,1.753527
patchcore_wr50_10,grid,0,gate,test,good,test/good/007.png,1.423908
patchcore_wr50_10,grid,0,gate,test,good,test/good/008.png,1.581220
patchcore_wr50_10,grid,0,gate,test,good,test/good/009.png,1.518549
patchcore_wr50_10,grid,0,gate,test,good,test/good/010.png,1.554620
patchcore_wr50_10,grid,0,gate,test,good,test/good/011.png,1.535582
patchcore_wr50_10,grid,0,gate,test,good,test/good/012.png,1.559559
patchcore_wr50_10,grid,0,gate,test,good,test/good/013.png,1.466005
patchcore_wr50_10,grid,0,gate,test,good,test/good/014.png,1.527848
patchcore_wr50_10,grid,0,gate,test,good,test/good/015.png,1.497774
patchcore_wr50_10,grid,0,gate,test,good,test/good/016.png,1.502437
patchcore_wr50_10,grid,0,gate,test,good,test/good/017.png,1.629523
patchcore_wr50_10,grid,0,gate,test,good,test/good/018.png,1.882240
patchcore_wr50_10,grid,0,gate,test,good,test/good/019.png,1.650494
patchcore_wr50_10,grid,0,gate,test,good,test/good/020.png,1.609112
patchcore_wr50_10,grid,0,gate,test,metal_contamination,test/metal_contamination/000.png,2.499917
patchcore_wr50_10,grid,0,gate,test,metal_contamination,test/metal_contamination/001.png,2.586226
patchcore_wr50_10,grid,0,gate,test,metal_contamination,test/metal_contamination/002.png,3.165176
patchcore_wr50_10,grid,0,gate,test,metal_contamination,test/metal_contamination/003.png,2.348661
patchcore_wr50_10,grid,0,gate,test,metal_contamination,test/metal_contamination/004.png,2.335003
patchcore_wr50_10,grid,0,gate,test,metal_contamination,test/metal_contamination/005.png,2.270557
patchcore_wr50_10,grid,0,gate,test,metal_contamination,test/metal_contamination/006.png,2.013162
patchcore_wr50_10,grid,0,gate,test,metal_contamination,test/metal_contamination/007.png,1.934393
patchcore_wr50_10,grid,0,gate,test,metal_contamination,test/metal_contamination/008.png,2.361399
patchcore_wr50_10,grid,0,gate,test,metal_contamination,test/metal_contamination/009.png,1.886559
patchcore_wr50_10,grid,0,gate,test,metal_contamination,test/metal_contamination/010.png,2.224782
patchcore_wr50_10,grid,0,gate,test,thread,test/thread/000.png,2.261472
patchcore_wr50_10,grid,0,gate,test,thread,test/thread/001.png,2.997683
patchcore_wr50_10,grid,0,gate,test,thread,test/thread/002.png,1.761468
patchcore_wr50_10,grid,0,gate,test,thread,test/thread/003.png,1.733907
patchcore_wr50_10,grid,0,gate,test,thread,test/thread/004.png,2.667503
patchcore_wr50_10,grid,0,gate,test,thread,test/thread/005.png,2.964110
patchcore_wr50_10,grid,0,gate,test,thread,test/thread/006.png,2.196038
patchcore_wr50_10,grid,0,gate,test,thread,test/thread/007.png,2.030077
patchcore_wr50_10,grid,0,gate,test,thread,test/thread/008.png,2.007898
patchcore_wr50_10,grid,0,gate,test,thread,test/thread/009.png,2.381270
patchcore_wr50_10,grid,0,gate,test,thread,test/thread/010.png,2.448571
patchcore_wr50_10,grid,1,full,test,bent,test/bent/000.png,2.067891
patchcore_wr50_10,grid,1,full,test,bent,test/bent/001.png,2.641347
patchcore_wr50_10,grid,1,full,test,bent,test/bent/002.png,2.179153
patchcore_wr50_10,grid,1,full,test,bent,test/bent/003.png,2.350801
patchcore_wr50_10,grid,1,full,test,bent,test/bent/004.png,2.283618
patchcore_wr50_10,grid,1,full,test,bent,test/bent/005.png,2.165064
patchcore_wr50_10,grid,1,full,test,bent,test/bent/006.png,2.362162
patchcore_wr50_10,grid,1,full,test,bent,test/bent/007.png,2.091606
patchcore_wr50_10,grid,1,full,test,bent,test/bent/008.png,1.896095
patchcore_wr50_10,grid,1,full,test,bent,test/bent/009.png,2.793594
patchcore_wr50_10,grid,1,full,test,bent,test/bent/010.png,2.659956
patchcore_wr50_10,grid,1,full,test,bent,test/bent/011.png,2.318353
patchcore_wr50_10,grid,1,full,test,broken,test/broken/000.png,2.370811
patchcore_wr50_10,grid,1,full,test,broken,test/broken/001.png,3.199497
patchcore_wr50_10,grid,1,full,test,broken,test/broken/002.png,2.199138
patchcore_wr50_10,grid,1,full,test,broken,test/broken/003.png,2.893150
patchcore_wr50_10,grid,1,full,test,broken,test/broken/004.png,2.655870
patchcore_wr50_10,grid,1,full,test,broken,test/broken/005.png,2.247875
patchcore_wr50_10,grid,1,full,test,broken,test/broken/006.png,2.376815
patchcore_wr50_10,grid,1,full,test,broken,test/broken/007.png,2.316773
patchcore_wr50_10,grid,1,full,test,broken,test/broken/008.png,2.246275
patchcore_wr50_10,grid,1,full,test,broken,test/broken/009.png,2.554277
patchcore_wr50_10,grid,1,full,test,broken,test/broken/010.png,2.760021
patchcore_wr50_10,grid,1,full,test,broken,test/broken/011.png,2.297940
patchcore_wr50_10,grid,1,full,test,glue,test/glue/000.png,1.703997
patchcore_wr50_10,grid,1,full,test,glue,test/glue/001.png,1.933877
patchcore_wr50_10,grid,1,full,test,glue,test/glue/002.png,2.182290
patchcore_wr50_10,grid,1,full,test,glue,test/glue/003.png,1.826054
patchcore_wr50_10,grid,1,full,test,glue,test/glue/004.png,2.203612
patchcore_wr50_10,grid,1,full,test,glue,test/glue/005.png,2.160287
patchcore_wr50_10,grid,1,full,test,glue,test/glue/006.png,1.820149
patchcore_wr50_10,grid,1,full,test,glue,test/glue/007.png,1.885272
patchcore_wr50_10,grid,1,full,test,glue,test/glue/008.png,1.287376
patchcore_wr50_10,grid,1,full,test,glue,test/glue/009.png,1.956690
patchcore_wr50_10,grid,1,full,test,glue,test/glue/010.png,2.236411
patchcore_wr50_10,grid,1,full,test,good,test/good/000.png,1.499070
patchcore_wr50_10,grid,1,full,test,good,test/good/001.png,1.425040
patchcore_wr50_10,grid,1,full,test,good,test/good/002.png,1.372451
patchcore_wr50_10,grid,1,full,test,good,test/good/003.png,1.684954
patchcore_wr50_10,grid,1,full,test,good,test/good/004.png,1.451649
patchcore_wr50_10,grid,1,full,test,good,test/good/005.png,1.610432
patchcore_wr50_10,grid,1,full,test,good,test/good/006.png,1.649951
patchcore_wr50_10,grid,1,full,test,good,test/good/007.png,1.423908
patchcore_wr50_10,grid,1,full,test,good,test/good/008.png,1.516639
patchcore_wr50_10,grid,1,full,test,good,test/good/009.png,1.398667
patchcore_wr50_10,grid,1,full,test,good,test/good/010.png,1.386276
patchcore_wr50_10,grid,1,full,test,good,test/good/011.png,1.435826
patchcore_wr50_10,grid,1,full,test,good,test/good/012.png,1.428665
patchcore_wr50_10,grid,1,full,test,good,test/good/013.png,1.419816
patchcore_wr50_10,grid,1,full,test,good,test/good/014.png,1.410778
patchcore_wr50_10,grid,1,full,test,good,test/good/015.png,1.325448
patchcore_wr50_10,grid,1,full,test,good,test/good/016.png,1.437041
patchcore_wr50_10,grid,1,full,test,good,test/good/017.png,1.674567
patchcore_wr50_10,grid,1,full,test,good,test/good/018.png,1.857778
patchcore_wr50_10,grid,1,full,test,good,test/good/019.png,1.547793
patchcore_wr50_10,grid,1,full,test,good,test/good/020.png,1.561698
patchcore_wr50_10,grid,1,full,test,metal_contamination,test/metal_contamination/000.png,2.472073
patchcore_wr50_10,grid,1,full,test,metal_contamination,test/metal_contamination/001.png,2.586213
patchcore_wr50_10,grid,1,full,test,metal_contamination,test/metal_contamination/002.png,3.184287
patchcore_wr50_10,grid,1,full,test,metal_contamination,test/metal_contamination/003.png,2.297758
patchcore_wr50_10,grid,1,full,test,metal_contamination,test/metal_contamination/004.png,2.289074
patchcore_wr50_10,grid,1,full,test,metal_contamination,test/metal_contamination/005.png,2.239013
patchcore_wr50_10,grid,1,full,test,metal_contamination,test/metal_contamination/006.png,2.013162
patchcore_wr50_10,grid,1,full,test,metal_contamination,test/metal_contamination/007.png,1.884638
patchcore_wr50_10,grid,1,full,test,metal_contamination,test/metal_contamination/008.png,2.363393
patchcore_wr50_10,grid,1,full,test,metal_contamination,test/metal_contamination/009.png,1.894917
patchcore_wr50_10,grid,1,full,test,metal_contamination,test/metal_contamination/010.png,2.270810
patchcore_wr50_10,grid,1,full,test,thread,test/thread/000.png,2.246129
patchcore_wr50_10,grid,1,full,test,thread,test/thread/001.png,2.997281
patchcore_wr50_10,grid,1,full,test,thread,test/thread/002.png,1.731239
patchcore_wr50_10,grid,1,full,test,thread,test/thread/003.png,1.741273
patchcore_wr50_10,grid,1,full,test,thread,test/thread/004.png,2.647932
patchcore_wr50_10,grid,1,full,test,thread,test/thread/005.png,2.964110
patchcore_wr50_10,grid,1,full,test,thread,test/thread/006.png,2.172965
patchcore_wr50_10,grid,1,full,test,thread,test/thread/007.png,2.022770
patchcore_wr50_10,grid,1,full,test,thread,test/thread/008.png,2.016953
patchcore_wr50_10,grid,1,full,test,thread,test/thread/009.png,2.347382
patchcore_wr50_10,grid,1,full,test,thread,test/thread/010.png,2.528548
patchcore_wr50_10,grid,1,gate,calibration,good,train/good/001.png,1.608690
patchcore_wr50_10,grid,1,gate,calibration,good,train/good/005.png,1.360149
patchcore_wr50_10,grid,1,gate,calibration,good,train/good/006.png,1.345941
patchcore_wr50_10,grid,1,gate,calibration,good,train/good/007.png,1.418566
patchcore_wr50_10,grid,1,gate,calibration,good,train/good/008.png,1.434147
patchcore_wr50_10,grid,1,gate,calibration,good,train/good/013.png,1.571205
patchcore_wr50_10,grid,1,gate,calibration,good,train/good/014.png,1.642385
patchcore_wr50_10,grid,1,gate,calibration,good,train/good/019.png,1.283725
patchcore_wr50_10,grid,1,gate,calibration,good,train/good/021.png,1.469259
patchcore_wr50_10,grid,1,gate,calibration,good,train/good/022.png,1.452802
patchcore_wr50_10,grid,1,gate,calibration,good,train/good/023.png,1.509590
patchcore_wr50_10,grid,1,gate,calibration,good,train/good/024.png,1.638890
patchcore_wr50_10,grid,1,gate,calibration,good,train/good/029.png,1.633649
patchcore_wr50_10,grid,1,gate,calibration,good,train/good/032.png,1.494321
patchcore_wr50_10,grid,1,gate,calibration,good,train/good/043.png,1.776439
patchcore_wr50_10,grid,1,gate,calibration,good,train/good/048.png,1.736593
patchcore_wr50_10,grid,1,gate,calibration,good,train/good/059.png,1.612282
patchcore_wr50_10,grid,1,gate,calibration,good,train/good/063.png,1.408345
patchcore_wr50_10,grid,1,gate,calibration,good,train/good/067.png,1.331753
patchcore_wr50_10,grid,1,gate,calibration,good,train/good/073.png,1.447683
patchcore_wr50_10,grid,1,gate,calibration,good,train/good/078.png,1.546922
patchcore_wr50_10,grid,1,gate,calibration,good,train/good/084.png,1.564302
patchcore_wr50_10,grid,1,gate,calibration,good,train/good/088.png,1.476237
patchcore_wr50_10,grid,1,gate,calibration,good,train/good/096.png,1.461013
patchcore_wr50_10,grid,1,gate,calibration,good,train/good/099.png,1.724288
patchcore_wr50_10,grid,1,gate,calibration,good,train/good/105.png,1.494321
patchcore_wr50_10,grid,1,gate,calibration,good,train/good/106.png,1.387112
patchcore_wr50_10,grid,1,gate,calibration,good,train/good/108.png,1.647020
patchcore_wr50_10,grid,1,gate,calibration,good,train/good/111.png,1.679642
patchcore_wr50_10,grid,1,gate,calibration,good,train/good/123.png,1.523370
patchcore_wr50_10,grid,1,gate,calibration,good,train/good/124.png,1.448817
patchcore_wr50_10,grid,1,gate,calibration,good,train/good/126.png,1.420323
patchcore_wr50_10,grid,1,gate,calibration,good,train/good/133.png,1.425370
patchcore_wr50_10,grid,1,gate,calibration,good,train/good/135.png,1.498070
patchcore_wr50_10,grid,1,gate,calibration,good,train/good/136.png,1.436520
patchcore_wr50_10,grid,1,gate,calibration,good,train/good/145.png,1.652201
patchcore_wr50_10,grid,1,gate,calibration,good,train/good/150.png,1.330131
patchcore_wr50_10,grid,1,gate,calibration,good,train/good/160.png,1.491773
patchcore_wr50_10,grid,1,gate,calibration,good,train/good/171.png,1.497441
patchcore_wr50_10,grid,1,gate,calibration,good,train/good/172.png,1.633576
patchcore_wr50_10,grid,1,gate,calibration,good,train/good/175.png,1.464208
patchcore_wr50_10,grid,1,gate,calibration,good,train/good/180.png,1.544787
patchcore_wr50_10,grid,1,gate,calibration,good,train/good/191.png,1.555746
patchcore_wr50_10,grid,1,gate,calibration,good,train/good/195.png,1.466416
patchcore_wr50_10,grid,1,gate,calibration,good,train/good/197.png,1.484846
patchcore_wr50_10,grid,1,gate,calibration,good,train/good/201.png,1.250055
patchcore_wr50_10,grid,1,gate,calibration,good,train/good/214.png,1.499732
patchcore_wr50_10,grid,1,gate,calibration,good,train/good/217.png,1.448802
patchcore_wr50_10,grid,1,gate,calibration,good,train/good/229.png,1.573835
patchcore_wr50_10,grid,1,gate,calibration,good,train/good/237.png,1.474367
patchcore_wr50_10,grid,1,gate,calibration,good,train/good/244.png,1.539014
patchcore_wr50_10,grid,1,gate,calibration,good,train/good/258.png,1.763848
patchcore_wr50_10,grid,1,gate,calibration,good,train/good/259.png,1.691786
patchcore_wr50_10,grid,1,gate,test,bent,test/bent/000.png,2.098401
patchcore_wr50_10,grid,1,gate,test,bent,test/bent/001.png,2.635370
patchcore_wr50_10,grid,1,gate,test,bent,test/bent/002.png,2.231478
patchcore_wr50_10,grid,1,gate,test,bent,test/bent/003.png,2.371796
patchcore_wr50_10,grid,1,gate,test,bent,test/bent/004.png,2.308657
patchcore_wr50_10,grid,1,gate,test,bent,test/bent/005.png,2.133994
patchcore_wr50_10,grid,1,gate,test,bent,test/bent/006.png,2.397156
patchcore_wr50_10,grid,1,gate,test,bent,test/bent/007.png,2.068794
patchcore_wr50_10,grid,1,gate,test,bent,test/bent/008.png,1.962696
patchcore_wr50_10,grid,1,gate,test,bent,test/bent/009.png,2.804830
patchcore_wr50_10,grid,1,gate,test,bent,test/bent/010.png,2.628503
patchcore_wr50_10,grid,1,gate,test,bent,test/bent/011.png,2.377446
patchcore_wr50_10,grid,1,gate,test,broken,test/broken/000.png,2.367134
patchcore_wr50_10,grid,1,gate,test,broken,test/broken/001.png,3.195918
patchcore_wr50_10,grid,1,gate,test,broken,test/broken/002.png,2.284949
patchcore_wr50_10,grid,1,gate,test,broken,test/broken/003.png,2.915297
patchcore_wr50_10,grid,1,gate,test,broken,test/broken/004.png,2.659390
patchcore_wr50_10,grid,1,gate,test,broken,test/broken/005.png,2.263150
patchcore_wr50_10,grid,1,gate,test,broken,test/broken/006.png,2.441724
patchcore_wr50_10,grid,1,gate,test,broken,test/broken/007.png,2.351672
patchcore_wr50_10,grid,1,gate,test,broken,test/broken/008.png,2.265163
patchcore_wr50_10,grid,1,gate,test,broken,test/broken/009.png,2.553836
patchcore_wr50_10,grid,1,gate,test,broken,test/broken/010.png,2.772963
patchcore_wr50_10,grid,1,gate,test,broken,test/broken/011.png,2.230843
patchcore_wr50_10,grid,1,gate,test,glue,test/glue/000.png,1.781193
patchcore_wr50_10,grid,1,gate,test,glue,test/glue/001.png,1.933191
patchcore_wr50_10,grid,1,gate,test,glue,test/glue/002.png,2.130766
patchcore_wr50_10,grid,1,gate,test,glue,test/glue/003.png,1.826054
patchcore_wr50_10,grid,1,gate,test,glue,test/glue/004.png,2.207708
patchcore_wr50_10,grid,1,gate,test,glue,test/glue/005.png,2.115036
patchcore_wr50_10,grid,1,gate,test,glue,test/glue/006.png,1.864175
patchcore_wr50_10,grid,1,gate,test,glue,test/glue/007.png,1.805322
patchcore_wr50_10,grid,1,gate,test,glue,test/glue/008.png,1.407350
patchcore_wr50_10,grid,1,gate,test,glue,test/glue/009.png,1.968846
patchcore_wr50_10,grid,1,gate,test,glue,test/glue/010.png,2.284725
patchcore_wr50_10,grid,1,gate,test,good,test/good/000.png,1.518176
patchcore_wr50_10,grid,1,gate,test,good,test/good/001.png,1.521551
patchcore_wr50_10,grid,1,gate,test,good,test/good/002.png,1.496851
patchcore_wr50_10,grid,1,gate,test,good,test/good/003.png,1.651030
patchcore_wr50_10,grid,1,gate,test,good,test/good/004.png,1.484004
patchcore_wr50_10,grid,1,gate,test,good,test/good/005.png,1.638929
patchcore_wr50_10,grid,1,gate,test,good,test/good/006.png,1.708692
patchcore_wr50_10,grid,1,gate,test,good,test/good/007.png,1.381234
patchcore_wr50_10,grid,1,gate,test,good,test/good/008.png,1.581075
patchcore_wr50_10,grid,1,gate,test,good,test/good/009.png,1.449195
patchcore_wr50_10,grid,1,gate,test,good,test/good/010.png,1.547330
patchcore_wr50_10,grid,1,gate,test,good,test/good/011.png,1.435826
patchcore_wr50_10,grid,1,gate,test,good,test/good/012.png,1.449848
patchcore_wr50_10,grid,1,gate,test,good,test/good/013.png,1.419816
patchcore_wr50_10,grid,1,gate,test,good,test/good/014.png,1.410778
patchcore_wr50_10,grid,1,gate,test,good,test/good/015.png,1.342540
patchcore_wr50_10,grid,1,gate,test,good,test/good/016.png,1.533181
patchcore_wr50_10,grid,1,gate,test,good,test/good/017.png,1.629523
patchcore_wr50_10,grid,1,gate,test,good,test/good/018.png,1.869538
patchcore_wr50_10,grid,1,gate,test,good,test/good/019.png,1.547793
patchcore_wr50_10,grid,1,gate,test,good,test/good/020.png,1.676034
patchcore_wr50_10,grid,1,gate,test,metal_contamination,test/metal_contamination/000.png,2.563280
patchcore_wr50_10,grid,1,gate,test,metal_contamination,test/metal_contamination/001.png,2.558948
patchcore_wr50_10,grid,1,gate,test,metal_contamination,test/metal_contamination/002.png,3.184287
patchcore_wr50_10,grid,1,gate,test,metal_contamination,test/metal_contamination/003.png,2.287524
patchcore_wr50_10,grid,1,gate,test,metal_contamination,test/metal_contamination/004.png,2.392864
patchcore_wr50_10,grid,1,gate,test,metal_contamination,test/metal_contamination/005.png,2.189611
patchcore_wr50_10,grid,1,gate,test,metal_contamination,test/metal_contamination/006.png,2.013162
patchcore_wr50_10,grid,1,gate,test,metal_contamination,test/metal_contamination/007.png,1.929583
patchcore_wr50_10,grid,1,gate,test,metal_contamination,test/metal_contamination/008.png,2.363464
patchcore_wr50_10,grid,1,gate,test,metal_contamination,test/metal_contamination/009.png,1.927909
patchcore_wr50_10,grid,1,gate,test,metal_contamination,test/metal_contamination/010.png,2.237125
patchcore_wr50_10,grid,1,gate,test,thread,test/thread/000.png,2.191047
patchcore_wr50_10,grid,1,gate,test,thread,test/thread/001.png,3.006018
patchcore_wr50_10,grid,1,gate,test,thread,test/thread/002.png,1.790022
patchcore_wr50_10,grid,1,gate,test,thread,test/thread/003.png,1.758137
patchcore_wr50_10,grid,1,gate,test,thread,test/thread/004.png,2.648812
patchcore_wr50_10,grid,1,gate,test,thread,test/thread/005.png,2.996798
patchcore_wr50_10,grid,1,gate,test,thread,test/thread/006.png,2.206405
patchcore_wr50_10,grid,1,gate,test,thread,test/thread/007.png,2.041134
patchcore_wr50_10,grid,1,gate,test,thread,test/thread/008.png,1.987318
patchcore_wr50_10,grid,1,gate,test,thread,test/thread/009.png,2.378648
patchcore_wr50_10,grid,1,gate,test,thread,test/thread/010.png,2.514145
patchcore_wr50_10,grid,2,full,test,bent,test/bent/000.png,2.038861
patchcore_wr50_10,grid,2,full,test,bent,test/bent/001.png,2.634937
patchcore_wr50_10,grid,2,full,test,bent,test/bent/002.png,2.179153
patchcore_wr50_10,grid,2,full,test,bent,test/bent/003.png,2.284926
patchcore_wr50_10,grid,2,full,test,bent,test/bent/004.png,2.308657
patchcore_wr50_10,grid,2,full,test,bent,test/bent/005.png,2.167621
patchcore_wr50_10,grid,2,full,test,bent,test/bent/006.png,2.380839
patchcore_wr50_10,grid,2,full,test,bent,test/bent/007.png,2.095314
patchcore_wr50_10,grid,2,full,test,bent,test/bent/008.png,1.956503
patchcore_wr50_10,grid,2,full,test,bent,test/bent/009.png,2.792957
patchcore_wr50_10,grid,2,full,test,bent,test/bent/010.png,2.587923
patchcore_wr50_10,grid,2,full,test,bent,test/bent/011.png,2.301853
patchcore_wr50_10,grid,2,full,test,broken,test/broken/000.png,2.367526
patchcore_wr50_10,grid,2,full,test,broken,test/broken/001.png,3.195918
patchcore_wr50_10,grid,2,full,test,broken,test/broken/002.png,2.220451
patchcore_wr50_10,grid,2,full,test,broken,test/broken/003.png,2.880707
patchcore_wr50_10,grid,2,full,test,broken,test/broken/004.png,2.648692
patchcore_wr50_10,grid,2,full,test,broken,test/broken/005.png,2.258682
patchcore_wr50_10,grid,2,full,test,broken,test/broken/006.png,2.411021
patchcore_wr50_10,grid,2,full,test,broken,test/broken/007.png,2.359567
patchcore_wr50_10,grid,2,full,test,broken,test/broken/008.png,2.241011
patchcore_wr50_10,grid,2,full,test,broken,test/broken/009.png,2.536574
patchcore_wr50_10,grid,2,full,test,broken,test/broken/010.png,2.760021
patchcore_wr50_10,grid,2,full,test,broken,test/broken/011.png,2.236771
patchcore_wr50_10,grid,2,full,test,glue,test/glue/000.png,1.664120
patchcore_wr50_10,grid,2,full,test,glue,test/glue/001.png,1.933877
patchcore_wr50_10,grid,2,full,test,glue,test/glue/002.png,2.201200
patchcore_wr50_10,grid,2,full,test,glue,test/glue/003.png,1.821084
patchcore_wr50_10,grid,2,full,test,glue,test/glue/004.png,2.152979
patchcore_wr50_10,grid,2,full,test,glue,test/glue/005.png,2.115036
patchcore_wr50_10,grid,2,full,test,glue,test/glue/006.png,1.877713
patchcore_wr50_10,grid,2,full,test,glue,test/glue/007.png,1.867770
patchcore_wr50_10,grid,2,full,test,glue,test/glue/008.png,1.252390
patchcore_wr50_10,grid,2,full,test,glue,test/glue/009.png,1.990346
patchcore_wr50_10,grid,2,full,test,glue,test/glue/010.png,2.294022
patchcore_wr50_10,grid,2,full,test,good,test/good/000.png,1.574434
patchcore_wr50_10,grid,2,full,test,good,test/good/001.png,1.487236
patchcore_wr50_10,grid,2,full,test,good,test/good/002.png,1.385668
patchcore_wr50_10,grid,2,full,test,good,test/good/003.png,1.710450
patchcore_wr50_10,grid,2,full,test,good,test/good/004.png,1.486730
patchcore_wr50_10,grid,2,full,test,good,test/good/005.png,1.615219
patchcore_wr50_10,grid,2,full,test,good,test/good/006.png,1.640218
patchcore_wr50_10,grid,2,full,test,good,test/good/007.png,1.423281
patchcore_wr50_10,grid,2,full,test,good,test/good/008.png,1.560035
patchcore_wr50_10,grid,2,full,test,good,test/good/009.png,1.370189
patchcore_wr50_10,grid,2,full,test,good,test/good/010.png,1.397058
patchcore_wr50_10,grid,2,full,test,good,test/good/011.png,1.476345
patchcore_wr50_10,grid,2,full,test,good,test/good/012.png,1.386859
patchcore_wr50_10,grid,2,full,test,good,test/good/013.png,1.429095
patchcore_wr50_10,grid,2,full,test,good,test/good/014.png,1.410778
patchcore_wr50_10,grid,2,full,test,good,test/good/015.png,1.321131
patchcore_wr50_10,grid,2,full,test,good,test/good/016.png,1.505809
patchcore_wr50_10,grid,2,full,test,good,test/good/017.png,1.629523
patchcore_wr50_10,grid,2,full,test,good,test/good/018.png,1.857778
patchcore_wr50_10,grid,2,full,test,good,test/good/019.png,1.524248
patchcore_wr50_10,grid,2,full,test,good,test/good/020.png,1.600441
patchcore_wr50_10,grid,2,full,test,metal_contamination,test/metal_contamination/000.png,2.512169
patchcore_wr50_10,grid,2,full,test,metal_contamination,test/metal_contamination/001.png,2.542346
patchcore_wr50_10,grid,2,full,test,metal_contamination,test/metal_contamination/002.png,3.193187
patchcore_wr50_10,grid,2,full,test,metal_contamination,test/metal_contamination/003.png,2.324219
patchcore_wr50_10,grid,2,full,test,metal_contamination,test/metal_contamination/004.png,2.299209
patchcore_wr50_10,grid,2,full,test,metal_contamination,test/metal_contamination/005.png,2.189392
patchcore_wr50_10,grid,2,full,test,metal_contamination,test/metal_contamination/006.png,1.964507
patchcore_wr50_10,grid,2,full,test,metal_contamination,test/metal_contamination/007.png,1.870321
patchcore_wr50_10,grid,2,full,test,metal_contamination,test/metal_contamination/008.png,2.287790
patchcore_wr50_10,grid,2,full,test,metal_contamination,test/metal_contamination/009.png,1.924291
patchcore_wr50_10,grid,2,full,test,metal_contamination,test/metal_contamination/010.png,2.229783
patchcore_wr50_10,grid,2,full,test,thread,test/thread/000.png,2.231721
patchcore_wr50_10,grid,2,full,test,thread,test/thread/001.png,2.988129
patchcore_wr50_10,grid,2,full,test,thread,test/thread/002.png,1.739631
patchcore_wr50_10,grid,2,full,test,thread,test/thread/003.png,1.770511
patchcore_wr50_10,grid,2,full,test,thread,test/thread/004.png,2.667503
patchcore_wr50_10,grid,2,full,test,thread,test/thread/005.png,3.005775
patchcore_wr50_10,grid,2,full,test,thread,test/thread/006.png,2.171600
patchcore_wr50_10,grid,2,full,test,thread,test/thread/007.png,2.006977
patchcore_wr50_10,grid,2,full,test,thread,test/thread/008.png,1.971576
patchcore_wr50_10,grid,2,full,test,thread,test/thread/009.png,2.353245
patchcore_wr50_10,grid,2,full,test,thread,test/thread/010.png,2.510669
patchcore_wr50_10,grid,2,gate,calibration,good,train/good/005.png,1.454638
patchcore_wr50_10,grid,2,gate,calibration,good,train/good/011.png,1.534135
patchcore_wr50_10,grid,2,gate,calibration,good,train/good/026.png,1.599048
patchcore_wr50_10,grid,2,gate,calibration,good,train/good/031.png,1.577003
patchcore_wr50_10,grid,2,gate,calibration,good,train/good/038.png,1.395159
patchcore_wr50_10,grid,2,gate,calibration,good,train/good/039.png,1.429199
patchcore_wr50_10,grid,2,gate,calibration,good,train/good/042.png,1.567152
patchcore_wr50_10,grid,2,gate,calibration,good,train/good/047.png,1.609006
patchcore_wr50_10,grid,2,gate,calibration,good,train/good/048.png,1.632187
patchcore_wr50_10,grid,2,gate,calibration,good,train/good/052.png,1.498996
patchcore_wr50_10,grid,2,gate,calibration,good,train/good/053.png,1.510249
patchcore_wr50_10,grid,2,gate,calibration,good,train/good/067.png,1.350247
patchcore_wr50_10,grid,2,gate,calibration,good,train/good/071.png,1.589817
patchcore_wr50_10,grid,2,gate,calibration,good,train/good/074.png,1.464698
patchcore_wr50_10,grid,2,gate,calibration,good,train/good/078.png,1.576292
patchcore_wr50_10,grid,2,gate,calibration,good,train/good/089.png,1.637009
patchcore_wr50_10,grid,2,gate,calibration,good,train/good/093.png,1.835312
patchcore_wr50_10,grid,2,gate,calibration,good,train/good/097.png,1.516210
patchcore_wr50_10,grid,2,gate,calibration,good,train/good/098.png,1.481144
patchcore_wr50_10,grid,2,gate,calibration,good,train/good/110.png,1.376643
patchcore_wr50_10,grid,2,gate,calibration,good,train/good/112.png,1.585021
patchcore_wr50_10,grid,2,gate,calibration,good,train/good/118.png,1.434542
patchcore_wr50_10,grid,2,gate,calibration,good,train/good/120.png,1.395197
patchcore_wr50_10,grid,2,gate,calibration,good,train/good/129.png,1.469172
patchcore_wr50_10,grid,2,gate,calibration,good,train/good/132.png,1.385252
patchcore_wr50_10,grid,2,gate,calibration,good,train/good/138.png,1.466933
patchcore_wr50_10,grid,2,gate,calibration,good,train/good/139.png,1.501044
patchcore_wr50_10,grid,2,gate,calibration,good,train/good/140.png,1.440289
patchcore_wr50_10,grid,2,gate,calibration,good,train/good/141.png,1.599566
patchcore_wr50_10,grid,2,gate,calibration,good,train/good/146.png,1.500745
patchcore_wr50_10,grid,2,gate,calibration,good,train/good/148.png,1.588124
patchcore_wr50_10,grid,2,gate,calibration,good,train/good/150.png,1.562878
patchcore_wr50_10,grid,2,gate,calibration,good,train/good/151.png,1.467383
patchcore_wr50_10,grid,2,gate,calibration,good,train/good/154.png,1.411747
patchcore_wr50_10,grid,2,gate,calibration,good,train/good/161.png,1.424483
patchcore_wr50_10,grid,2,gate,calibration,good,train/good/171.png,1.497441
patchcore_wr50_10,grid,2,gate,calibration,good,train/good/173.png,1.398532
patchcore_wr50_10,grid,2,gate,calibration,good,train/good/174.png,1.485947
patchcore_wr50_10,grid,2,gate,calibration,good,train/good/204.png,1.587177
patchcore_wr50_10,grid,2,gate,calibration,good,train/good/209.png,1.431737
patchcore_wr50_10,grid,2,gate,calibration,good,train/good/217.png,1.388617
patchcore_wr50_10,grid,2,gate,calibration,good,train/good/222.png,1.579124
patchcore_wr50_10,grid,2,gate,calibration,good,train/good/223.png,1.389836
patchcore_wr50_10,grid,2,gate,calibration,good,train/good/227.png,1.603316
patchcore_wr50_10,grid,2,gate,calibration,good,train/good/233.png,1.448445
patchcore_wr50_10,grid,2,gate,calibration,good,train/good/236.png,1.318288
patchcore_wr50_10,grid,2,gate,calibration,good,train/good/247.png,1.389081
patchcore_wr50_10,grid,2,gate,calibration,good,train/good/249.png,1.468593
patchcore_wr50_10,grid,2,gate,calibration,good,train/good/250.png,1.542112
patchcore_wr50_10,grid,2,gate,calibration,good,train/good/251.png,1.534752
patchcore_wr50_10,grid,2,gate,calibration,good,train/good/257.png,1.568268
patchcore_wr50_10,grid,2,gate,calibration,good,train/good/258.png,1.646635
patchcore_wr50_10,grid,2,gate,calibration,good,train/good/259.png,1.693326
patchcore_wr50_10,grid,2,gate,test,bent,test/bent/000.png,2.071178
patchcore_wr50_10,grid,2,gate,test,bent,test/bent/001.png,2.630036
patchcore_wr50_10,grid,2,gate,test,bent,test/bent/002.png,2.185036
patchcore_wr50_10,grid,2,gate,test,bent,test/bent/003.png,2.403480
patchcore_wr50_10,grid,2,gate,test,bent,test/bent/004.png,2.350200
patchcore_wr50_10,grid,2,gate,test,bent,test/bent/005.png,2.148099
patchcore_wr50_10,grid,2,gate,test,bent,test/bent/006.png,2.411973
patchcore_wr50_10,grid,2,gate,test,bent,test/bent/007.png,2.079583
patchcore_wr50_10,grid,2,gate,test,bent,test/bent/008.png,1.931405
patchcore_wr50_10,grid,2,gate,test,bent,test/bent/009.png,2.792957
patchcore_wr50_10,grid,2,gate,test,bent,test/bent/010.png,2.634344
patchcore_wr50_10,grid,2,gate,test,bent,test/bent/011.png,2.402333
patchcore_wr50_10,grid,2,gate,test,broken,test/broken/000.png,2.380345
patchcore_wr50_10,grid,2,gate,test,broken,test/broken/001.png,3.239619
patchcore_wr50_10,grid,2,gate,test,broken,test/broken/002.png,2.170770
patchcore_wr50_10,grid,2,gate,test,broken,test/broken/003.png,2.891941
patchcore_wr50_10,grid,2,gate,test,broken,test/broken/004.png,2.613066
patchcore_wr50_10,grid,2,gate,test,broken,test/broken/005.png,2.289766
patchcore_wr50_10,grid,2,gate,test,broken,test/broken/006.png,2.445217
patchcore_wr50_10,grid,2,gate,test,broken,test/broken/007.png,2.378739
patchcore_wr50_10,grid,2,gate,test,broken,test/broken/008.png,2.257404
patchcore_wr50_10,grid,2,gate,test,broken,test/broken/009.png,2.536574
patchcore_wr50_10,grid,2,gate,test,broken,test/broken/010.png,2.778686
patchcore_wr50_10,grid,2,gate,test,broken,test/broken/011.png,2.306736
patchcore_wr50_10,grid,2,gate,test,glue,test/glue/000.png,1.654168
patchcore_wr50_10,grid,2,gate,test,glue,test/glue/001.png,1.933877
patchcore_wr50_10,grid,2,gate,test,glue,test/glue/002.png,2.193713
patchcore_wr50_10,grid,2,gate,test,glue,test/glue/003.png,1.854712
patchcore_wr50_10,grid,2,gate,test,glue,test/glue/004.png,2.166607
patchcore_wr50_10,grid,2,gate,test,glue,test/glue/005.png,2.109042
patchcore_wr50_10,grid,2,gate,test,glue,test/glue/006.png,1.877713
patchcore_wr50_10,grid,2,gate,test,glue,test/glue/007.png,1.844783
patchcore_wr50_10,grid,2,gate,test,glue,test/glue/008.png,1.278723
patchcore_wr50_10,grid,2,gate,test,glue,test/glue/009.png,1.919405
patchcore_wr50_10,grid,2,gate,test,glue,test/glue/010.png,2.243219
patchcore_wr50_10,grid,2,gate,test,good,test/good/000.png,1.504217
patchcore_wr50_10,grid,2,gate,test,good,test/good/001.png,1.553310
patchcore_wr50_10,grid,2,gate,test,good,test/good/002.png,1.442491
patchcore_wr50_10,grid,2,gate,test,good,test/good/003.png,1.715614
patchcore_wr50_10,grid,2,gate,test,good,test/good/004.png,1.506123
patchcore_wr50_10,grid,2,gate,test,good,test/good/005.png,1.663878
patchcore_wr50_10,grid,2,gate,test,good,test/good/006.png,1.724096
patchcore_wr50_10,grid,2,gate,test,good,test/good/007.png,1.381234
patchcore_wr50_10,grid,2,gate,test,good,test/good/008.png,1.562146
patchcore_wr50_10,grid,2,gate,test,good,test/good/009.png,1.441745
patchcore_wr50_10,grid,2,gate,test,good,test/good/010.png,1.551637
patchcore_wr50_10,grid,2,gate,test,good,test/good/011.png,1.535582
patchcore_wr50_10,grid,2,gate,test,good,test/good/012.png,1.386859
patchcore_wr50_10,grid,2,gate,test,good,test/good/013.png,1.526750
patchcore_wr50_10,grid,2,gate,test,good,test/good/014.png,1.475786
patchcore_wr50_10,grid,2,gate,test,good,test/good/015.png,1.354130
patchcore_wr50_10,grid,2,gate,test,good,test/good/016.png,1.502437
patchcore_wr50_10,grid,2,gate,test,good,test/good/017.png,1.674567
patchcore_wr50_10,grid,2,gate,test,good,test/good/018.png,1.901514
patchcore_wr50_10,grid,2,gate,test,good,test/good/019.png,1.589779
patchcore_wr50_10,grid,2,gate,test,good,test/good/020.png,1.705323
patchcore_wr50_10,grid,2,gate,test,metal_contamination,test/metal_contamination/000.png,2.468205
patchcore_wr50_10,grid,2,gate,test,metal_contamination,test/metal_contamination/001.png,2.561148
patchcore_wr50_10,grid,2,gate,test,metal_contamination,test/metal_contamination/002.png,3.202415
patchcore_wr50_10,grid,2,gate,test,metal_contamination,test/metal_contamination/003.png,2.286149
patchcore_wr50_10,grid,2,gate,test,metal_contamination,test/metal_contamination/004.png,2.307500
patchcore_wr50_10,grid,2,gate,test,metal_contamination,test/metal_contamination/005.png,2.189392
patchcore_wr50_10,grid,2,gate,test,metal_contamination,test/metal_contamination/006.png,2.013162
patchcore_wr50_10,grid,2,gate,test,metal_contamination,test/metal_contamination/007.png,1.919022
patchcore_wr50_10,grid,2,gate,test,metal_contamination,test/metal_contamination/008.png,2.287790
patchcore_wr50_10,grid,2,gate,test,metal_contamination,test/metal_contamination/009.png,1.886092
patchcore_wr50_10,grid,2,gate,test,metal_contamination,test/metal_contamination/010.png,2.424545
patchcore_wr50_10,grid,2,gate,test,thread,test/thread/000.png,2.205528
patchcore_wr50_10,grid,2,gate,test,thread,test/thread/001.png,2.988129
patchcore_wr50_10,grid,2,gate,test,thread,test/thread/002.png,1.675568
patchcore_wr50_10,grid,2,gate,test,thread,test/thread/003.png,1.779385
patchcore_wr50_10,grid,2,gate,test,thread,test/thread/004.png,2.654485
patchcore_wr50_10,grid,2,gate,test,thread,test/thread/005.png,2.996798
patchcore_wr50_10,grid,2,gate,test,thread,test/thread/006.png,2.261496
patchcore_wr50_10,grid,2,gate,test,thread,test/thread/007.png,2.061833
patchcore_wr50_10,grid,2,gate,test,thread,test/thread/008.png,2.018729
patchcore_wr50_10,grid,2,gate,test,thread,test/thread/009.png,2.367826
patchcore_wr50_10,grid,2,gate,test,thread,test/thread/010.png,2.413130
patchcore_wr50_10,metal_nut,0,full,test,bent,test/bent/000.png,3.102173
patchcore_wr50_10,metal_nut,0,full,test,bent,test/bent/001.png,2.793719
patchcore_wr50_10,metal_nut,0,full,test,bent,test/bent/002.png,2.843768
patchcore_wr50_10,metal_nut,0,full,test,bent,test/bent/003.png,2.917312
patchcore_wr50_10,metal_nut,0,full,test,bent,test/bent/004.png,2.858968
patchcore_wr50_10,metal_nut,0,full,test,bent,test/bent/005.png,3.000957
patchcore_wr50_10,metal_nut,0,full,test,bent,test/bent/006.png,2.547980
patchcore_wr50_10,metal_nut,0,full,test,bent,test/bent/007.png,2.182418
patchcore_wr50_10,metal_nut,0,full,test,bent,test/bent/008.png,2.772910
patchcore_wr50_10,metal_nut,0,full,test,bent,test/bent/009.png,3.119528
patchcore_wr50_10,metal_nut,0,full,test,bent,test/bent/010.png,3.179511
patchcore_wr50_10,metal_nut,0,full,test,bent,test/bent/011.png,2.936649
patchcore_wr50_10,metal_nut,0,full,test,bent,test/bent/012.png,2.795722
patchcore_wr50_10,metal_nut,0,full,test,bent,test/bent/013.png,2.813250
patchcore_wr50_10,metal_nut,0,full,test,bent,test/bent/014.png,2.624427
patchcore_wr50_10,metal_nut,0,full,test,bent,test/bent/015.png,2.649673
patchcore_wr50_10,metal_nut,0,full,test,bent,test/bent/016.png,3.029740
patchcore_wr50_10,metal_nut,0,full,test,bent,test/bent/017.png,3.084172
patchcore_wr50_10,metal_nut,0,full,test,bent,test/bent/018.png,2.774677
patchcore_wr50_10,metal_nut,0,full,test,bent,test/bent/019.png,2.834493
patchcore_wr50_10,metal_nut,0,full,test,bent,test/bent/020.png,2.881959
patchcore_wr50_10,metal_nut,0,full,test,bent,test/bent/021.png,3.101746
patchcore_wr50_10,metal_nut,0,full,test,bent,test/bent/022.png,2.500357
patchcore_wr50_10,metal_nut,0,full,test,bent,test/bent/023.png,2.731357
patchcore_wr50_10,metal_nut,0,full,test,bent,test/bent/024.png,2.893533
patchcore_wr50_10,metal_nut,0,full,test,color,test/color/000.png,2.632902
patchcore_wr50_10,metal_nut,0,full,test,color,test/color/001.png,2.685593
patchcore_wr50_10,metal_nut,0,full,test,color,test/color/002.png,3.165972
patchcore_wr50_10,metal_nut,0,full,test,color,test/color/003.png,3.263543
patchcore_wr50_10,metal_nut,0,full,test,color,test/color/004.png,2.213214
patchcore_wr50_10,metal_nut,0,full,test,color,test/color/005.png,2.363401
patchcore_wr50_10,metal_nut,0,full,test,color,test/color/006.png,2.687990
patchcore_wr50_10,metal_nut,0,full,test,color,test/color/007.png,2.989101
patchcore_wr50_10,metal_nut,0,full,test,color,test/color/008.png,2.924557
patchcore_wr50_10,metal_nut,0,full,test,color,test/color/009.png,3.097340
patchcore_wr50_10,metal_nut,0,full,test,color,test/color/010.png,2.842643
patchcore_wr50_10,metal_nut,0,full,test,color,test/color/011.png,2.995865
patchcore_wr50_10,metal_nut,0,full,test,color,test/color/012.png,2.810465
patchcore_wr50_10,metal_nut,0,full,test,color,test/color/013.png,2.995952
patchcore_wr50_10,metal_nut,0,full,test,color,test/color/014.png,3.349303
patchcore_wr50_10,metal_nut,0,full,test,color,test/color/015.png,2.725980
patchcore_wr50_10,metal_nut,0,full,test,color,test/color/016.png,2.804452
patchcore_wr50_10,metal_nut,0,full,test,color,test/color/017.png,2.761524
patchcore_wr50_10,metal_nut,0,full,test,color,test/color/018.png,2.524396
patchcore_wr50_10,metal_nut,0,full,test,color,test/color/019.png,2.689307
patchcore_wr50_10,metal_nut,0,full,test,color,test/color/020.png,2.961969
patchcore_wr50_10,metal_nut,0,full,test,color,test/color/021.png,2.853669
patchcore_wr50_10,metal_nut,0,full,test,flip,test/flip/000.png,3.306062
patchcore_wr50_10,metal_nut,0,full,test,flip,test/flip/001.png,3.375368
patchcore_wr50_10,metal_nut,0,full,test,flip,test/flip/002.png,3.137645
patchcore_wr50_10,metal_nut,0,full,test,flip,test/flip/003.png,3.055354
patchcore_wr50_10,metal_nut,0,full,test,flip,test/flip/004.png,3.204957
patchcore_wr50_10,metal_nut,0,full,test,flip,test/flip/005.png,3.223905
patchcore_wr50_10,metal_nut,0,full,test,flip,test/flip/006.png,3.144402
patchcore_wr50_10,metal_nut,0,full,test,flip,test/flip/007.png,3.157338
patchcore_wr50_10,metal_nut,0,full,test,flip,test/flip/008.png,3.231049
patchcore_wr50_10,metal_nut,0,full,test,flip,test/flip/009.png,3.202166
patchcore_wr50_10,metal_nut,0,full,test,flip,test/flip/010.png,3.124423
patchcore_wr50_10,metal_nut,0,full,test,flip,test/flip/011.png,3.442944
patchcore_wr50_10,metal_nut,0,full,test,flip,test/flip/012.png,3.201544
patchcore_wr50_10,metal_nut,0,full,test,flip,test/flip/013.png,3.188399
patchcore_wr50_10,metal_nut,0,full,test,flip,test/flip/014.png,3.228168
patchcore_wr50_10,metal_nut,0,full,test,flip,test/flip/015.png,3.238542
patchcore_wr50_10,metal_nut,0,full,test,flip,test/flip/016.png,3.093790
patchcore_wr50_10,metal_nut,0,full,test,flip,test/flip/017.png,3.187447
patchcore_wr50_10,metal_nut,0,full,test,flip,test/flip/018.png,3.198074
patchcore_wr50_10,metal_nut,0,full,test,flip,test/flip/019.png,3.200214
patchcore_wr50_10,metal_nut,0,full,test,flip,test/flip/020.png,3.076874
patchcore_wr50_10,metal_nut,0,full,test,flip,test/flip/021.png,2.971735
patchcore_wr50_10,metal_nut,0,full,test,flip,test/flip/022.png,3.153868
patchcore_wr50_10,metal_nut,0,full,test,good,test/good/000.png,1.942210
patchcore_wr50_10,metal_nut,0,full,test,good,test/good/001.png,1.810742
patchcore_wr50_10,metal_nut,0,full,test,good,test/good/002.png,1.952289
patchcore_wr50_10,metal_nut,0,full,test,good,test/good/003.png,1.756131
patchcore_wr50_10,metal_nut,0,full,test,good,test/good/004.png,1.819198
patchcore_wr50_10,metal_nut,0,full,test,good,test/good/005.png,1.980256
patchcore_wr50_10,metal_nut,0,full,test,good,test/good/006.png,1.948415
patchcore_wr50_10,metal_nut,0,full,test,good,test/good/007.png,2.114453
patchcore_wr50_10,metal_nut,0,full,test,good,test/good/008.png,2.028988
patchcore_wr50_10,metal_nut,0,full,test,good,test/good/009.png,1.964615
patchcore_wr50_10,metal_nut,0,full,test,good,test/good/010.png,1.911260
patchcore_wr50_10,metal_nut,0,full,test,good,test/good/011.png,2.052462
patchcore_wr50_10,metal_nut,0,full,test,good,test/good/012.png,1.897179
patchcore_wr50_10,metal_nut,0,full,test,good,test/good/013.png,2.014263
patchcore_wr50_10,metal_nut,0,full,test,good,test/good/014.png,1.957806
patchcore_wr50_10,metal_nut,0,full,test,good,test/good/015.png,1.959864
patchcore_wr50_10,metal_nut,0,full,test,good,test/good/016.png,2.220346
patchcore_wr50_10,metal_nut,0,full,test,good,test/good/017.png,1.884520
patchcore_wr50_10,metal_nut,0,full,test,good,test/good/018.png,1.756267
patchcore_wr50_10,metal_nut,0,full,test,good,test/good/019.png,1.846623
patchcore_wr50_10,metal_nut,0,full,test,good,test/good/020.png,1.831581
patchcore_wr50_10,metal_nut,0,full,test,good,test/good/021.png,1.830037
patchcore_wr50_10,metal_nut,0,full,test,scratch,test/scratch/000.png,2.329084
patchcore_wr50_10,metal_nut,0,full,test,scratch,test/scratch/001.png,2.370410
patchcore_wr50_10,metal_nut,0,full,test,scratch,test/scratch/002.png,2.956618
patchcore_wr50_10,metal_nut,0,full,test,scratch,test/scratch/003.png,2.634326
patchcore_wr50_10,metal_nut,0,full,test,scratch,test/scratch/004.png,2.769467
patchcore_wr50_10,metal_nut,0,full,test,scratch,test/scratch/005.png,2.698665
patchcore_wr50_10,metal_nut,0,full,test,scratch,test/scratch/006.png,2.758624
patchcore_wr50_10,metal_nut,0,full,test,scratch,test/scratch/007.png,2.942795
patchcore_wr50_10,metal_nut,0,full,test,scratch,test/scratch/008.png,2.944898
patchcore_wr50_10,metal_nut,0,full,test,scratch,test/scratch/009.png,2.671812
patchcore_wr50_10,metal_nut,0,full,test,scratch,test/scratch/010.png,2.655963
patchcore_wr50_10,metal_nut,0,full,test,scratch,test/scratch/011.png,2.858675
patchcore_wr50_10,metal_nut,0,full,test,scratch,test/scratch/012.png,2.696481
patchcore_wr50_10,metal_nut,0,full,test,scratch,test/scratch/013.png,2.914315
patchcore_wr50_10,metal_nut,0,full,test,scratch,test/scratch/014.png,2.668789
patchcore_wr50_10,metal_nut,0,full,test,scratch,test/scratch/015.png,2.935462
patchcore_wr50_10,metal_nut,0,full,test,scratch,test/scratch/016.png,2.770031
patchcore_wr50_10,metal_nut,0,full,test,scratch,test/scratch/017.png,2.768068
patchcore_wr50_10,metal_nut,0,full,test,scratch,test/scratch/018.png,3.039356
patchcore_wr50_10,metal_nut,0,full,test,scratch,test/scratch/019.png,2.594151
patchcore_wr50_10,metal_nut,0,full,test,scratch,test/scratch/020.png,2.217840
patchcore_wr50_10,metal_nut,0,full,test,scratch,test/scratch/021.png,2.262198
patchcore_wr50_10,metal_nut,0,full,test,scratch,test/scratch/022.png,2.186544
patchcore_wr50_10,metal_nut,0,gate,calibration,good,train/good/000.png,1.884042
patchcore_wr50_10,metal_nut,0,gate,calibration,good,train/good/006.png,1.904744
patchcore_wr50_10,metal_nut,0,gate,calibration,good,train/good/013.png,1.889256
patchcore_wr50_10,metal_nut,0,gate,calibration,good,train/good/017.png,1.853397
patchcore_wr50_10,metal_nut,0,gate,calibration,good,train/good/025.png,1.824705
patchcore_wr50_10,metal_nut,0,gate,calibration,good,train/good/036.png,1.727653
patchcore_wr50_10,metal_nut,0,gate,calibration,good,train/good/039.png,1.982036
patchcore_wr50_10,metal_nut,0,gate,calibration,good,train/good/041.png,1.913656
patchcore_wr50_10,metal_nut,0,gate,calibration,good,train/good/054.png,1.947027
patchcore_wr50_10,metal_nut,0,gate,calibration,good,train/good/060.png,1.858168
patchcore_wr50_10,metal_nut,0,gate,calibration,good,train/good/065.png,2.037728
patchcore_wr50_10,metal_nut,0,gate,calibration,good,train/good/070.png,1.857632
patchcore_wr50_10,metal_nut,0,gate,calibration,good,train/good/071.png,1.952550
patchcore_wr50_10,metal_nut,0,gate,calibration,good,train/good/072.png,2.082315
patchcore_wr50_10,metal_nut,0,gate,calibration,good,train/good/074.png,1.923923
patchcore_wr50_10,metal_nut,0,gate,calibration,good,train/good/075.png,1.992126
patchcore_wr50_10,metal_nut,0,gate,calibration,good,train/good/080.png,2.002300
patchcore_wr50_10,metal_nut,0,gate,calibration,good,train/good/090.png,1.817691
patchcore_wr50_10,metal_nut,0,gate,calibration,good,train/good/093.png,1.709003
patchcore_wr50_10,metal_nut,0,gate,calibration,good,train/good/094.png,1.870345
patchcore_wr50_10,metal_nut,0,gate,calibration,good,train/good/097.png,1.813832
patchcore_wr50_10,metal_nut,0,gate,calibration,good,train/good/102.png,1.865530
patchcore_wr50_10,metal_nut,0,gate,calibration,good,train/good/105.png,1.865972
patchcore_wr50_10,metal_nut,0,gate,calibration,good,train/good/106.png,1.837453
patchcore_wr50_10,metal_nut,0,gate,calibration,good,train/good/117.png,2.017625
patchcore_wr50_10,metal_nut,0,gate,calibration,good,train/good/119.png,1.941315
patchcore_wr50_10,metal_nut,0,gate,calibration,good,train/good/122.png,1.946695
patchcore_wr50_10,metal_nut,0,gate,calibration,good,train/good/123.png,1.920922
patchcore_wr50_10,metal_nut,0,gate,calibration,good,train/good/131.png,1.917111
patchcore_wr50_10,metal_nut,0,gate,calibration,good,train/good/149.png,1.785430
patchcore_wr50_10,metal_nut,0,gate,calibration,good,train/good/150.png,2.190160
patchcore_wr50_10,metal_nut,0,gate,calibration,good,train/good/155.png,2.028774
patchcore_wr50_10,metal_nut,0,gate,calibration,good,train/good/159.png,2.052237
patchcore_wr50_10,metal_nut,0,gate,calibration,good,train/good/173.png,1.911245
patchcore_wr50_10,metal_nut,0,gate,calibration,good,train/good/175.png,2.038579
patchcore_wr50_10,metal_nut,0,gate,calibration,good,train/good/178.png,2.130219
patchcore_wr50_10,metal_nut,0,gate,calibration,good,train/good/185.png,1.861585
patchcore_wr50_10,metal_nut,0,gate,calibration,good,train/good/188.png,2.038943
patchcore_wr50_10,metal_nut,0,gate,calibration,good,train/good/194.png,1.897560
patchcore_wr50_10,metal_nut,0,gate,calibration,good,train/good/196.png,1.813345
patchcore_wr50_10,metal_nut,0,gate,calibration,good,train/good/197.png,2.007693
patchcore_wr50_10,metal_nut,0,gate,calibration,good,train/good/210.png,1.925722
patchcore_wr50_10,metal_nut,0,gate,calibration,good,train/good/213.png,1.896754
patchcore_wr50_10,metal_nut,0,gate,calibration,good,train/good/217.png,1.845485
patchcore_wr50_10,metal_nut,0,gate,test,bent,test/bent/000.png,3.102173
patchcore_wr50_10,metal_nut,0,gate,test,bent,test/bent/001.png,2.793622
patchcore_wr50_10,metal_nut,0,gate,test,bent,test/bent/002.png,2.763441
patchcore_wr50_10,metal_nut,0,gate,test,bent,test/bent/003.png,2.925431
patchcore_wr50_10,metal_nut,0,gate,test,bent,test/bent/004.png,2.775156
patchcore_wr50_10,metal_nut,0,gate,test,bent,test/bent/005.png,3.042873
patchcore_wr50_10,metal_nut,0,gate,test,bent,test/bent/006.png,2.628279
patchcore_wr50_10,metal_nut,0,gate,test,bent,test/bent/007.png,2.270833
patchcore_wr50_10,metal_nut,0,gate,test,bent,test/bent/008.png,2.751386
patchcore_wr50_10,metal_nut,0,gate,test,bent,test/bent/009.png,3.135638
patchcore_wr50_10,metal_nut,0,gate,test,bent,test/bent/010.png,3.216409
patchcore_wr50_10,metal_nut,0,gate,test,bent,test/bent/011.png,3.010701
patchcore_wr50_10,metal_nut,0,gate,test,bent,test/bent/012.png,2.795722
patchcore_wr50_10,metal_nut,0,gate,test,bent,test/bent/013.png,2.755057
patchcore_wr50_10,metal_nut,0,gate,test,bent,test/bent/014.png,2.641298
patchcore_wr50_10,metal_nut,0,gate,test,bent,test/bent/015.png,2.640762
patchcore_wr50_10,metal_nut,0,gate,test,bent,test/bent/016.png,3.029740
patchcore_wr50_10,metal_nut,0,gate,test,bent,test/bent/017.png,3.057434
patchcore_wr50_10,metal_nut,0,gate,test,bent,test/bent/018.png,2.826569
patchcore_wr50_10,metal_nut,0,gate,test,bent,test/bent/019.png,2.862562
patchcore_wr50_10,metal_nut,0,gate,test,bent,test/bent/020.png,2.855705
patchcore_wr50_10,metal_nut,0,gate,test,bent,test/bent/021.png,3.168139
patchcore_wr50_10,metal_nut,0,gate,test,bent,test/bent/022.png,2.521385
patchcore_wr50_10,metal_nut,0,gate,test,bent,test/bent/023.png,2.731357
patchcore_wr50_10,metal_nut,0,gate,test,bent,test/bent/024.png,2.852871
patchcore_wr50_10,metal_nut,0,gate,test,color,test/color/000.png,2.632902
patchcore_wr50_10,metal_nut,0,gate,test,color,test/color/001.png,2.727950
patchcore_wr50_10,metal_nut,0,gate,test,color,test/color/002.png,3.154772
patchcore_wr50_10,metal_nut,0,gate,test,color,test/color/003.png,3.348728
patchcore_wr50_10,metal_nut,0,gate,test,color,test/color/004.png,2.257541
patchcore_wr50_10,metal_nut,0,gate,test,color,test/color/005.png,2.352484
patchcore_wr50_10,metal_nut,0,gate,test,color,test/color/006.png,2.698015
patchcore_wr50_10,metal_nut,0,gate,test,color,test/color/007.png,3.011734
patchcore_wr50_10,metal_nut,0,gate,test,color,test/color/008.png,2.904400
patchcore_wr50_10,metal_nut,0,gate,test,color,test/color/009.png,3.104905
patchcore_wr50_10,metal_nut,0,gate,test,color,test/color/010.png,2.861526
patchcore_wr50_10,metal_nut,0,gate,test,color,test/color/011.png,3.007777
patchcore_wr50_10,metal_nut,0,gate,test,color,test/color/012.png,2.864183
patchcore_wr50_10,metal_nut,0,gate,test,color,test/color/013.png,2.999326
patchcore_wr50_10,metal_nut,0,gate,test,color,test/color/014.png,3.241557
patchcore_wr50_10,metal_nut,0,gate,test,color,test/color/015.png,2.721787
patchcore_wr50_10,metal_nut,0,gate,test,color,test/color/016.png,2.747264
patchcore_wr50_10,metal_nut,0,gate,test,color,test/color/017.png,2.722627
patchcore_wr50_10,metal_nut,0,gate,test,color,test/color/018.png,2.515938
patchcore_wr50_10,metal_nut,0,gate,test,color,test/color/019.png,2.759427
patchcore_wr50_10,metal_nut,0,gate,test,color,test/color/020.png,2.975209
patchcore_wr50_10,metal_nut,0,gate,test,color,test/color/021.png,2.832981
patchcore_wr50_10,metal_nut,0,gate,test,flip,test/flip/000.png,3.334326
patchcore_wr50_10,metal_nut,0,gate,test,flip,test/flip/001.png,3.346515
patchcore_wr50_10,metal_nut,0,gate,test,flip,test/flip/002.png,3.144901
patchcore_wr50_10,metal_nut,0,gate,test,flip,test/flip/003.png,3.058020
patchcore_wr50_10,metal_nut,0,gate,test,flip,test/flip/004.png,3.181639
patchcore_wr50_10,metal_nut,0,gate,test,flip,test/flip/005.png,3.258500
patchcore_wr50_10,metal_nut,0,gate,test,flip,test/flip/006.png,3.162183
patchcore_wr50_10,metal_nut,0,gate,test,flip,test/flip/007.png,3.172793
patchcore_wr50_10,metal_nut,0,gate,test,flip,test/flip/008.png,3.235815
patchcore_wr50_10,metal_nut,0,gate,test,flip,test/flip/009.png,3.237908
patchcore_wr50_10,metal_nut,0,gate,test,flip,test/flip/010.png,3.115245
patchcore_wr50_10,metal_nut,0,gate,test,flip,test/flip/011.png,3.426089
patchcore_wr50_10,metal_nut,0,gate,test,flip,test/flip/012.png,3.201544
patchcore_wr50_10,metal_nut,0,gate,test,flip,test/flip/013.png,3.201934
patchcore_wr50_10,metal_nut,0,gate,test,flip,test/flip/014.png,3.236110
patchcore_wr50_10,metal_nut,0,gate,test,flip,test/flip/015.png,3.245732
patchcore_wr50_10,metal_nut,0,gate,test,flip,test/flip/016.png,3.134786
patchcore_wr50_10,metal_nut,0,gate,test,flip,test/flip/017.png,3.186568
patchcore_wr50_10,metal_nut,0,gate,test,flip,test/flip/018.png,3.176956
patchcore_wr50_10,metal_nut,0,gate,test,flip,test/flip/019.png,3.209156
patchcore_wr50_10,metal_nut,0,gate,test,flip,test/flip/020.png,3.076874
patchcore_wr50_10,metal_nut,0,gate,test,flip,test/flip/021.png,3.001062
patchcore_wr50_10,metal_nut,0,gate,test,flip,test/flip/022.png,3.204868
patchcore_wr50_10,metal_nut,0,gate,test,good,test/good/000.png,1.905251
patchcore_wr50_10,metal_nut,0,gate,test,good,test/good/001.png,1.886590
patchcore_wr50_10,metal_nut,0,gate,test,good,test/good/002.png,1.970242
patchcore_wr50_10,metal_nut,0,gate,test,good,test/good/003.png,1.873970
patchcore_wr50_10,metal_nut,0,gate,test,good,test/good/004.png,1.838407
patchcore_wr50_10,metal_nut,0,gate,test,good,test/good/005.png,2.056449
patchcore_wr50_10,metal_nut,0,gate,test,good,test/good/006.png,2.006011
patchcore_wr50_10,metal_nut,0,gate,test,good,test/good/007.png,2.336666
patchcore_wr50_10,metal_nut,0,gate,test,good,test/good/008.png,2.028988
patchcore_wr50_10,metal_nut,0,gate,test,good,test/good/009.png,1.930517
patchcore_wr50_10,metal_nut,0,gate,test,good,test/good/010.png,2.035015
patchcore_wr50_10,metal_nut,0,gate,test,good,test/good/011.png,2.074260
patchcore_wr50_10,metal_nut,0,gate,test,good,test/good/012.png,1.979660
patchcore_wr50_10,metal_nut,0,gate,test,good,test/good/013.png,2.086565
patchcore_wr50_10,metal_nut,0,gate,test,good,test/good/014.png,1.959301
patchcore_wr50_10,metal_nut,0,gate,test,good,test/good/015.png,2.057581
patchcore_wr50_10,metal_nut,0,gate,test,good,test/good/016.png,2.261698
patchcore_wr50_10,metal_nut,0,gate,test,good,test/good/017.png,1.922729
patchcore_wr50_10,metal_nut,0,gate,test,good,test/good/018.png,1.831880
patchcore_wr50_10,metal_nut,0,gate,test,good,test/good/019.png,1.873446
patchcore_wr50_10,metal_nut,0,gate,test,good,test/good/020.png,1.931420
patchcore_wr50_10,metal_nut,0,gate,test,good,test/good/021.png,1.816183
patchcore_wr50_10,metal_nut,0,gate,test,scratch,test/scratch/000.png,2.270067
patchcore_wr50_10,metal_nut,0,gate,test,scratch,test/scratch/001.png,2.389450
patchcore_wr50_10,metal_nut,0,gate,test,scratch,test/scratch/002.png,2.923563
patchcore_wr50_10,metal_nut,0,gate,test,scratch,test/scratch/003.png,2.692334
patchcore_wr50_10,metal_nut,0,gate,test,scratch,test/scratch/004.png,2.801535
patchcore_wr50_10,metal_nut,0,gate,test,scratch,test/scratch/005.png,2.722790
patchcore_wr50_10,metal_nut,0,gate,test,scratch,test/scratch/006.png,2.743028
patchcore_wr50_10,metal_nut,0,gate,test,scratch,test/scratch/007.png,2.953697
patchcore_wr50_10,metal_nut,0,gate,test,scratch,test/scratch/008.png,2.982477
patchcore_wr50_10,metal_nut,0,gate,test,scratch,test/scratch/009.png,2.650167
patchcore_wr50_10,metal_nut,0,gate,test,scratch,test/scratch/010.png,2.640142
patchcore_wr50_10,metal_nut,0,gate,test,scratch,test/scratch/011.png,2.901980
patchcore_wr50_10,metal_nut,0,gate,test,scratch,test/scratch/012.png,2.746585
patchcore_wr50_10,metal_nut,0,gate,test,scratch,test/scratch/013.png,2.905205
patchcore_wr50_10,metal_nut,0,gate,test,scratch,test/scratch/014.png,2.724762
patchcore_wr50_10,metal_nut,0,gate,test,scratch,test/scratch/015.png,2.973545
patchcore_wr50_10,metal_nut,0,gate,test,scratch,test/scratch/016.png,2.788703
patchcore_wr50_10,metal_nut,0,gate,test,scratch,test/scratch/017.png,2.718543
patchcore_wr50_10,metal_nut,0,gate,test,scratch,test/scratch/018.png,3.071275
patchcore_wr50_10,metal_nut,0,gate,test,scratch,test/scratch/019.png,2.571140
patchcore_wr50_10,metal_nut,0,gate,test,scratch,test/scratch/020.png,2.252725
patchcore_wr50_10,metal_nut,0,gate,test,scratch,test/scratch/021.png,2.270633
patchcore_wr50_10,metal_nut,0,gate,test,scratch,test/scratch/022.png,2.158164
patchcore_wr50_10,metal_nut,1,full,test,bent,test/bent/000.png,3.102173
patchcore_wr50_10,metal_nut,1,full,test,bent,test/bent/001.png,2.741999
patchcore_wr50_10,metal_nut,1,full,test,bent,test/bent/002.png,2.797108
patchcore_wr50_10,metal_nut,1,full,test,bent,test/bent/003.png,2.931401
patchcore_wr50_10,metal_nut,1,full,test,bent,test/bent/004.png,2.699929
patchcore_wr50_10,metal_nut,1,full,test,bent,test/bent/005.png,3.011935
patchcore_wr50_10,metal_nut,1,full,test,bent,test/bent/006.png,2.579510
patchcore_wr50_10,metal_nut,1,full,test,bent,test/bent/007.png,2.220245
patchcore_wr50_10,metal_nut,1,full,test,bent,test/bent/008.png,2.769930
patchcore_wr50_10,metal_nut,1,full,test,bent,test/bent/009.png,3.135638
patchcore_wr50_10,metal_nut,1,full,test,bent,test/bent/010.png,3.179511
patchcore_wr50_10,metal_nut,1,full,test,bent,test/bent/011.png,2.993488
patchcore_wr50_10,metal_nut,1,full,test,bent,test/bent/012.png,2.799335
patchcore_wr50_10,metal_nut,1,full,test,bent,test/bent/013.png,2.818763
patchcore_wr50_10,metal_nut,1,full,test,bent,test/bent/014.png,2.464349
patchcore_wr50_10,metal_nut,1,full,test,bent,test/bent/015.png,2.643035
patchcore_wr50_10,metal_nut,1,full,test,bent,test/bent/016.png,3.029740
patchcore_wr50_10,metal_nut,1,full,test,bent,test/bent/017.png,3.085547
patchcore_wr50_10,metal_nut,1,full,test,bent,test/bent/018.png,2.816695
patchcore_wr50_10,metal_nut,1,full,test,bent,test/bent/019.png,2.845434
patchcore_wr50_10,metal_nut,1,full,test,bent,test/bent/020.png,2.881844
patchcore_wr50_10,metal_nut,1,full,test,bent,test/bent/021.png,3.101746
patchcore_wr50_10,metal_nut,1,full,test,bent,test/bent/022.png,2.500608
patchcore_wr50_10,metal_nut,1,full,test,bent,test/bent/023.png,2.729829
patchcore_wr50_10,metal_nut,1,full,test,bent,test/bent/024.png,2.879021
patchcore_wr50_10,metal_nut,1,full,test,color,test/color/000.png,2.632902
patchcore_wr50_10,metal_nut,1,full,test,color,test/color/001.png,2.685593
patchcore_wr50_10,metal_nut,1,full,test,color,test/color/002.png,3.147668
patchcore_wr50_10,metal_nut,1,full,test,color,test/color/003.png,3.263917
patchcore_wr50_10,metal_nut,1,full,test,color,test/color/004.png,2.246222
patchcore_wr50_10,metal_nut,1,full,test,color,test/color/005.png,2.355035
patchcore_wr50_10,metal_nut,1,full,test,color,test/color/006.png,2.689475
patchcore_wr50_10,metal_nut,1,full,test,color,test/color/007.png,2.952690
patchcore_wr50_10,metal_nut,1,full,test,color,test/color/008.png,2.924557
patchcore_wr50_10,metal_nut,1,full,test,color,test/color/009.png,3.086745
patchcore_wr50_10,metal_nut,1,full,test,color,test/color/010.png,2.879799
patchcore_wr50_10,metal_nut,1,full,test,color,test/color/011.png,3.059770
patchcore_wr50_10,metal_nut,1,full,test,color,test/color/012.png,2.819825
patchcore_wr50_10,metal_nut,1,full,test,color,test/color/013.png,2.996657
patchcore_wr50_10,metal_nut,1,full,test,color,test/color/014.png,3.241557
patchcore_wr50_10,metal_nut,1,full,test,color,test/color/015.png,2.716210
patchcore_wr50_10,metal_nut,1,full,test,color,test/color/016.png,2.767801
patchcore_wr50_10,metal_nut,1,full,test,color,test/color/017.png,2.736415
patchcore_wr50_10,metal_nut,1,full,test,color,test/color/018.png,2.522678
patchcore_wr50_10,metal_nut,1,full,test,color,test/color/019.png,2.721832
patchcore_wr50_10,metal_nut,1,full,test,color,test/color/020.png,2.994940
patchcore_wr50_10,metal_nut,1,full,test,color,test/color/021.png,2.810727
patchcore_wr50_10,metal_nut,1,full,test,flip,test/flip/000.png,3.314826
patchcore_wr50_10,metal_nut,1,full,test,flip,test/flip/001.png,3.341708
patchcore_wr50_10,metal_nut,1,full,test,flip,test/flip/002.png,3.137645
patchcore_wr50_10,metal_nut,1,full,test,flip,test/flip/003.png,3.078070
patchcore_wr50_10,metal_nut,1,full,test,flip,test/flip/004.png,3.193635
patchcore_wr50_10,metal_nut,1,full,test,flip,test/flip/005.png,3.233899
patchcore_wr50_10,metal_nut,1,full,test,flip,test/flip/006.png,3.138945
patchcore_wr50_10,metal_nut,1,full,test,flip,test/flip/007.png,3.161086
patchcore_wr50_10,metal_nut,1,full,test,flip,test/flip/008.png,3.243917
patchcore_wr50_10,metal_nut,1,full,test,flip,test/flip/009.png,3.240171
patchcore_wr50_10,metal_nut,1,full,test,flip,test/flip/010.png,3.124116
patchcore_wr50_10,metal_nut,1,full,test,flip,test/flip/011.png,3.438530
patchcore_wr50_10,metal_nut,1,full,test,flip,test/flip/012.png,3.172033
patchcore_wr50_10,metal_nut,1,full,test,flip,test/flip/013.png,3.197288
patchcore_wr50_10,metal_nut,1,full,test,flip,test/flip/014.png,3.243471
patchcore_wr50_10,metal_nut,1,full,test,flip,test/flip/015.png,3.253106
patchcore_wr50_10,metal_nut,1,full,test,flip,test/flip/016.png,3.088434
patchcore_wr50_10,metal_nut,1,full,test,flip,test/flip/017.png,3.198207
patchcore_wr50_10,metal_nut,1,full,test,flip,test/flip/018.png,3.237270
patchcore_wr50_10,metal_nut,1,full,test,flip,test/flip/019.png,3.155117
patchcore_wr50_10,metal_nut,1,full,test,flip,test/flip/020.png,3.039066
patchcore_wr50_10,metal_nut,1,full,test,flip,test/flip/021.png,2.991321
patchcore_wr50_10,metal_nut,1,full,test,flip,test/flip/022.png,3.181546
patchcore_wr50_10,metal_nut,1,full,test,good,test/good/000.png,1.888199
patchcore_wr50_10,metal_nut,1,full,test,good,test/good/001.png,1.830045
patchcore_wr50_10,metal_nut,1,full,test,good,test/good/002.png,2.001076
patchcore_wr50_10,metal_nut,1,full,test,good,test/good/003.png,1.765250
patchcore_wr50_10,metal_nut,1,full,test,good,test/good/004.png,1.898381
patchcore_wr50_10,metal_nut,1,full,test,good,test/good/005.png,1.980256
patchcore_wr50_10,metal_nut,1,full,test,good,test/good/006.png,1.979018
patchcore_wr50_10,metal_nut,1,full,test,good,test/good/007.png,2.122111
patchcore_wr50_10,metal_nut,1,full,test,good,test/good/008.png,2.037601
patchcore_wr50_10,metal_nut,1,full,test,good,test/good/009.png,1.947871
patchcore_wr50_10,metal_nut,1,full,test,good,test/good/010.png,2.003312
patchcore_wr50_10,metal_nut,1,full,test,good,test/good/011.png,2.043593
patchcore_wr50_10,metal_nut,1,full,test,good,test/good/012.png,1.849799
patchcore_wr50_10,metal_nut,1,full,test,good,test/good/013.png,2.041035
patchcore_wr50_10,metal_nut,1,full,test,good,test/good/014.png,1.943194
patchcore_wr50_10,metal_nut,1,full,test,good,test/good/015.png,1.953086
patchcore_wr50_10,metal_nut,1,full,test,good,test/good/016.png,2.233450
patchcore_wr50_10,metal_nut,1,full,test,good,test/good/017.png,1.823269
patchcore_wr50_10,metal_nut,1,full,test,good,test/good/018.png,1.749241
patchcore_wr50_10,metal_nut,1,full,test,good,test/good/019.png,1.818548
patchcore_wr50_10,metal_nut,1,full,test,good,test/good/020.png,1.799986
patchcore_wr50_10,metal_nut,1,full,test,good,test/good/021.png,1.822748
patchcore_wr50_10,metal_nut,1,full,test,scratch,test/scratch/000.png,2.260885
patchcore_wr50_10,metal_nut,1,full,test,scratch,test/scratch/001.png,2.368827
patchcore_wr50_10,metal_nut,1,full,test,scratch,test/scratch/002.png,2.944582
patchcore_wr50_10,metal_nut,1,full,test,scratch,test/scratch/003.png,2.638252
patchcore_wr50_10,metal_nut,1,full,test,scratch,test/scratch/004.png,2.777193
patchcore_wr50_10,metal_nut,1,full,test,scratch,test/scratch/005.png,2.710932
patchcore_wr50_10,metal_nut,1,full,test,scratch,test/scratch/006.png,2.743227
patchcore_wr50_10,metal_nut,1,full,test,scratch,test/scratch/007.png,2.942795
patchcore_wr50_10,metal_nut,1,full,test,scratch,test/scratch/008.png,2.927066
patchcore_wr50_10,metal_nut,1,full,test,scratch,test/scratch/009.png,2.687502
patchcore_wr50_10,metal_nut,1,full,test,scratch,test/scratch/010.png,2.627211
patchcore_wr50_10,metal_nut,1,full,test,scratch,test/scratch/011.png,2.840545
patchcore_wr50_10,metal_nut,1,full,test,scratch,test/scratch/012.png,2.723879
patchcore_wr50_10,metal_nut,1,full,test,scratch,test/scratch/013.png,2.967553
patchcore_wr50_10,metal_nut,1,full,test,scratch,test/scratch/014.png,2.679561
patchcore_wr50_10,metal_nut,1,full,test,scratch,test/scratch/015.png,2.971314
patchcore_wr50_10,metal_nut,1,full,test,scratch,test/scratch/016.png,2.710793
patchcore_wr50_10,metal_nut,1,full,test,scratch,test/scratch/017.png,2.808403
patchcore_wr50_10,metal_nut,1,full,test,scratch,test/scratch/018.png,3.023585
patchcore_wr50_10,metal_nut,1,full,test,scratch,test/scratch/019.png,2.625126
patchcore_wr50_10,metal_nut,1,full,test,scratch,test/scratch/020.png,2.266429
patchcore_wr50_10,metal_nut,1,full,test,scratch,test/scratch/021.png,2.262198
patchcore_wr50_10,metal_nut,1,full,test,scratch,test/scratch/022.png,2.188302
patchcore_wr50_10,metal_nut,1,gate,calibration,good,train/good/001.png,1.964464
patchcore_wr50_10,metal_nut,1,gate,calibration,good,train/good/005.png,1.895434
patchcore_wr50_10,metal_nut,1,gate,calibration,good,train/good/007.png,1.852583
patchcore_wr50_10,metal_nut,1,gate,calibration,good,train/good/013.png,1.859597
patchcore_wr50_10,metal_nut,1,gate,calibration,good,train/good/014.png,1.767771
patchcore_wr50_10,metal_nut,1,gate,calibration,good,train/good/019.png,1.930080
patchcore_wr50_10,metal_nut,1,gate,calibration,good,train/good/020.png,1.962286
patchcore_wr50_10,metal_nut,1,gate,calibration,good,train/good/021.png,2.191877
patchcore_wr50_10,metal_nut,1,gate,calibration,good,train/good/024.png,1.999609
patchcore_wr50_10,metal_nut,1,gate,calibration,good,train/good/029.png,2.019963
patchcore_wr50_10,metal_nut,1,gate,calibration,good,train/good/031.png,2.065144
patchcore_wr50_10,metal_nut,1,gate,calibration,good,train/good/043.png,1.824125
patchcore_wr50_10,metal_nut,1,gate,calibration,good,train/good/052.png,1.837000
patchcore_wr50_10,metal_nut,1,gate,calibration,good,train/good/059.png,2.021297
patchcore_wr50_10,metal_nut,1,gate,calibration,good,train/good/063.png,1.927054
patchcore_wr50_10,metal_nut,1,gate,calibration,good,train/good/070.png,1.951455
patchcore_wr50_10,metal_nut,1,gate,calibration,good,train/good/079.png,1.919720
patchcore_wr50_10,metal_nut,1,gate,calibration,good,train/good/080.png,1.885432
patchcore_wr50_10,metal_nut,1,gate,calibration,good,train/good/088.png,2.026263
patchcore_wr50_10,metal_nut,1,gate,calibration,good,train/good/097.png,1.780702
patchcore_wr50_10,metal_nut,1,gate,calibration,good,train/good/099.png,2.124499
patchcore_wr50_10,metal_nut,1,gate,calibration,good,train/good/105.png,1.852686
patchcore_wr50_10,metal_nut,1,gate,calibration,good,train/good/107.png,1.886978
patchcore_wr50_10,metal_nut,1,gate,calibration,good,train/good/108.png,1.886418
patchcore_wr50_10,metal_nut,1,gate,calibration,good,train/good/117.png,2.009140
patchcore_wr50_10,metal_nut,1,gate,calibration,good,train/good/121.png,1.956592
patchcore_wr50_10,metal_nut,1,gate,calibration,good,train/good/124.png,1.899792
patchcore_wr50_10,metal_nut,1,gate,calibration,good,train/good/126.png,2.042792
patchcore_wr50_10,metal_nut,1,gate,calibration,good,train/good/130.png,1.812539
patchcore_wr50_10,metal_nut,1,gate,calibration,good,train/good/138.png,1.902720
patchcore_wr50_10,metal_nut,1,gate,calibration,good,train/good/139.png,1.902202
patchcore_wr50_10,metal_nut,1,gate,calibration,good,train/good/140.png,1.674700
patchcore_wr50_10,metal_nut,1,gate,calibration,good,train/good/142.png,2.037359
patchcore_wr50_10,metal_nut,1,gate,calibration,good,train/good/149.png,1.811210
patchcore_wr50_10,metal_nut,1,gate,calibration,good,train/good/150.png,2.146458
patchcore_wr50_10,metal_nut,1,gate,calibration,good,train/good/152.png,1.909147
patchcore_wr50_10,metal_nut,1,gate,calibration,good,train/good/156.png,2.027903
patchcore_wr50_10,metal_nut,1,gate,calibration,good,train/good/172.png,1.798114
patchcore_wr50_10,metal_nut,1,gate,calibration,good,train/good/173.png,1.961983
patchcore_wr50_10,metal_nut,1,gate,calibration,good,train/good/175.png,2.156468
patchcore_wr50_10,metal_nut,1,gate,calibration,good,train/good/185.png,1.881574
patchcore_wr50_10,metal_nut,1,gate,calibration,good,train/good/193.png,1.791808
patchcore_wr50_10,metal_nut,1,gate,calibration,good,train/good/209.png,1.971061
patchcore_wr50_10,metal_nut,1,gate,calibration,good,train/good/218.png,2.013061
patchcore_wr50_10,metal_nut,1,gate,test,bent,test/bent/000.png,3.101490
patchcore_wr50_10,metal_nut,1,gate,test,bent,test/bent/001.png,2.850215
patchcore_wr50_10,metal_nut,1,gate,test,bent,test/bent/002.png,2.852144
patchcore_wr50_10,metal_nut,1,gate,test,bent,test/bent/003.png,2.965203
patchcore_wr50_10,metal_nut,1,gate,test,bent,test/bent/004.png,2.775156
patchcore_wr50_10,metal_nut,1,gate,test,bent,test/bent/005.png,3.068683
patchcore_wr50_10,metal_nut,1,gate,test,bent,test/bent/006.png,2.529469
patchcore_wr50_10,metal_nut,1,gate,test,bent,test/bent/007.png,2.289002
patchcore_wr50_10,metal_nut,1,gate,test,bent,test/bent/008.png,2.768512
patchcore_wr50_10,metal_nut,1,gate,test,bent,test/bent/009.png,3.118989
patchcore_wr50_10,metal_nut,1,gate,test,bent,test/bent/010.png,3.224088
patchcore_wr50_10,metal_nut,1,gate,test,bent,test/bent/011.png,2.955459
patchcore_wr50_10,metal_nut,1,gate,test,bent,test/bent/012.png,2.795722
patchcore_wr50_10,metal_nut,1,gate,test,bent,test/bent/013.png,2.794162
patchcore_wr50_10,metal_nut,1,gate,test,bent,test/bent/014.png,2.627727
patchcore_wr50_10,metal_nut,1,gate,test,bent,test/bent/015.png,2.685876
patchcore_wr50_10,metal_nut,1,gate,test,bent,test/bent/016.png,3.012112
patchcore_wr50_10,metal_nut,1,gate,test,bent,test/bent/017.png,3.053447
patchcore_wr50_10,metal_nut,1,gate,test,bent,test/bent/018.png,2.774677
patchcore_wr50_10,metal_nut,1,gate,test,bent,test/bent/019.png,2.922392
patchcore_wr50_10,metal_nut,1,gate,test,bent,test/bent/020.png,2.841504
patchcore_wr50_10,metal_nut,1,gate,test,bent,test/bent/021.png,3.184133
patchcore_wr50_10,metal_nut,1,gate,test,bent,test/bent/022.png,2.499067
patchcore_wr50_10,metal_nut,1,gate,test,bent,test/bent/023.png,2.731357
patchcore_wr50_10,metal_nut,1,gate,test,bent,test/bent/024.png,2.871263
patchcore_wr50_10,metal_nut,1,gate,test,color,test/color/000.png,2.708091
patchcore_wr50_10,metal_nut,1,gate,test,color,test/color/001.png,2.664697
patchcore_wr50_10,metal_nut,1,gate,test,color,test/color/002.png,3.124251
patchcore_wr50_10,metal_nut,1,gate,test,color,test/color/003.png,3.296077
patchcore_wr50_10,metal_nut,1,gate,test,color,test/color/004.png,2.236014
patchcore_wr50_10,metal_nut,1,gate,test,color,test/color/005.png,2.347705
patchcore_wr50_10,metal_nut,1,gate,test,color,test/color/006.png,2.691279
patchcore_wr50_10,metal_nut,1,gate,test,color,test/color/007.png,2.941941
patchcore_wr50_10,metal_nut,1,gate,test,color,test/color/008.png,2.984612
patchcore_wr50_10,metal_nut,1,gate,test,color,test/color/009.png,3.104327
patchcore_wr50_10,metal_nut,1,gate,test,color,test/color/010.png,2.903514
patchcore_wr50_10,metal_nut,1,gate,test,color,test/color/011.png,3.031291
patchcore_wr50_10,metal_nut,1,gate,test,color,test/color/012.png,2.760855
patchcore_wr50_10,metal_nut,1,gate,test,color,test/color/013.png,3.093944
patchcore_wr50_10,metal_nut,1,gate,test,color,test/color/014.png,3.353939
patchcore_wr50_10,metal_nut,1,gate,test,color,test/color/015.png,2.724731
patchcore_wr50_10,metal_nut,1,gate,test,color,test/color/016.png,2.735371
patchcore_wr50_10,metal_nut,1,gate,test,color,test/color/017.png,2.655316
patchcore_wr50_10,metal_nut,1,gate,test,color,test/color/018.png,2.564490
patchcore_wr50_10,metal_nut,1,gate,test,color,test/color/019.png,2.697449
patchcore_wr50_10,metal_nut,1,gate,test,color,test/color/020.png,3.029124
patchcore_wr50_10,metal_nut,1,gate,test,color,test/color/021.png,2.870152
patchcore_wr50_10,metal_nut,1,gate,test,flip,test/flip/000.png,3.335603
patchcore_wr50_10,metal_nut,1,gate,test,flip,test/flip/001.png,3.378232
patchcore_wr50_10,metal_nut,1,gate,test,flip,test/flip/002.png,3.143418
patchcore_wr50_10,metal_nut,1,gate,test,flip,test/flip/003.png,3.084424
patchcore_wr50_10,metal_nut,1,gate,test,flip,test/flip/004.png,3.228640
patchcore_wr50_10,metal_nut,1,gate,test,flip,test/flip/005.png,3.236415
patchcore_wr50_10,metal_nut,1,gate,test,flip,test/flip/006.png,3.178461
patchcore_wr50_10,metal_nut,1,gate,test,flip,test/flip/007.png,3.201784
patchcore_wr50_10,metal_nut,1,gate,test,flip,test/flip/008.png,3.226837
patchcore_wr50_10,metal_nut,1,gate,test,flip,test/flip/009.png,3.240171
patchcore_wr50_10,metal_nut,1,gate,test,flip,test/flip/010.png,3.148167
patchcore_wr50_10,metal_nut,1,gate,test,flip,test/flip/011.png,3.437569
patchcore_wr50_10,metal_nut,1,gate,test,flip,test/flip/012.png,3.172830
patchcore_wr50_10,metal_nut,1,gate,test,flip,test/flip/013.png,3.212491
patchcore_wr50_10,metal_nut,1,gate,test,flip,test/flip/014.png,3.237633
patchcore_wr50_10,metal_nut,1,gate,test,flip,test/flip/015.png,3.238542
patchcore_wr50_10,metal_nut,1,gate,test,flip,test/flip/016.png,3.093790
patchcore_wr50_10,metal_nut,1,gate,test,flip,test/flip/017.png,3.212160
patchcore_wr50_10,metal_nut,1,gate,test,flip,test/flip/018.png,3.161177
patchcore_wr50_10,metal_nut,1,gate,test,flip,test/flip/019.png,3.202104
patchcore_wr50_10,metal_nut,1,gate,test,flip,test/flip/020.png,3.044302
patchcore_wr50_10,metal_nut,1,gate,test,flip,test/flip/021.png,2.979308
patchcore_wr50_10,metal_nut,1,gate,test,flip,test/flip/022.png,3.163273
patchcore_wr50_10,metal_nut,1,gate,test,good,test/good/000.png,1.882698
patchcore_wr50_10,metal_nut,1,gate,test,good,test/good/001.png,1.859382
patchcore_wr50_10,metal_nut,1,gate,test,good,test/good/002.png,1.962326
patchcore_wr50_10,metal_nut,1,gate,test,good,test/good/003.png,1.762305
patchcore_wr50_10,metal_nut,1,gate,test,good,test/good/004.png,1.813298
patchcore_wr50_10,metal_nut,1,gate,test,good,test/good/005.png,2.026623
patchcore_wr50_10,metal_nut,1,gate,test,good,test/good/006.png,1.973951
patchcore_wr50_10,metal_nut,1,gate,test,good,test/good/007.png,2.200668
patchcore_wr50_10,metal_nut,1,gate,test,good,test/good/008.png,2.037601
patchcore_wr50_10,metal_nut,1,gate,test,good,test/good/009.png,1.941318
patchcore_wr50_10,metal_nut,1,gate,test,good,test/good/010.png,1.959843
patchcore_wr50_10,metal_nut,1,gate,test,good,test/good/011.png,2.089480
patchcore_wr50_10,metal_nut,1,gate,test,good,test/good/012.png,1.861965
patchcore_wr50_10,metal_nut,1,gate,test,good,test/good/013.png,2.023966
patchcore_wr50_10,metal_nut,1,gate,test,good,test/good/014.png,1.975502
patchcore_wr50_10,metal_nut,1,gate,test,good,test/good/015.png,2.036819
patchcore_wr50_10,metal_nut,1,gate,test,good,test/good/016.png,2.218694
patchcore_wr50_10,metal_nut,1,gate,test,good,test/good/017.png,1.848598
patchcore_wr50_10,metal_nut,1,gate,test,good,test/good/018.png,1.813101
patchcore_wr50_10,metal_nut,1,gate,test,good,test/good/019.png,1.878323
patchcore_wr50_10,metal_nut,1,gate,test,good,test/good/020.png,1.880022
patchcore_wr50_10,metal_nut,1,gate,test,good,test/good/021.png,1.862448
patchcore_wr50_10,metal_nut,1,gate,test,scratch,test/scratch/000.png,2.317836
patchcore_wr50_10,metal_nut,1,gate,test,scratch,test/scratch/001.png,2.438986
patchcore_wr50_10,metal_nut,1,gate,test,scratch,test/scratch/002.png,3.008971
patchcore_wr50_10,metal_nut,1,gate,test,scratch,test/scratch/003.png,2.629764
patchcore_wr50_10,metal_nut,1,gate,test,scratch,test/scratch/004.png,2.755270
patchcore_wr50_10,metal_nut,1,gate,test,scratch,test/scratch/005.png,2.712780
patchcore_wr50_10,metal_nut,1,gate,test,scratch,test/scratch/006.png,2.752862
patchcore_wr50_10,metal_nut,1,gate,test,scratch,test/scratch/007.png,2.962412
patchcore_wr50_10,metal_nut,1,gate,test,scratch,test/scratch/008.png,2.944898
patchcore_wr50_10,metal_nut,1,gate,test,scratch,test/scratch/009.png,2.664912
patchcore_wr50_10,metal_nut,1,gate,test,scratch,test/scratch/010.png,2.694955
patchcore_wr50_10,metal_nut,1,gate,test,scratch,test/scratch/011.png,2.906521
patchcore_wr50_10,metal_nut,1,gate,test,scratch,test/scratch/012.png,2.752210
patchcore_wr50_10,metal_nut,1,gate,test,scratch,test/scratch/013.png,2.863178
patchcore_wr50_10,metal_nut,1,gate,test,scratch,test/scratch/014.png,2.680534
patchcore_wr50_10,metal_nut,1,gate,test,scratch,test/scratch/015.png,2.935462
patchcore_wr50_10,metal_nut,1,gate,test,scratch,test/scratch/016.png,2.762684
patchcore_wr50_10,metal_nut,1,gate,test,scratch,test/scratch/017.png,2.744849
patchcore_wr50_10,metal_nut,1,gate,test,scratch,test/scratch/018.png,3.068249
patchcore_wr50_10,metal_nut,1,gate,test,scratch,test/scratch/019.png,2.633418
patchcore_wr50_10,metal_nut,1,gate,test,scratch,test/scratch/020.png,2.245532
patchcore_wr50_10,metal_nut,1,gate,test,scratch,test/scratch/021.png,2.294090
patchcore_wr50_10,metal_nut,1,gate,test,scratch,test/scratch/022.png,2.240509
patchcore_wr50_10,metal_nut,2,full,test,bent,test/bent/000.png,3.101490
patchcore_wr50_10,metal_nut,2,full,test,bent,test/bent/001.png,2.772245
patchcore_wr50_10,metal_nut,2,full,test,bent,test/bent/002.png,2.763441
patchcore_wr50_10,metal_nut,2,full,test,bent,test/bent/003.png,2.920557
patchcore_wr50_10,metal_nut,2,full,test,bent,test/bent/004.png,2.751199
patchcore_wr50_10,metal_nut,2,full,test,bent,test/bent/005.png,3.073546
patchcore_wr50_10,metal_nut,2,full,test,bent,test/bent/006.png,2.542437
patchcore_wr50_10,metal_nut,2,full,test,bent,test/bent/007.png,2.255814
patchcore_wr50_10,metal_nut,2,full,test,bent,test/bent/008.png,2.812139
patchcore_wr50_10,metal_nut,2,full,test,bent,test/bent/009.png,3.116297
patchcore_wr50_10,metal_nut,2,full,test,bent,test/bent/010.png,3.216409
patchcore_wr50_10,metal_nut,2,full,test,bent,test/bent/011.png,2.955621
patchcore_wr50_10,metal_nut,2,full,test,bent,test/bent/012.png,2.781521
patchcore_wr50_10,metal_nut,2,full,test,bent,test/bent/013.png,2.794162
patchcore_wr50_10,metal_nut,2,full,test,bent,test/bent/014.png,2.650829
patchcore_wr50_10,metal_nut,2,full,test,bent,test/bent/015.png,2.651289
patchcore_wr50_10,metal_nut,2,full,test,bent,test/bent/016.png,3.011309
patchcore_wr50_10,metal_nut,2,full,test,bent,test/bent/017.png,3.098051
patchcore_wr50_10,metal_nut,2,full,test,bent,test/bent/018.png,2.794101
patchcore_wr50_10,metal_nut,2,full,test,bent,test/bent/019.png,2.840966
patchcore_wr50_10,metal_nut,2,full,test,bent,test/bent/020.png,2.841504
patchcore_wr50_10,metal_nut,2,full,test,bent,test/bent/021.png,3.176875
patchcore_wr50_10,metal_nut,2,full,test,bent,test/bent/022.png,2.499067
patchcore_wr50_10,metal_nut,2,full,test,bent,test/bent/023.png,2.744346
patchcore_wr50_10,metal_nut,2,full,test,bent,test/bent/024.png,2.838523
patchcore_wr50_10,metal_nut,2,full,test,color,test/color/000.png,2.691093
patchcore_wr50_10,metal_nut,2,full,test,color,test/color/001.png,2.690485
patchcore_wr50_10,metal_nut,2,full,test,color,test/color/002.png,3.209755
patchcore_wr50_10,metal_nut,2,full,test,color,test/color/003.png,3.263543
patchcore_wr50_10,metal_nut,2,full,test,color,test/color/004.png,2.197120
patchcore_wr50_10,metal_nut,2,full,test,color,test/color/005.png,2.373899
patchcore_wr50_10,metal_nut,2,full,test,color,test/color/006.png,2.687990
patchcore_wr50_10,metal_nut,2,full,test,color,test/color/007.png,2.998101
patchcore_wr50_10,metal_nut,2,full,test,color,test/color/008.png,2.875092
patchcore_wr50_10,metal_nut,2,full,test,color,test/color/009.png,3.095596
patchcore_wr50_10,metal_nut,2,full,test,color,test/color/010.png,2.912722
patchcore_wr50_10,metal_nut,2,full,test,color,test/color/011.png,3.030369
patchcore_wr50_10,metal_nut,2,full,test,color,test/color/012.png,2.909960
patchcore_wr50_10,metal_nut,2,full,test,color,test/color/013.png,3.002424
patchcore_wr50_10,metal_nut,2,full,test,color,test/color/014.png,3.319351
patchcore_wr50_10,metal_nut,2,full,test,color,test/color/015.png,2.777094
patchcore_wr50_10,metal_nut,2,full,test,color,test/color/016.png,2.735371
patchcore_wr50_10,metal_nut,2,full,test,color,test/color/017.png,2.720634
patchcore_wr50_10,metal_nut,2,full,test,color,test/color/018.png,2.542516
patchcore_wr50_10,metal_nut,2,full,test,color,test/color/019.png,2.689307
patchcore_wr50_10,metal_nut,2,full,test,color,test/color/020.png,2.906327
patchcore_wr50_10,metal_nut,2,full,test,color,test/color/021.png,2.810727
patchcore_wr50_10,metal_nut,2,full,test,flip,test/flip/000.png,3.258841
patchcore_wr50_10,metal_nut,2,full,test,flip,test/flip/001.png,3.345571
patchcore_wr50_10,metal_nut,2,full,test,flip,test/flip/002.png,3.120246
patchcore_wr50_10,metal_nut,2,full,test,flip,test/flip/003.png,3.072720
patchcore_wr50_10,metal_nut,2,full,test,flip,test/flip/004.png,3.211658
patchcore_wr50_10,metal_nut,2,full,test,flip,test/flip/005.png,3.263188
patchcore_wr50_10,metal_nut,2,full,test,flip,test/flip/006.png,3.144402
patchcore_wr50_10,metal_nut,2,full,test,flip,test/flip/007.png,3.172865
patchcore_wr50_10,metal_nut,2,full,test,flip,test/flip/008.png,3.187793
patchcore_wr50_10,metal_nut,2,full,test,flip,test/flip/009.png,3.202166
patchcore_wr50_10,metal_nut,2,full,test,flip,test/flip/010.png,3.124423
patchcore_wr50_10,metal_nut,2,full,test,flip,test/flip/011.png,3.476653
patchcore_wr50_10,metal_nut,2,full,test,flip,test/flip/012.png,3.226326
patchcore_wr50_10,metal_nut,2,full,test,flip,test/flip/013.png,3.154204
patchcore_wr50_10,metal_nut,2,full,test,flip,test/flip/014.png,3.186251
patchcore_wr50_10,metal_nut,2,full,test,flip,test/flip/015.png,3.223085
patchcore_wr50_10,metal_nut,2,full,test,flip,test/flip/016.png,3.082807
patchcore_wr50_10,metal_nut,2,full,test,flip,test/flip/017.png,3.200419
patchcore_wr50_10,metal_nut,2,full,test,flip,test/flip/018.png,3.218595
patchcore_wr50_10,metal_nut,2,full,test,flip,test/flip/019.png,3.208614
patchcore_wr50_10,metal_nut,2,full,test,flip,test/flip/020.png,3.072141
patchcore_wr50_10,metal_nut,2,full,test,flip,test/flip/021.png,3.015423
patchcore_wr50_10,metal_nut,2,full,test,flip,test/flip/022.png,3.189416
patchcore_wr50_10,metal_nut,2,full,test,good,test/good/000.png,1.975863
patchcore_wr50_10,metal_nut,2,full,test,good,test/good/001.png,1.809159
patchcore_wr50_10,metal_nut,2,full,test,good,test/good/002.png,1.957275
patchcore_wr50_10,metal_nut,2,full,test,good,test/good/003.png,1.802208
patchcore_wr50_10,metal_nut,2,full,test,good,test/good/004.png,1.899264
patchcore_wr50_10,metal_nut,2,full,test,good,test/good/005.png,2.025877
patchcore_wr50_10,metal_nut,2,full,test,good,test/good/006.png,2.009841
patchcore_wr50_10,metal_nut,2,full,test,good,test/good/007.png,2.151509
patchcore_wr50_10,metal_nut,2,full,test,good,test/good/008.png,2.038794
patchcore_wr50_10,metal_nut,2,full,test,good,test/good/009.png,1.902721
patchcore_wr50_10,metal_nut,2,full,test,good,test/good/010.png,1.934409
patchcore_wr50_10,metal_nut,2,full,test,good,test/good/011.png,2.041200
patchcore_wr50_10,metal_nut,2,full,test,good,test/good/012.png,1.858241
patchcore_wr50_10,metal_nut,2,full,test,good,test/good/013.png,2.008868
patchcore_wr50_10,metal_nut,2,full,test,good,test/good/014.png,1.967640
patchcore_wr50_10,metal_nut,2,full,test,good,test/good/015.png,1.936619
patchcore_wr50_10,metal_nut,2,full,test,good,test/good/016.png,2.233450
patchcore_wr50_10,metal_nut,2,full,test,good,test/good/017.png,1.868235
patchcore_wr50_10,metal_nut,2,full,test,good,test/good/018.png,1.743976
patchcore_wr50_10,metal_nut,2,full,test,good,test/good/019.png,1.765461
patchcore_wr50_10,metal_nut,2,full,test,good,test/good/020.png,1.834404
patchcore_wr50_10,metal_nut,2,full,test,good,test/good/021.png,1.840399
patchcore_wr50_10,metal_nut,2,full,test,scratch,test/scratch/000.png,2.281981
patchcore_wr50_10,metal_nut,2,full,test,scratch,test/scratch/001.png,2.381650
patchcore_wr50_10,metal_nut,2,full,test,scratch,test/scratch/002.png,2.902346
patchcore_wr50_10,metal_nut,2,full,test,scratch,test/scratch/003.png,2.634326
patchcore_wr50_10,metal_nut,2,full,test,scratch,test/scratch/004.png,2.759936
patchcore_wr50_10,metal_nut,2,full,test,scratch,test/scratch/005.png,2.712985
patchcore_wr50_10,metal_nut,2,full,test,scratch,test/scratch/006.png,2.743028
patchcore_wr50_10,metal_nut,2,full,test,scratch,test/scratch/007.png,2.929079
patchcore_wr50_10,metal_nut,2,full,test,scratch,test/scratch/008.png,2.944898
patchcore_wr50_10,metal_nut,2,full,test,scratch,test/scratch/009.png,2.650167
patchcore_wr50_10,metal_nut,2,full,test,scratch,test/scratch/010.png,2.617260
patchcore_wr50_10,metal_nut,2,full,test,scratch,test/scratch/011.png,2.924167
patchcore_wr50_10,metal_nut,2,full,test,scratch,test/scratch/012.png,2.741643
patchcore_wr50_10,metal_nut,2,full,test,scratch,test/scratch/013.png,2.893152
patchcore_wr50_10,metal_nut,2,full,test,scratch,test/scratch/014.png,2.700090
patchcore_wr50_10,metal_nut,2,full,test,scratch,test/scratch/015.png,2.918784
patchcore_wr50_10,metal_nut,2,full,test,scratch,test/scratch/016.png,2.729307
patchcore_wr50_10,metal_nut,2,full,test,scratch,test/scratch/017.png,2.782385
patchcore_wr50_10,metal_nut,2,full,test,scratch,test/scratch/018.png,3.060041
patchcore_wr50_10,metal_nut,2,full,test,scratch,test/scratch/019.png,2.540877
patchcore_wr50_10,metal_nut,2,full,test,scratch,test/scratch/020.png,2.252725
patchcore_wr50_10,metal_nut,2,full,test,scratch,test/scratch/021.png,2.280332
patchcore_wr50_10,metal_nut,2,full,test,scratch,test/scratch/022.png,2.222883
patchcore_wr50_10,metal_nut,2,gate,calibration,good,train/good/000.png,1.857888
patchcore_wr50_10,metal_nut,2,gate,calibration,good,train/good/011.png,1.867135
patchcore_wr50_10,metal_nut,2,gate,calibration,good,train/good/026.png,1.727580
patchcore_wr50_10,metal_nut,2,gate,calibration,good,train/good/032.png,1.921509
patchcore_wr50_10,metal_nut,2,gate,calibration,good,train/good/038.png,1.916099
patchcore_wr50_10,metal_nut,2,gate,calibration,good,train/good/039.png,2.020520
patchcore_wr50_10,metal_nut,2,gate,calibration,good,train/good/042.png,1.831066
patchcore_wr50_10,metal_nut,2,gate,calibration,good,train/good/045.png,1.852023
patchcore_wr50_10,metal_nut,2,gate,calibration,good,train/good/048.png,1.939108
patchcore_wr50_10,metal_nut,2,gate,calibration,good,train/good/052.png,1.760886
patchcore_wr50_10,metal_nut,2,gate,calibration,good,train/good/061.png,2.027553
patchcore_wr50_10,metal_nut,2,gate,calibration,good,train/good/067.png,2.065378
patchcore_wr50_10,metal_nut,2,gate,calibration,good,train/good/069.png,1.984054
patchcore_wr50_10,metal_nut,2,gate,calibration,good,train/good/071.png,1.916530
patchcore_wr50_10,metal_nut,2,gate,calibration,good,train/good/074.png,1.921236
patchcore_wr50_10,metal_nut,2,gate,calibration,good,train/good/078.png,2.029068
patchcore_wr50_10,metal_nut,2,gate,calibration,good,train/good/081.png,1.824583
patchcore_wr50_10,metal_nut,2,gate,calibration,good,train/good/086.png,1.840113
patchcore_wr50_10,metal_nut,2,gate,calibration,good,train/good/089.png,1.720209
patchcore_wr50_10,metal_nut,2,gate,calibration,good,train/good/093.png,1.750911
patchcore_wr50_10,metal_nut,2,gate,calibration,good,train/good/104.png,1.854389
patchcore_wr50_10,metal_nut,2,gate,calibration,good,train/good/107.png,1.809739
patchcore_wr50_10,metal_nut,2,gate,calibration,good,train/good/108.png,1.920532
patchcore_wr50_10,metal_nut,2,gate,calibration,good,train/good/114.png,1.888746
patchcore_wr50_10,metal_nut,2,gate,calibration,good,train/good/118.png,1.874716
patchcore_wr50_10,metal_nut,2,gate,calibration,good,train/good/119.png,1.911837
patchcore_wr50_10,metal_nut,2,gate,calibration,good,train/good/123.png,1.894487
patchcore_wr50_10,metal_nut,2,gate,calibration,good,train/good/126.png,2.015764
patchcore_wr50_10,metal_nut,2,gate,calibration,good,train/good/129.png,1.828852
patchcore_wr50_10,metal_nut,2,gate,calibration,good,train/good/141.png,1.880611
patchcore_wr50_10,metal_nut,2,gate,calibration,good,train/good/145.png,1.955272
patchcore_wr50_10,metal_nut,2,gate,calibration,good,train/good/147.png,1.944216
patchcore_wr50_10,metal_nut,2,gate,calibration,good,train/good/162.png,1.920533
patchcore_wr50_10,metal_nut,2,gate,calibration,good,train/good/170.png,1.874321
patchcore_wr50_10,metal_nut,2,gate,calibration,good,train/good/179.png,1.958664
patchcore_wr50_10,metal_nut,2,gate,calibration,good,train/good/186.png,2.056564
patchcore_wr50_10,metal_nut,2,gate,calibration,good,train/good/190.png,1.965804
patchcore_wr50_10,metal_nut,2,gate,calibration,good,train/good/194.png,1.916632
patchcore_wr50_10,metal_nut,2,gate,calibration,good,train/good/199.png,1.916271
patchcore_wr50_10,metal_nut,2,gate,calibration,good,train/good/206.png,1.980911
patchcore_wr50_10,metal_nut,2,gate,calibration,good,train/good/207.png,1.934198
patchcore_wr50_10,metal_nut,2,gate,calibration,good,train/good/211.png,1.855091
patchcore_wr50_10,metal_nut,2,gate,calibration,good,train/good/214.png,1.790387
patchcore_wr50_10,metal_nut,2,gate,calibration,good,train/good/217.png,1.804335
patchcore_wr50_10,metal_nut,2,gate,test,bent,test/bent/000.png,3.101490
patchcore_wr50_10,metal_nut,2,gate,test,bent,test/bent/001.png,2.782451
patchcore_wr50_10,metal_nut,2,gate,test,bent,test/bent/002.png,2.843768
patchcore_wr50_10,metal_nut,2,gate,test,bent,test/bent/003.png,2.920557
patchcore_wr50_10,metal_nut,2,gate,test,bent,test/bent/004.png,2.810499
patchcore_wr50_10,metal_nut,2,gate,test,bent,test/bent/005.png,3.015840
patchcore_wr50_10,metal_nut,2,gate,test,bent,test/bent/006.png,2.565128
patchcore_wr50_10,metal_nut,2,gate,test,bent,test/bent/007.png,2.212305
patchcore_wr50_10,metal_nut,2,gate,test,bent,test/bent/008.png,2.764747
patchcore_wr50_10,metal_nut,2,gate,test,bent,test/bent/009.png,3.156507
patchcore_wr50_10,metal_nut,2,gate,test,bent,test/bent/010.png,3.229252
patchcore_wr50_10,metal_nut,2,gate,test,bent,test/bent/011.png,2.923600
patchcore_wr50_10,metal_nut,2,gate,test,bent,test/bent/012.png,2.781521
patchcore_wr50_10,metal_nut,2,gate,test,bent,test/bent/013.png,2.821292
patchcore_wr50_10,metal_nut,2,gate,test,bent,test/bent/014.png,2.721979
patchcore_wr50_10,metal_nut,2,gate,test,bent,test/bent/015.png,2.673010
patchcore_wr50_10,metal_nut,2,gate,test,bent,test/bent/016.png,3.067383
patchcore_wr50_10,metal_nut,2,gate,test,bent,test/bent/017.png,3.108401
patchcore_wr50_10,metal_nut,2,gate,test,bent,test/bent/018.png,2.777040
patchcore_wr50_10,metal_nut,2,gate,test,bent,test/bent/019.png,2.868105
patchcore_wr50_10,metal_nut,2,gate,test,bent,test/bent/020.png,2.855705
patchcore_wr50_10,metal_nut,2,gate,test,bent,test/bent/021.png,3.161314
patchcore_wr50_10,metal_nut,2,gate,test,bent,test/bent/022.png,2.508306
patchcore_wr50_10,metal_nut,2,gate,test,bent,test/bent/023.png,2.794136
patchcore_wr50_10,metal_nut,2,gate,test,bent,test/bent/024.png,2.852871
patchcore_wr50_10,metal_nut,2,gate,test,color,test/color/000.png,2.755821
patchcore_wr50_10,metal_nut,2,gate,test,color,test/color/001.png,2.715662
patchcore_wr50_10,metal_nut,2,gate,test,color,test/color/002.png,3.195406
patchcore_wr50_10,metal_nut,2,gate,test,color,test/color/003.png,3.343442
patchcore_wr50_10,metal_nut,2,gate,test,color,test/color/004.png,2.184835
patchcore_wr50_10,metal_nut,2,gate,test,color,test/color/005.png,2.355035
patchcore_wr50_10,metal_nut,2,gate,test,color,test/color/006.png,2.692849
patchcore_wr50_10,metal_nut,2,gate,test,color,test/color/007.png,2.982058
patchcore_wr50_10,metal_nut,2,gate,test,color,test/color/008.png,2.866368
patchcore_wr50_10,metal_nut,2,gate,test,color,test/color/009.png,3.090603
patchcore_wr50_10,metal_nut,2,gate,test,color,test/color/010.png,2.856811
patchcore_wr50_10,metal_nut,2,gate,test,color,test/color/011.png,3.077909
patchcore_wr50_10,metal_nut,2,gate,test,color,test/color/012.png,2.854453
patchcore_wr50_10,metal_nut,2,gate,test,color,test/color/013.png,2.999326
patchcore_wr50_10,metal_nut,2,gate,test,color,test/color/014.png,3.353939
patchcore_wr50_10,metal_nut,2,gate,test,color,test/color/015.png,2.769286
patchcore_wr50_10,metal_nut,2,gate,test,color,test/color/016.png,2.744371
patchcore_wr50_10,metal_nut,2,gate,test,color,test/color/017.png,2.671997
patchcore_wr50_10,metal_nut,2,gate,test,color,test/color/018.png,2.548064
patchcore_wr50_10,metal_nut,2,gate,test,color,test/color/019.png,2.721832
patchcore_wr50_10,metal_nut,2,gate,test,color,test/color/020.png,2.944113
patchcore_wr50_10,metal_nut,2,gate,test,color,test/color/021.png,2.823957
patchcore_wr50_10,metal_nut,2,gate,test,flip,test/flip/000.png,3.290502
patchcore_wr50_10,metal_nut,2,gate,test,flip,test/flip/001.png,3.324510
patchcore_wr50_10,metal_nut,2,gate,test,flip,test/flip/002.png,3.151503
patchcore_wr50_10,metal_nut,2,gate,test,flip,test/flip/003.png,3.101179
patchcore_wr50_10,metal_nut,2,gate,test,flip,test/flip/004.png,3.209633
patchcore_wr50_10,metal_nut,2,gate,test,flip,test/flip/005.png,3.215846
patchcore_wr50_10,metal_nut,2,gate,test,flip,test/flip/006.png,3.138945
patchcore_wr50_10,metal_nut,2,gate,test,flip,test/flip/007.png,3.174376
patchcore_wr50_10,metal_nut,2,gate,test,flip,test/flip/008.png,3.227948
patchcore_wr50_10,metal_nut,2,gate,test,flip,test/flip/009.png,3.258238
patchcore_wr50_10,metal_nut,2,gate,test,flip,test/flip/010.png,3.184530
patchcore_wr50_10,metal_nut,2,gate,test,flip,test/flip/011.png,3.439344
patchcore_wr50_10,metal_nut,2,gate,test,flip,test/flip/012.png,3.181795
patchcore_wr50_10,metal_nut,2,gate,test,flip,test/flip/013.png,3.197288
patchcore_wr50_10,metal_nut,2,gate,test,flip,test/flip/014.png,3.248262
patchcore_wr50_10,metal_nut,2,gate,test,flip,test/flip/015.png,3.253106
patchcore_wr50_10,metal_nut,2,gate,test,flip,test/flip/016.png,3.152947
patchcore_wr50_10,metal_nut,2,gate,test,flip,test/flip/017.png,3.161820
patchcore_wr50_10,metal_nut,2,gate,test,flip,test/flip/018.png,3.204472
patchcore_wr50_10,metal_nut,2,gate,test,flip,test/flip/019.png,3.211230
patchcore_wr50_10,metal_nut,2,gate,test,flip,test/flip/020.png,3.077457
patchcore_wr50_10,metal_nut,2,gate,test,flip,test/flip/021.png,3.011092
patchcore_wr50_10,metal_nut,2,gate,test,flip,test/flip/022.png,3.205918
patchcore_wr50_10,metal_nut,2,gate,test,good,test/good/000.png,1.930467
patchcore_wr50_10,metal_nut,2,gate,test,good,test/good/001.png,1.822412
patchcore_wr50_10,metal_nut,2,gate,test,good,test/good/002.png,1.947172
patchcore_wr50_10,metal_nut,2,gate,test,good,test/good/003.png,1.870014
patchcore_wr50_10,metal_nut,2,gate,test,good,test/good/004.png,1.863952
patchcore_wr50_10,metal_nut,2,gate,test,good,test/good/005.png,2.046544
patchcore_wr50_10,metal_nut,2,gate,test,good,test/good/006.png,2.057901
patchcore_wr50_10,metal_nut,2,gate,test,good,test/good/007.png,2.224236
patchcore_wr50_10,metal_nut,2,gate,test,good,test/good/008.png,2.091945
patchcore_wr50_10,metal_nut,2,gate,test,good,test/good/009.png,2.012509
patchcore_wr50_10,metal_nut,2,gate,test,good,test/good/010.png,1.996416
patchcore_wr50_10,metal_nut,2,gate,test,good,test/good/011.png,2.005077
patchcore_wr50_10,metal_nut,2,gate,test,good,test/good/012.png,2.050453
patchcore_wr50_10,metal_nut,2,gate,test,good,test/good/013.png,2.008868
patchcore_wr50_10,metal_nut,2,gate,test,good,test/good/014.png,1.968953
patchcore_wr50_10,metal_nut,2,gate,test,good,test/good/015.png,2.040652
patchcore_wr50_10,metal_nut,2,gate,test,good,test/good/016.png,2.218601
patchcore_wr50_10,metal_nut,2,gate,test,good,test/good/017.png,1.907911
patchcore_wr50_10,metal_nut,2,gate,test,good,test/good/018.png,1.800570
patchcore_wr50_10,metal_nut,2,gate,test,good,test/good/019.png,1.788103
patchcore_wr50_10,metal_nut,2,gate,test,good,test/good/020.png,1.898309
patchcore_wr50_10,metal_nut,2,gate,test,good,test/good/021.png,1.889191
patchcore_wr50_10,metal_nut,2,gate,test,scratch,test/scratch/000.png,2.307336
patchcore_wr50_10,metal_nut,2,gate,test,scratch,test/scratch/001.png,2.389273
patchcore_wr50_10,metal_nut,2,gate,test,scratch,test/scratch/002.png,2.924791
patchcore_wr50_10,metal_nut,2,gate,test,scratch,test/scratch/003.png,2.666968
patchcore_wr50_10,metal_nut,2,gate,test,scratch,test/scratch/004.png,2.785773
patchcore_wr50_10,metal_nut,2,gate,test,scratch,test/scratch/005.png,2.713221
patchcore_wr50_10,metal_nut,2,gate,test,scratch,test/scratch/006.png,2.769047
patchcore_wr50_10,metal_nut,2,gate,test,scratch,test/scratch/007.png,2.931905
patchcore_wr50_10,metal_nut,2,gate,test,scratch,test/scratch/008.png,2.944898
patchcore_wr50_10,metal_nut,2,gate,test,scratch,test/scratch/009.png,2.685971
patchcore_wr50_10,metal_nut,2,gate,test,scratch,test/scratch/010.png,2.627191
patchcore_wr50_10,metal_nut,2,gate,test,scratch,test/scratch/011.png,2.924167
patchcore_wr50_10,metal_nut,2,gate,test,scratch,test/scratch/012.png,2.750509
patchcore_wr50_10,metal_nut,2,gate,test,scratch,test/scratch/013.png,2.943838
patchcore_wr50_10,metal_nut,2,gate,test,scratch,test/scratch/014.png,2.685436
patchcore_wr50_10,metal_nut,2,gate,test,scratch,test/scratch/015.png,2.948706
patchcore_wr50_10,metal_nut,2,gate,test,scratch,test/scratch/016.png,2.792109
patchcore_wr50_10,metal_nut,2,gate,test,scratch,test/scratch/017.png,2.738122
patchcore_wr50_10,metal_nut,2,gate,test,scratch,test/scratch/018.png,3.052417
patchcore_wr50_10,metal_nut,2,gate,test,scratch,test/scratch/019.png,2.545464
patchcore_wr50_10,metal_nut,2,gate,test,scratch,test/scratch/020.png,2.267854
patchcore_wr50_10,metal_nut,2,gate,test,scratch,test/scratch/021.png,2.274997
patchcore_wr50_10,metal_nut,2,gate,test,scratch,test/scratch/022.png,2.150515
patchcore_wr50_10,screw,0,full,test,good,test/good/000.png,1.390301
patchcore_wr50_10,screw,0,full,test,good,test/good/001.png,1.498841
patchcore_wr50_10,screw,0,full,test,good,test/good/002.png,1.393427
patchcore_wr50_10,screw,0,full,test,good,test/good/003.png,1.418204
patchcore_wr50_10,screw,0,full,test,good,test/good/004.png,1.654607
patchcore_wr50_10,screw,0,full,test,good,test/good/005.png,1.745884
patchcore_wr50_10,screw,0,full,test,good,test/good/006.png,1.449537
patchcore_wr50_10,screw,0,full,test,good,test/good/007.png,1.435395
patchcore_wr50_10,screw,0,full,test,good,test/good/008.png,1.443931
patchcore_wr50_10,screw,0,full,test,good,test/good/009.png,1.564012
patchcore_wr50_10,screw,0,full,test,good,test/good/010.png,1.450942
patchcore_wr50_10,screw,0,full,test,good,test/good/011.png,1.582633
patchcore_wr50_10,screw,0,full,test,good,test/good/012.png,1.383534
patchcore_wr50_10,screw,0,full,test,good,test/good/013.png,1.439600
patchcore_wr50_10,screw,0,full,test,good,test/good/014.png,1.532714
patchcore_wr50_10,screw,0,full,test,good,test/good/015.png,1.587199
patchcore_wr50_10,screw,0,full,test,good,test/good/016.png,1.359699
patchcore_wr50_10,screw,0,full,test,good,test/good/017.png,1.374628
patchcore_wr50_10,screw,0,full,test,good,test/good/018.png,1.495681
patchcore_wr50_10,screw,0,full,test,good,test/good/019.png,1.512672
patchcore_wr50_10,screw,0,full,test,good,test/good/020.png,1.440877
patchcore_wr50_10,screw,0,full,test,good,test/good/021.png,1.399418
patchcore_wr50_10,screw,0,full,test,good,test/good/022.png,1.585176
patchcore_wr50_10,screw,0,full,test,good,test/good/023.png,1.495638
patchcore_wr50_10,screw,0,full,test,good,test/good/024.png,1.590644
patchcore_wr50_10,screw,0,full,test,good,test/good/025.png,1.344277
patchcore_wr50_10,screw,0,full,test,good,test/good/026.png,1.391345
patchcore_wr50_10,screw,0,full,test,good,test/good/027.png,1.524656
patchcore_wr50_10,screw,0,full,test,good,test/good/028.png,1.377331
patchcore_wr50_10,screw,0,full,test,good,test/good/029.png,1.391016
patchcore_wr50_10,screw,0,full,test,good,test/good/030.png,1.353604
patchcore_wr50_10,screw,0,full,test,good,test/good/031.png,1.601559
patchcore_wr50_10,screw,0,full,test,good,test/good/032.png,1.454311
patchcore_wr50_10,screw,0,full,test,good,test/good/033.png,1.315569
patchcore_wr50_10,screw,0,full,test,good,test/good/034.png,1.290195
patchcore_wr50_10,screw,0,full,test,good,test/good/035.png,1.575815
patchcore_wr50_10,screw,0,full,test,good,test/good/036.png,1.353752
patchcore_wr50_10,screw,0,full,test,good,test/good/037.png,1.560821
patchcore_wr50_10,screw,0,full,test,good,test/good/038.png,1.396025
patchcore_wr50_10,screw,0,full,test,good,test/good/039.png,1.487970
patchcore_wr50_10,screw,0,full,test,good,test/good/040.png,1.406211
patchcore_wr50_10,screw,0,full,test,manipulated_front,test/manipulated_front/000.png,1.657231
patchcore_wr50_10,screw,0,full,test,manipulated_front,test/manipulated_front/001.png,1.864347
patchcore_wr50_10,screw,0,full,test,manipulated_front,test/manipulated_front/002.png,1.783850
patchcore_wr50_10,screw,0,full,test,manipulated_front,test/manipulated_front/003.png,1.944997
patchcore_wr50_10,screw,0,full,test,manipulated_front,test/manipulated_front/004.png,1.916691
patchcore_wr50_10,screw,0,full,test,manipulated_front,test/manipulated_front/005.png,1.821387
patchcore_wr50_10,screw,0,full,test,manipulated_front,test/manipulated_front/006.png,1.610502
patchcore_wr50_10,screw,0,full,test,manipulated_front,test/manipulated_front/007.png,1.731327
patchcore_wr50_10,screw,0,full,test,manipulated_front,test/manipulated_front/008.png,1.847647
patchcore_wr50_10,screw,0,full,test,manipulated_front,test/manipulated_front/009.png,1.708758
patchcore_wr50_10,screw,0,full,test,manipulated_front,test/manipulated_front/010.png,1.772338
patchcore_wr50_10,screw,0,full,test,manipulated_front,test/manipulated_front/011.png,1.721549
patchcore_wr50_10,screw,0,full,test,manipulated_front,test/manipulated_front/012.png,1.682443
patchcore_wr50_10,screw,0,full,test,manipulated_front,test/manipulated_front/013.png,1.663913
patchcore_wr50_10,screw,0,full,test,manipulated_front,test/manipulated_front/014.png,1.760417
patchcore_wr50_10,screw,0,full,test,manipulated_front,test/manipulated_front/015.png,1.816425
patchcore_wr50_10,screw,0,full,test,manipulated_front,test/manipulated_front/016.png,1.908759
patchcore_wr50_10,screw,0,full,test,manipulated_front,test/manipulated_front/017.png,1.623000
patchcore_wr50_10,screw,0,full,test,manipulated_front,test/manipulated_front/018.png,1.889144
patchcore_wr50_10,screw,0,full,test,manipulated_front,test/manipulated_front/019.png,1.680452
patchcore_wr50_10,screw,0,full,test,manipulated_front,test/manipulated_front/020.png,1.512382
patchcore_wr50_10,screw,0,full,test,manipulated_front,test/manipulated_front/021.png,1.485093
patchcore_wr50_10,screw,0,full,test,manipulated_front,test/manipulated_front/022.png,1.658075
patchcore_wr50_10,screw,0,full,test,manipulated_front,test/manipulated_front/023.png,1.549946
patchcore_wr50_10,screw,0,full,test,scratch_head,test/scratch_head/000.png,1.748136
patchcore_wr50_10,screw,0,full,test,scratch_head,test/scratch_head/001.png,1.802665
patchcore_wr50_10,screw,0,full,test,scratch_head,test/scratch_head/002.png,1.715063
patchcore_wr50_10,screw,0,full,test,scratch_head,test/scratch_head/003.png,1.612018
patchcore_wr50_10,screw,0,full,test,scratch_head,test/scratch_head/004.png,1.719798
patchcore_wr50_10,screw,0,full,test,scratch_head,test/scratch_head/005.png,1.637616
patchcore_wr50_10,screw,0,full,test,scratch_head,test/scratch_head/006.png,1.666283
patchcore_wr50_10,screw,0,full,test,scratch_head,test/scratch_head/007.png,1.881513
patchcore_wr50_10,screw,0,full,test,scratch_head,test/scratch_head/008.png,1.639997
patchcore_wr50_10,screw,0,full,test,scratch_head,test/scratch_head/009.png,1.497066
patchcore_wr50_10,screw,0,full,test,scratch_head,test/scratch_head/010.png,1.747837
patchcore_wr50_10,screw,0,full,test,scratch_head,test/scratch_head/011.png,2.219395
patchcore_wr50_10,screw,0,full,test,scratch_head,test/scratch_head/012.png,1.879569
patchcore_wr50_10,screw,0,full,test,scratch_head,test/scratch_head/013.png,1.931641
patchcore_wr50_10,screw,0,full,test,scratch_head,test/scratch_head/014.png,1.721531
patchcore_wr50_10,screw,0,full,test,scratch_head,test/scratch_head/015.png,2.126173
patchcore_wr50_10,screw,0,full,test,scratch_head,test/scratch_head/016.png,1.806777
patchcore_wr50_10,screw,0,full,test,scratch_head,test/scratch_head/017.png,1.764515
patchcore_wr50_10,screw,0,full,test,scratch_head,test/scratch_head/018.png,1.616083
patchcore_wr50_10,screw,0,full,test,scratch_head,test/scratch_head/019.png,2.055899
patchcore_wr50_10,screw,0,full,test,scratch_head,test/scratch_head/020.png,1.776548
patchcore_wr50_10,screw,0,full,test,scratch_head,test/scratch_head/021.png,1.903640
patchcore_wr50_10,screw,0,full,test,scratch_head,test/scratch_head/022.png,1.566360
patchcore_wr50_10,screw,0,full,test,scratch_head,test/scratch_head/023.png,1.799659
patchcore_wr50_10,screw,0,full,test,scratch_neck,test/scratch_neck/000.png,1.918755
patchcore_wr50_10,screw,0,full,test,scratch_neck,test/scratch_neck/001.png,2.607797
patchcore_wr50_10,screw,0,full,test,scratch_neck,test/scratch_neck/002.png,1.966380
patchcore_wr50_10,screw,0,full,test,scratch_neck,test/scratch_neck/003.png,2.458559
patchcore_wr50_10,screw,0,full,test,scratch_neck,test/scratch_neck/004.png,2.226838
patchcore_wr50_10,screw,0,full,test,scratch_neck,test/scratch_neck/005.png,1.709932
patchcore_wr50_10,screw,0,full,test,scratch_neck,test/scratch_neck/006.png,2.037124
patchcore_wr50_10,screw,0,full,test,scratch_neck,test/scratch_neck/007.png,2.483289
patchcore_wr50_10,screw,0,full,test,scratch_neck,test/scratch_neck/008.png,2.526553
patchcore_wr50_10,screw,0,full,test,scratch_neck,test/scratch_neck/009.png,2.628534
patchcore_wr50_10,screw,0,full,test,scratch_neck,test/scratch_neck/010.png,2.228146
patchcore_wr50_10,screw,0,full,test,scratch_neck,test/scratch_neck/011.png,1.673266
patchcore_wr50_10,screw,0,full,test,scratch_neck,test/scratch_neck/012.png,2.134009
patchcore_wr50_10,screw,0,full,test,scratch_neck,test/scratch_neck/013.png,2.381848
patchcore_wr50_10,screw,0,full,test,scratch_neck,test/scratch_neck/014.png,2.280538
patchcore_wr50_10,screw,0,full,test,scratch_neck,test/scratch_neck/015.png,2.436267
patchcore_wr50_10,screw,0,full,test,scratch_neck,test/scratch_neck/016.png,2.551813
patchcore_wr50_10,screw,0,full,test,scratch_neck,test/scratch_neck/017.png,2.051492
patchcore_wr50_10,screw,0,full,test,scratch_neck,test/scratch_neck/018.png,2.210959
patchcore_wr50_10,screw,0,full,test,scratch_neck,test/scratch_neck/019.png,2.445052
patchcore_wr50_10,screw,0,full,test,scratch_neck,test/scratch_neck/020.png,2.479904
patchcore_wr50_10,screw,0,full,test,scratch_neck,test/scratch_neck/021.png,1.795901
patchcore_wr50_10,screw,0,full,test,scratch_neck,test/scratch_neck/022.png,1.903835
patchcore_wr50_10,screw,0,full,test,scratch_neck,test/scratch_neck/023.png,1.930001
patchcore_wr50_10,screw,0,full,test,scratch_neck,test/scratch_neck/024.png,2.450724
patchcore_wr50_10,screw,0,full,test,thread_side,test/thread_side/000.png,1.765936
patchcore_wr50_10,screw,0,full,test,thread_side,test/thread_side/001.png,1.627509
patchcore_wr50_10,screw,0,full,test,thread_side,test/thread_side/002.png,1.740622
patchcore_wr50_10,screw,0,full,test,thread_side,test/thread_side/003.png,1.671500
patchcore_wr50_10,screw,0,full,test,thread_side,test/thread_side/004.png,1.552500
patchcore_wr50_10,screw,0,full,test,thread_side,test/thread_side/005.png,1.878562
patchcore_wr50_10,screw,0,full,test,thread_side,test/thread_side/006.png,1.683146
patchcore_wr50_10,screw,0,full,test,thread_side,test/thread_side/007.png,1.976426
patchcore_wr50_10,screw,0,full,test,thread_side,test/thread_side/008.png,1.541244
patchcore_wr50_10,screw,0,full,test,thread_side,test/thread_side/009.png,1.503997
patchcore_wr50_10,screw,0,full,test,thread_side,test/thread_side/010.png,1.688341
patchcore_wr50_10,screw,0,full,test,thread_side,test/thread_side/011.png,1.686521
patchcore_wr50_10,screw,0,full,test,thread_side,test/thread_side/012.png,1.465409
patchcore_wr50_10,screw,0,full,test,thread_side,test/thread_side/013.png,1.569116
patchcore_wr50_10,screw,0,full,test,thread_side,test/thread_side/014.png,1.891242
patchcore_wr50_10,screw,0,full,test,thread_side,test/thread_side/015.png,1.648323
patchcore_wr50_10,screw,0,full,test,thread_side,test/thread_side/016.png,1.655460
patchcore_wr50_10,screw,0,full,test,thread_side,test/thread_side/017.png,1.948539
patchcore_wr50_10,screw,0,full,test,thread_side,test/thread_side/018.png,1.737380
patchcore_wr50_10,screw,0,full,test,thread_side,test/thread_side/019.png,1.629272
patchcore_wr50_10,screw,0,full,test,thread_side,test/thread_side/020.png,1.551674
patchcore_wr50_10,screw,0,full,test,thread_side,test/thread_side/021.png,1.711035
patchcore_wr50_10,screw,0,full,test,thread_side,test/thread_side/022.png,1.836647
patchcore_wr50_10,screw,0,full,test,thread_top,test/thread_top/000.png,1.899355
patchcore_wr50_10,screw,0,full,test,thread_top,test/thread_top/001.png,2.076141
patchcore_wr50_10,screw,0,full,test,thread_top,test/thread_top/002.png,2.033223
patchcore_wr50_10,screw,0,full,test,thread_top,test/thread_top/003.png,1.631261
patchcore_wr50_10,screw,0,full,test,thread_top,test/thread_top/004.png,2.046740
patchcore_wr50_10,screw,0,full,test,thread_top,test/thread_top/005.png,2.233887
patchcore_wr50_10,screw,0,full,test,thread_top,test/thread_top/006.png,2.094016
patchcore_wr50_10,screw,0,full,test,thread_top,test/thread_top/007.png,2.508785
patchcore_wr50_10,screw,0,full,test,thread_top,test/thread_top/008.png,1.624486
patchcore_wr50_10,screw,0,full,test,thread_top,test/thread_top/009.png,1.702579
patchcore_wr50_10,screw,0,full,test,thread_top,test/thread_top/010.png,1.937671
patchcore_wr50_10,screw,0,full,test,thread_top,test/thread_top/011.png,2.068595
patchcore_wr50_10,screw,0,full,test,thread_top,test/thread_top/012.png,1.689392
patchcore_wr50_10,screw,0,full,test,thread_top,test/thread_top/013.png,1.967069
patchcore_wr50_10,screw,0,full,test,thread_top,test/thread_top/014.png,1.781593
patchcore_wr50_10,screw,0,full,test,thread_top,test/thread_top/015.png,1.651261
patchcore_wr50_10,screw,0,full,test,thread_top,test/thread_top/016.png,1.973549
patchcore_wr50_10,screw,0,full,test,thread_top,test/thread_top/017.png,1.733300
patchcore_wr50_10,screw,0,full,test,thread_top,test/thread_top/018.png,1.916837
patchcore_wr50_10,screw,0,full,test,thread_top,test/thread_top/019.png,2.191298
patchcore_wr50_10,screw,0,full,test,thread_top,test/thread_top/020.png,2.156607
patchcore_wr50_10,screw,0,full,test,thread_top,test/thread_top/021.png,1.987601
patchcore_wr50_10,screw,0,full,test,thread_top,test/thread_top/022.png,1.712931
patchcore_wr50_10,screw,0,gate,calibration,good,train/good/000.png,1.508724
patchcore_wr50_10,screw,0,gate,calibration,good,train/good/005.png,1.360011
patchcore_wr50_10,screw,0,gate,calibration,good,train/good/010.png,1.356278
patchcore_wr50_10,screw,0,gate,calibration,good,train/good/018.png,1.517173
patchcore_wr50_10,screw,0,gate,calibration,good,train/good/031.png,1.614976
patchcore_wr50_10,screw,0,gate,calibration,good,train/good/033.png,1.471557
patchcore_wr50_10,screw,0,gate,calibration,good,train/good/036.png,1.547567
patchcore_wr50_10,screw,0,gate,calibration,good,train/good/039.png,1.433568
patchcore_wr50_10,screw,0,gate,calibration,good,train/good/041.png,1.538469
patchcore_wr50_10,screw,0,gate,calibration,good,train/good/044.png,1.279635
patchcore_wr50_10,screw,0,gate,calibration,good,train/good/045.png,1.570896
patchcore_wr50_10,screw,0,gate,calibration,good,train/good/047.png,1.547499
patchcore_wr50_10,screw,0,gate,calibration,good,train/good/063.png,1.411151
patchcore_wr50_10,screw,0,gate,calibration,good,train/good/070.png,1.351677
patchcore_wr50_10,screw,0,gate,calibration,good,train/good/071.png,1.383441
patchcore_wr50_10,screw,0,gate,calibration,good,train/good/075.png,1.505225
patchcore_wr50_10,screw,0,gate,calibration,good,train/good/084.png,1.503337
patchcore_wr50_10,screw,0,gate,calibration,good,train/good/090.png,1.553013
patchcore_wr50_10,screw,0,gate,calibration,good,train/good/093.png,1.325599
patchcore_wr50_10,screw,0,gate,calibration,good,train/good/098.png,1.462810
patchcore_wr50_10,screw,0,gate,calibration,good,train/good/111.png,1.421483
patchcore_wr50_10,screw,0,gate,calibration,good,train/good/116.png,1.429772
patchcore_wr50_10,screw,0,gate,calibration,good,train/good/117.png,1.469433
patchcore_wr50_10,screw,0,gate,calibration,good,train/good/121.png,1.451832
patchcore_wr50_10,screw,0,gate,calibration,good,train/good/124.png,1.412678
patchcore_wr50_10,screw,0,gate,calibration,good,train/good/133.png,1.372676
patchcore_wr50_10,screw,0,gate,calibration,good,train/good/144.png,1.536888
patchcore_wr50_10,screw,0,gate,calibration,good,train/good/145.png,1.543490
patchcore_wr50_10,screw,0,gate,calibration,good,train/good/147.png,1.723391
patchcore_wr50_10,screw,0,gate,calibration,good,train/good/148.png,1.401103
patchcore_wr50_10,screw,0,gate,calibration,good,train/good/149.png,1.310145
patchcore_wr50_10,screw,0,gate,calibration,good,train/good/150.png,1.448613
patchcore_wr50_10,screw,0,gate,calibration,good,train/good/159.png,1.376181
patchcore_wr50_10,screw,0,gate,calibration,good,train/good/161.png,1.389025
patchcore_wr50_10,screw,0,gate,calibration,good,train/good/162.png,1.522836
patchcore_wr50_10,screw,0,gate,calibration,good,train/good/167.png,1.475200
patchcore_wr50_10,screw,0,gate,calibration,good,train/good/168.png,1.443974
patchcore_wr50_10,screw,0,gate,calibration,good,train/good/174.png,1.598975
patchcore_wr50_10,screw,0,gate,calibration,good,train/good/189.png,1.560865
patchcore_wr50_10,screw,0,gate,calibration,good,train/good/197.png,1.647318
patchcore_wr50_10,screw,0,gate,calibration,good,train/good/203.png,1.409627
patchcore_wr50_10,screw,0,gate,calibration,good,train/good/205.png,1.374935
patchcore_wr50_10,screw,0,gate,calibration,good,train/good/208.png,1.442221
patchcore_wr50_10,screw,0,gate,calibration,good,train/good/219.png,1.713175
patchcore_wr50_10,screw,0,gate,calibration,good,train/good/223.png,1.388158
patchcore_wr50_10,screw,0,gate,calibration,good,train/good/229.png,1.468195
patchcore_wr50_10,screw,0,gate,calibration,good,train/good/230.png,1.460998
patchcore_wr50_10,screw,0,gate,calibration,good,train/good/233.png,1.536449
patchcore_wr50_10,screw,0,gate,calibration,good,train/good/234.png,1.410286
patchcore_wr50_10,screw,0,gate,calibration,good,train/good/247.png,1.772220
patchcore_wr50_10,screw,0,gate,calibration,good,train/good/252.png,1.476914
patchcore_wr50_10,screw,0,gate,calibration,good,train/good/257.png,1.475337
patchcore_wr50_10,screw,0,gate,calibration,good,train/good/279.png,1.290267
patchcore_wr50_10,screw,0,gate,calibration,good,train/good/280.png,1.346582
patchcore_wr50_10,screw,0,gate,calibration,good,train/good/281.png,1.375752
patchcore_wr50_10,screw,0,gate,calibration,good,train/good/284.png,1.464092
patchcore_wr50_10,screw,0,gate,calibration,good,train/good/291.png,1.610604
patchcore_wr50_10,screw,0,gate,calibration,good,train/good/295.png,1.541946
patchcore_wr50_10,screw,0,gate,calibration,good,train/good/301.png,1.461150
patchcore_wr50_10,screw,0,gate,calibration,good,train/good/302.png,1.395069
patchcore_wr50_10,screw,0,gate,calibration,good,train/good/305.png,1.399250
patchcore_wr50_10,screw,0,gate,calibration,good,train/good/309.png,1.429481
patchcore_wr50_10,screw,0,gate,calibration,good,train/good/310.png,1.314216
patchcore_wr50_10,screw,0,gate,calibration,good,train/good/318.png,1.424367
patchcore_wr50_10,screw,0,gate,test,good,test/good/000.png,1.426426
patchcore_wr50_10,screw,0,gate,test,good,test/good/001.png,1.555092
patchcore_wr50_10,screw,0,gate,test,good,test/good/002.png,1.396901
patchcore_wr50_10,screw,0,gate,test,good,test/good/003.png,1.402720
patchcore_wr50_10,screw,0,gate,test,good,test/good/004.png,1.714345
patchcore_wr50_10,screw,0,gate,test,good,test/good/005.png,1.812110
patchcore_wr50_10,screw,0,gate,test,good,test/good/006.png,1.436919
patchcore_wr50_10,screw,0,gate,test,good,test/good/007.png,1.434537
patchcore_wr50_10,screw,0,gate,test,good,test/good/008.png,1.484238
patchcore_wr50_10,screw,0,gate,test,good,test/good/009.png,1.562191
patchcore_wr50_10,screw,0,gate,test,good,test/good/010.png,1.449577
patchcore_wr50_10,screw,0,gate,test,good,test/good/011.png,1.745667
patchcore_wr50_10,screw,0,gate,test,good,test/good/012.png,1.480494
patchcore_wr50_10,screw,0,gate,test,good,test/good/013.png,1.439600
patchcore_wr50_10,screw,0,gate,test,good,test/good/014.png,1.584275
patchcore_wr50_10,screw,0,gate,test,good,test/good/015.png,1.563460
patchcore_wr50_10,screw,0,gate,test,good,test/good/016.png,1.474669
patchcore_wr50_10,screw,0,gate,test,good,test/good/017.png,1.370770
patchcore_wr50_10,screw,0,gate,test,good,test/good/018.png,1.580782
patchcore_wr50_10,screw,0,gate,test,good,test/good/019.png,1.539689
patchcore_wr50_10,screw,0,gate,test,good,test/good/020.png,1.599653
patchcore_wr50_10,screw,0,gate,test,good,test/good/021.png,1.399418
patchcore_wr50_10,screw,0,gate,test,good,test/good/022.png,1.653867
patchcore_wr50_10,screw,0,gate,test,good,test/good/023.png,1.609055
patchcore_wr50_10,screw,0,gate,test,good,test/good/024.png,1.654340
patchcore_wr50_10,screw,0,gate,test,good,test/good/025.png,1.417689
patchcore_wr50_10,screw,0,gate,test,good,test/good/026.png,1.458315
patchcore_wr50_10,screw,0,gate,test,good,test/good/027.png,1.505180
patchcore_wr50_10,screw,0,gate,test,good,test/good/028.png,1.412165
patchcore_wr50_10,screw,0,gate,test,good,test/good/029.png,1.585805
patchcore_wr50_10,screw,0,gate,test,good,test/good/030.png,1.385224
patchcore_wr50_10,screw,0,gate,test,good,test/good/031.png,1.661571
patchcore_wr50_10,screw,0,gate,test,good,test/good/032.png,1.501589
patchcore_wr50_10,screw,0,gate,test,good,test/good/033.png,1.349704
patchcore_wr50_10,screw,0,gate,test,good,test/good/034.png,1.363206
patchcore_wr50_10,screw,0,gate,test,good,test/good/035.png,1.549222
patchcore_wr50_10,screw,0,gate,test,good,test/good/036.png,1.444663
patchcore_wr50_10,screw,0,gate,test,good,test/good/037.png,1.606681
patchcore_wr50_10,screw,0,gate,test,good,test/good/038.png,1.513209
patchcore_wr50_10,screw,0,gate,test,good,test/good/039.png,1.535282
patchcore_wr50_10,screw,0,gate,test,good,test/good/040.png,1.476205
patchcore_wr50_10,screw,0,gate,test,manipulated_front,test/manipulated_front/000.png,1.713760
patchcore_wr50_10,screw,0,gate,test,manipulated_front,test/manipulated_front/001.png,1.883652
patchcore_wr50_10,screw,0,gate,test,manipulated_front,test/manipulated_front/002.png,1.797759
patchcore_wr50_10,screw,0,gate,test,manipulated_front,test/manipulated_front/003.png,1.932901
patchcore_wr50_10,screw,0,gate,test,manipulated_front,test/manipulated_front/004.png,1.923146
patchcore_wr50_10,screw,0,gate,test,manipulated_front,test/manipulated_front/005.png,1.826225
patchcore_wr50_10,screw,0,gate,test,manipulated_front,test/manipulated_front/006.png,1.713520
patchcore_wr50_10,screw,0,gate,test,manipulated_front,test/manipulated_front/007.png,1.779497
patchcore_wr50_10,screw,0,gate,test,manipulated_front,test/manipulated_front/008.png,1.865821
patchcore_wr50_10,screw,0,gate,test,manipulated_front,test/manipulated_front/009.png,1.771771
patchcore_wr50_10,screw,0,gate,test,manipulated_front,test/manipulated_front/010.png,1.742873
patchcore_wr50_10,screw,0,gate,test,manipulated_front,test/manipulated_front/011.png,1.713515
patchcore_wr50_10,screw,0,gate,test,manipulated_front,test/manipulated_front/012.png,1.704500
patchcore_wr50_10,screw,0,gate,test,manipulated_front,test/manipulated_front/013.png,1.681363
patchcore_wr50_10,screw,0,gate,test,manipulated_front,test/manipulated_front/014.png,1.748428
patchcore_wr50_10,screw,0,gate,test,manipulated_front,test/manipulated_front/015.png,1.815138
patchcore_wr50_10,screw,0,gate,test,manipulated_front,test/manipulated_front/016.png,1.897464
patchcore_wr50_10,screw,0,gate,test,manipulated_front,test/manipulated_front/017.png,1.623000
patchcore_wr50_10,screw,0,gate,test,manipulated_front,test/manipulated_front/018.png,1.826319
patchcore_wr50_10,screw,0,gate,test,manipulated_front,test/manipulated_front/019.png,1.759201
patchcore_wr50_10,screw,0,gate,test,manipulated_front,test/manipulated_front/020.png,1.532825
patchcore_wr50_10,screw,0,gate,test,manipulated_front,test/manipulated_front/021.png,1.514343
patchcore_wr50_10,screw,0,gate,test,manipulated_front,test/manipulated_front/022.png,1.644319
patchcore_wr50_10,screw,0,gate,test,manipulated_front,test/manipulated_front/023.png,1.595054
patchcore_wr50_10,screw,0,gate,test,scratch_head,test/scratch_head/000.png,1.832083
patchcore_wr50_10,screw,0,gate,test,scratch_head,test/scratch_head/001.png,1.814066
patchcore_wr50_10,screw,0,gate,test,scratch_head,test/scratch_head/002.png,1.730247
patchcore_wr50_10,screw,0,gate,test,scratch_head,test/scratch_head/003.png,1.596095
patchcore_wr50_10,screw,0,gate,test,scratch_head,test/scratch_head/004.png,1.603206
patchcore_wr50_10,screw,0,gate,test,scratch_head,test/scratch_head/005.png,1.662417
patchcore_wr50_10,screw,0,gate,test,scratch_head,test/scratch_head/006.png,1.637406
patchcore_wr50_10,screw,0,gate,test,scratch_head,test/scratch_head/007.png,1.891510
patchcore_wr50_10,screw,0,gate,test,scratch_head,test/scratch_head/008.png,1.680373
patchcore_wr50_10,screw,0,gate,test,scratch_head,test/scratch_head/009.png,1.547495
patchcore_wr50_10,screw,0,gate,test,scratch_head,test/scratch_head/010.png,1.735262
patchcore_wr50_10,screw,0,gate,test,scratch_head,test/scratch_head/011.png,2.321464
patchcore_wr50_10,screw,0,gate,test,scratch_head,test/scratch_head/012.png,1.797874
patchcore_wr50_10,screw,0,gate,test,scratch_head,test/scratch_head/013.png,1.773396
patchcore_wr50_10,screw,0,gate,test,scratch_head,test/scratch_head/014.png,1.641290
patchcore_wr50_10,screw,0,gate,test,scratch_head,test/scratch_head/015.png,2.044430
patchcore_wr50_10,screw,0,gate,test,scratch_head,test/scratch_head/016.png,1.859789
patchcore_wr50_10,screw,0,gate,test,scratch_head,test/scratch_head/017.png,1.720721
patchcore_wr50_10,screw,0,gate,test,scratch_head,test/scratch_head/018.png,1.701177
patchcore_wr50_10,screw,0,gate,test,scratch_head,test/scratch_head/019.png,2.080858
patchcore_wr50_10,screw,0,gate,test,scratch_head,test/scratch_head/020.png,1.776548
patchcore_wr50_10,screw,0,gate,test,scratch_head,test/scratch_head/021.png,1.903640
patchcore_wr50_10,screw,0,gate,test,scratch_head,test/scratch_head/022.png,1.558240
patchcore_wr50_10,screw,0,gate,test,scratch_head,test/scratch_head/023.png,1.809482
patchcore_wr50_10,screw,0,gate,test,scratch_neck,test/scratch_neck/000.png,1.930399
patchcore_wr50_10,screw,0,gate,test,scratch_neck,test/scratch_neck/001.png,2.615549
patchcore_wr50_10,screw,0,gate,test,scratch_neck,test/scratch_neck/002.png,1.944043
patchcore_wr50_10,screw,0,gate,test,scratch_neck,test/scratch_neck/003.png,2.444837
patchcore_wr50_10,screw,0,gate,test,scratch_neck,test/scratch_neck/004.png,2.269213
patchcore_wr50_10,screw,0,gate,test,scratch_neck,test/scratch_neck/005.png,1.745468
patchcore_wr50_10,screw,0,gate,test,scratch_neck,test/scratch_neck/006.png,2.178303
patchcore_wr50_10,screw,0,gate,test,scratch_neck,test/scratch_neck/007.png,2.422274
patchcore_wr50_10,screw,0,gate,test,scratch_neck,test/scratch_neck/008.png,2.435400
patchcore_wr50_10,screw,0,gate,test,scratch_neck,test/scratch_neck/009.png,2.674245
patchcore_wr50_10,screw,0,gate,test,scratch_neck,test/scratch_neck/010.png,2.239956
patchcore_wr50_10,screw,0,gate,test,scratch_neck,test/scratch_neck/011.png,1.655341
patchcore_wr50_10,screw,0,gate,test,scratch_neck,test/scratch_neck/012.png,2.115688
patchcore_wr50_10,screw,0,gate,test,scratch_neck,test/scratch_neck/013.png,2.411777
patchcore_wr50_10,screw,0,gate,test,scratch_neck,test/scratch_neck/014.png,2.345436
patchcore_wr50_10,screw,0,gate,test,scratch_neck,test/scratch_neck/015.png,2.491600
patchcore_wr50_10,screw,0,gate,test,scratch_neck,test/scratch_neck/016.png,2.518972
patchcore_wr50_10,screw,0,gate,test,scratch_neck,test/scratch_neck/017.png,2.112752
patchcore_wr50_10,screw,0,gate,test,scratch_neck,test/scratch_neck/018.png,2.187232
patchcore_wr50_10,screw,0,gate,test,scratch_neck,test/scratch_neck/019.png,2.445052
patchcore_wr50_10,screw,0,gate,test,scratch_neck,test/scratch_neck/020.png,2.480798
patchcore_wr50_10,screw,0,gate,test,scratch_neck,test/scratch_neck/021.png,1.844775
patchcore_wr50_10,screw,0,gate,test,scratch_neck,test/scratch_neck/022.png,2.038697
patchcore_wr50_10,screw,0,gate,test,scratch_neck,test/scratch_neck/023.png,1.905409
patchcore_wr50_10,screw,0,gate,test,scratch_neck,test/scratch_neck/024.png,2.450724
patchcore_wr50_10,screw,0,gate,test,thread_side,test/thread_side/000.png,1.781776
patchcore_wr50_10,screw,0,gate,test,thread_side,test/thread_side/001.png,1.545651
patchcore_wr50_10,screw,0,gate,test,thread_side,test/thread_side/002.png,1.832001
patchcore_wr50_10,screw,0,gate,test,thread_side,test/thread_side/003.png,1.649468
patchcore_wr50_10,screw,0,gate,test,thread_side,test/thread_side/004.png,1.551119
patchcore_wr50_10,screw,0,gate,test,thread_side,test/thread_side/005.png,1.974018
patchcore_wr50_10,screw,0,gate,test,thread_side,test/thread_side/006.png,1.753405
patchcore_wr50_10,screw,0,gate,test,thread_side,test/thread_side/007.png,2.044362
patchcore_wr50_10,screw,0,gate,test,thread_side,test/thread_side/008.png,1.583964
patchcore_wr50_10,screw,0,gate,test,thread_side,test/thread_side/009.png,1.504979
patchcore_wr50_10,screw,0,gate,test,thread_side,test/thread_side/010.png,1.629681
patchcore_wr50_10,screw,0,gate,test,thread_side,test/thread_side/011.png,1.749404
patchcore_wr50_10,screw,0,gate,test,thread_side,test/thread_side/012.png,1.516963
patchcore_wr50_10,screw,0,gate,test,thread_side,test/thread_side/013.png,1.571319
patchcore_wr50_10,screw,0,gate,test,thread_side,test/thread_side/014.png,1.944377
patchcore_wr50_10,screw,0,gate,test,thread_side,test/thread_side/015.png,1.648323
patchcore_wr50_10,screw,0,gate,test,thread_side,test/thread_side/016.png,1.660433
patchcore_wr50_10,screw,0,gate,test,thread_side,test/thread_side/017.png,1.948539
patchcore_wr50_10,screw,0,gate,test,thread_side,test/thread_side/018.png,1.745349
patchcore_wr50_10,screw,0,gate,test,thread_side,test/thread_side/019.png,1.683531
patchcore_wr50_10,screw,0,gate,test,thread_side,test/thread_side/020.png,1.642798
patchcore_wr50_10,screw,0,gate,test,thread_side,test/thread_side/021.png,1.744634
patchcore_wr50_10,screw,0,gate,test,thread_side,test/thread_side/022.png,1.857656
patchcore_wr50_10,screw,0,gate,test,thread_top,test/thread_top/000.png,1.918603
patchcore_wr50_10,screw,0,gate,test,thread_top,test/thread_top/001.png,2.065155
patchcore_wr50_10,screw,0,gate,test,thread_top,test/thread_top/002.png,2.010114
patchcore_wr50_10,screw,0,gate,test,thread_top,test/thread_top/003.png,1.693083
patchcore_wr50_10,screw,0,gate,test,thread_top,test/thread_top/004.png,1.968989
patchcore_wr50_10,screw,0,gate,test,thread_top,test/thread_top/005.png,2.375499
patchcore_wr50_10,screw,0,gate,test,thread_top,test/thread_top/006.png,2.090540
patchcore_wr50_10,screw,0,gate,test,thread_top,test/thread_top/007.png,2.377794
patchcore_wr50_10,screw,0,gate,test,thread_top,test/thread_top/008.png,1.697250
patchcore_wr50_10,screw,0,gate,test,thread_top,test/thread_top/009.png,1.750484
patchcore_wr50_10,screw,0,gate,test,thread_top,test/thread_top/010.png,1.964929
patchcore_wr50_10,screw,0,gate,test,thread_top,test/thread_top/011.png,2.068595
patchcore_wr50_10,screw,0,gate,test,thread_top,test/thread_top/012.png,1.780806
patchcore_wr50_10,screw,0,gate,test,thread_top,test/thread_top/013.png,1.956519
patchcore_wr50_10,screw,0,gate,test,thread_top,test/thread_top/014.png,1.693272
patchcore_wr50_10,screw,0,gate,test,thread_top,test/thread_top/015.png,1.673237
patchcore_wr50_10,screw,0,gate,test,thread_top,test/thread_top/016.png,1.904722
patchcore_wr50_10,screw,0,gate,test,thread_top,test/thread_top/017.png,1.733300
patchcore_wr50_10,screw,0,gate,test,thread_top,test/thread_top/018.png,1.942158
patchcore_wr50_10,screw,0,gate,test,thread_top,test/thread_top/019.png,2.191298
patchcore_wr50_10,screw,0,gate,test,thread_top,test/thread_top/020.png,2.265430
patchcore_wr50_10,screw,0,gate,test,thread_top,test/thread_top/021.png,2.020465
patchcore_wr50_10,screw,0,gate,test,thread_top,test/thread_top/022.png,1.814296
patchcore_wr50_10,screw,1,full,test,good,test/good/000.png,1.384754
patchcore_wr50_10,screw,1,full,test,good,test/good/001.png,1.543197
patchcore_wr50_10,screw,1,full,test,good,test/good/002.png,1.389607
patchcore_wr50_10,screw,1,full,test,good,test/good/003.png,1.403902
patchcore_wr50_10,screw,1,full,test,good,test/good/004.png,1.597814
patchcore_wr50_10,screw,1,full,test,good,test/good/005.png,1.697387
patchcore_wr50_10,screw,1,full,test,good,test/good/006.png,1.387590
patchcore_wr50_10,screw,1,full,test,good,test/good/007.png,1.366360
patchcore_wr50_10,screw,1,full,test,good,test/good/008.png,1.432609
patchcore_wr50_10,screw,1,full,test,good,test/good/009.png,1.587268
patchcore_wr50_10,screw,1,full,test,good,test/good/010.png,1.501538
patchcore_wr50_10,screw,1,full,test,good,test/good/011.png,1.559837
patchcore_wr50_10,screw,1,full,test,good,test/good/012.png,1.391656
patchcore_wr50_10,screw,1,full,test,good,test/good/013.png,1.428440
patchcore_wr50_10,screw,1,full,test,good,test/good/014.png,1.533535
patchcore_wr50_10,screw,1,full,test,good,test/good/015.png,1.635273
patchcore_wr50_10,screw,1,full,test,good,test/good/016.png,1.435021
patchcore_wr50_10,screw,1,full,test,good,test/good/017.png,1.435827
patchcore_wr50_10,screw,1,full,test,good,test/good/018.png,1.523531
patchcore_wr50_10,screw,1,full,test,good,test/good/019.png,1.512672
patchcore_wr50_10,screw,1,full,test,good,test/good/020.png,1.430406
patchcore_wr50_10,screw,1,full,test,good,test/good/021.png,1.437744
patchcore_wr50_10,screw,1,full,test,good,test/good/022.png,1.568956
patchcore_wr50_10,screw,1,full,test,good,test/good/023.png,1.487444
patchcore_wr50_10,screw,1,full,test,good,test/good/024.png,1.593260
patchcore_wr50_10,screw,1,full,test,good,test/good/025.png,1.393207
patchcore_wr50_10,screw,1,full,test,good,test/good/026.png,1.427986
patchcore_wr50_10,screw,1,full,test,good,test/good/027.png,1.468229
patchcore_wr50_10,screw,1,full,test,good,test/good/028.png,1.385069
patchcore_wr50_10,screw,1,full,test,good,test/good/029.png,1.391016
patchcore_wr50_10,screw,1,full,test,good,test/good/030.png,1.341513
patchcore_wr50_10,screw,1,full,test,good,test/good/031.png,1.616664
patchcore_wr50_10,screw,1,full,test,good,test/good/032.png,1.466343
patchcore_wr50_10,screw,1,full,test,good,test/good/033.png,1.350865
patchcore_wr50_10,screw,1,full,test,good,test/good/034.png,1.323353
patchcore_wr50_10,screw,1,full,test,good,test/good/035.png,1.545026
patchcore_wr50_10,screw,1,full,test,good,test/good/036.png,1.409621
patchcore_wr50_10,screw,1,full,test,good,test/good/037.png,1.560821
patchcore_wr50_10,screw,1,full,test,good,test/good/038.png,1.429463
patchcore_wr50_10,screw,1,full,test,good,test/good/039.png,1.446257
patchcore_wr50_10,screw,1,full,test,good,test/good/040.png,1.386913
patchcore_wr50_10,screw,1,full,test,manipulated_front,test/manipulated_front/000.png,1.679341
patchcore_wr50_10,screw,1,full,test,manipulated_front,test/manipulated_front/001.png,1.926534
patchcore_wr50_10,screw,1,full,test,manipulated_front,test/manipulated_front/002.png,1.872873
patchcore_wr50_10,screw,1,full,test,manipulated_front,test/manipulated_front/003.png,1.923581
patchcore_wr50_10,screw,1,full,test,manipulated_front,test/manipulated_front/004.png,1.923146
patchcore_wr50_10,screw,1,full,test,manipulated_front,test/manipulated_front/005.png,1.826225
patchcore_wr50_10,screw,1,full,test,manipulated_front,test/manipulated_front/006.png,1.647793
patchcore_wr50_10,screw,1,full,test,manipulated_front,test/manipulated_front/007.png,1.779497
patchcore_wr50_10,screw,1,full,test,manipulated_front,test/manipulated_front/008.png,1.865821
patchcore_wr50_10,screw,1,full,test,manipulated_front,test/manipulated_front/009.png,1.746816
patchcore_wr50_10,screw,1,full,test,manipulated_front,test/manipulated_front/010.png,1.686599
patchcore_wr50_10,screw,1,full,test,manipulated_front,test/manipulated_front/011.png,1.686833
patchcore_wr50_10,screw,1,full,test,manipulated_front,test/manipulated_front/012.png,1.638005
patchcore_wr50_10,screw,1,full,test,manipulated_front,test/manipulated_front/013.png,1.676650
patchcore_wr50_10,screw,1,full,test,manipulated_front,test/manipulated_front/014.png,1.813318
patchcore_wr50_10,screw,1,full,test,manipulated_front,test/manipulated_front/015.png,1.903273
patchcore_wr50_10,screw,1,full,test,manipulated_front,test/manipulated_front/016.png,1.874965
patchcore_wr50_10,screw,1,full,test,manipulated_front,test/manipulated_front/017.png,1.539012
patchcore_wr50_10,screw,1,full,test,manipulated_front,test/manipulated_front/018.png,1.822124
patchcore_wr50_10,screw,1,full,test,manipulated_front,test/manipulated_front/019.png,1.742307
patchcore_wr50_10,screw,1,full,test,manipulated_front,test/manipulated_front/020.png,1.549116
patchcore_wr50_10,screw,1,full,test,manipulated_front,test/manipulated_front/021.png,1.504868
patchcore_wr50_10,screw,1,full,test,manipulated_front,test/manipulated_front/022.png,1.583553
patchcore_wr50_10,screw,1,full,test,manipulated_front,test/manipulated_front/023.png,1.527417
patchcore_wr50_10,screw,1,full,test,scratch_head,test/scratch_head/000.png,1.771937
patchcore_wr50_10,screw,1,full,test,scratch_head,test/scratch_head/001.png,1.800623
patchcore_wr50_10,screw,1,full,test,scratch_head,test/scratch_head/002.png,1.669896
patchcore_wr50_10,screw,1,full,test,scratch_head,test/scratch_head/003.png,1.543081
patchcore_wr50_10,screw,1,full,test,scratch_head,test/scratch_head/004.png,1.664156
patchcore_wr50_10,screw,1,full,test,scratch_head,test/scratch_head/005.png,1.619394
patchcore_wr50_10,screw,1,full,test,scratch_head,test/scratch_head/006.png,1.637406
patchcore_wr50_10,screw,1,full,test,scratch_head,test/scratch_head/007.png,1.859194
patchcore_wr50_10,screw,1,full,test,scratch_head,test/scratch_head/008.png,1.643718
patchcore_wr50_10,screw,1,full,test,scratch_head,test/scratch_head/009.png,1.482590
patchcore_wr50_10,screw,1,full,test,scratch_head,test/scratch_head/010.png,1.828450
patchcore_wr50_10,screw,1,full,test,scratch_head,test/scratch_head/011.png,2.264615
patchcore_wr50_10,screw,1,full,test,scratch_head,test/scratch_head/012.png,1.793495
patchcore_wr50_10,screw,1,full,test,scratch_head,test/scratch_head/013.png,1.760459
patchcore_wr50_10,screw,1,full,test,scratch_head,test/scratch_head/014.png,1.721531
patchcore_wr50_10,screw,1,full,test,scratch_head,test/scratch_head/015.png,2.044430
patchcore_wr50_10,screw,1,full,test,scratch_head,test/scratch_head/016.png,1.741846
patchcore_wr50_10,screw,1,full,test,scratch_head,test/scratch_head/017.png,1.764515
patchcore_wr50_10,screw,1,full,test,scratch_head,test/scratch_head/018.png,1.627360
patchcore_wr50_10,screw,1,full,test,scratch_head,test/scratch_head/019.png,2.036208
patchcore_wr50_10,screw,1,full,test,scratch_head,test/scratch_head/020.png,1.776548
patchcore_wr50_10,screw,1,full,test,scratch_head,test/scratch_head/021.png,1.906120
patchcore_wr50_10,screw,1,full,test,scratch_head,test/scratch_head/022.png,1.600081
patchcore_wr50_10,screw,1,full,test,scratch_head,test/scratch_head/023.png,1.792390
patchcore_wr50_10,screw,1,full,test,scratch_neck,test/scratch_neck/000.png,1.930899
patchcore_wr50_10,screw,1,full,test,scratch_neck,test/scratch_neck/001.png,2.615549
patchcore_wr50_10,screw,1,full,test,scratch_neck,test/scratch_neck/002.png,1.944043
patchcore_wr50_10,screw,1,full,test,scratch_neck,test/scratch_neck/003.png,2.458559
patchcore_wr50_10,screw,1,full,test,scratch_neck,test/scratch_neck/004.png,2.226838
patchcore_wr50_10,screw,1,full,test,scratch_neck,test/scratch_neck/005.png,1.725653
patchcore_wr50_10,screw,1,full,test,scratch_neck,test/scratch_neck/006.png,2.037124
patchcore_wr50_10,screw,1,full,test,scratch_neck,test/scratch_neck/007.png,2.385120
patchcore_wr50_10,screw,1,full,test,scratch_neck,test/scratch_neck/008.png,2.474639
patchcore_wr50_10,screw,1,full,test,scratch_neck,test/scratch_neck/009.png,2.628534
patchcore_wr50_10,screw,1,full,test,scratch_neck,test/scratch_neck/010.png,2.242404
patchcore_wr50_10,screw,1,full,test,scratch_neck,test/scratch_neck/011.png,1.621735
patchcore_wr50_10,screw,1,full,test,scratch_neck,test/scratch_neck/012.png,2.115688
patchcore_wr50_10,screw,1,full,test,scratch_neck,test/scratch_neck/013.png,2.412434
patchcore_wr50_10,screw,1,full,test,scratch_neck,test/scratch_neck/014.png,2.296770
patchcore_wr50_10,screw,1,full,test,scratch_neck,test/scratch_neck/015.png,2.422682
patchcore_wr50_10,screw,1,full,test,scratch_neck,test/scratch_neck/016.png,2.516226
patchcore_wr50_10,screw,1,full,test,scratch_neck,test/scratch_neck/017.png,2.112752
patchcore_wr50_10,screw,1,full,test,scratch_neck,test/scratch_neck/018.png,2.232399
patchcore_wr50_10,screw,1,full,test,scratch_neck,test/scratch_neck/019.png,2.429429
patchcore_wr50_10,screw,1,full,test,scratch_neck,test/scratch_neck/020.png,2.493255
patchcore_wr50_10,screw,1,full,test,scratch_neck,test/scratch_neck/021.png,1.851831
patchcore_wr50_10,screw,1,full,test,scratch_neck,test/scratch_neck/022.png,1.905084
patchcore_wr50_10,screw,1,full,test,scratch_neck,test/scratch_neck/023.png,1.946760
patchcore_wr50_10,screw,1,full,test,scratch_neck,test/scratch_neck/024.png,2.471960
patchcore_wr50_10,screw,1,full,test,thread_side,test/thread_side/000.png,1.752257
patchcore_wr50_10,screw,1,full,test,thread_side,test/thread_side/001.png,1.610336
patchcore_wr50_10,screw,1,full,test,thread_side,test/thread_side/002.png,1.733131
patchcore_wr50_10,screw,1,full,test,thread_side,test/thread_side/003.png,1.659344
patchcore_wr50_10,screw,1,full,test,thread_side,test/thread_side/004.png,1.532178
patchcore_wr50_10,screw,1,full,test,thread_side,test/thread_side/005.png,1.911528
patchcore_wr50_10,screw,1,full,test,thread_side,test/thread_side/006.png,1.718538
patchcore_wr50_10,screw,1,full,test,thread_side,test/thread_side/007.png,1.985325
patchcore_wr50_10,screw,1,full,test,thread_side,test/thread_side/008.png,1.619198
patchcore_wr50_10,screw,1,full,test,thread_side,test/thread_side/009.png,1.480679
patchcore_wr50_10,screw,1,full,test,thread_side,test/thread_side/010.png,1.642157
patchcore_wr50_10,screw,1,full,test,thread_side,test/thread_side/011.png,1.707730
patchcore_wr50_10,screw,1,full,test,thread_side,test/thread_side/012.png,1.454053
patchcore_wr50_10,screw,1,full,test,thread_side,test/thread_side/013.png,1.646391
patchcore_wr50_10,screw,1,full,test,thread_side,test/thread_side/014.png,1.813864
patchcore_wr50_10,screw,1,full,test,thread_side,test/thread_side/015.png,1.640066
patchcore_wr50_10,screw,1,full,test,thread_side,test/thread_side/016.png,1.717159
patchcore_wr50_10,screw,1,full,test,thread_side,test/thread_side/017.png,2.019980
patchcore_wr50_10,screw,1,full,test,thread_side,test/thread_side/018.png,1.837521
patchcore_wr50_10,screw,1,full,test,thread_side,test/thread_side/019.png,1.592280
patchcore_wr50_10,screw,1,full,test,thread_side,test/thread_side/020.png,1.615569
patchcore_wr50_10,screw,1,full,test,thread_side,test/thread_side/021.png,1.717568
patchcore_wr50_10,screw,1,full,test,thread_side,test/thread_side/022.png,1.836647
patchcore_wr50_10,screw,1,full,test,thread_top,test/thread_top/000.png,1.939145
patchcore_wr50_10,screw,1,full,test,thread_top,test/thread_top/001.png,1.988425
patchcore_wr50_10,screw,1,full,test,thread_top,test/thread_top/002.png,2.055252
patchcore_wr50_10,screw,1,full,test,thread_top,test/thread_top/003.png,1.653071
patchcore_wr50_10,screw,1,full,test,thread_top,test/thread_top/004.png,1.993232
patchcore_wr50_10,screw,1,full,test,thread_top,test/thread_top/005.png,2.340841
patchcore_wr50_10,screw,1,full,test,thread_top,test/thread_top/006.png,2.113412
patchcore_wr50_10,screw,1,full,test,thread_top,test/thread_top/007.png,2.425850
patchcore_wr50_10,screw,1,full,test,thread_top,test/thread_top/008.png,1.705937
patchcore_wr50_10,screw,1,full,test,thread_top,test/thread_top/009.png,1.750484
patchcore_wr50_10,screw,1,full,test,thread_top,test/thread_top/010.png,1.950108
patchcore_wr50_10,screw,1,full,test,thread_top,test/thread_top/011.png,2.033205
patchcore_wr50_10,screw,1,full,test,thread_top,test/thread_top/012.png,1.742943
patchcore_wr50_10,screw,1,full,test,thread_top,test/thread_top/013.png,1.996084
patchcore_wr50_10,screw,1,full,test,thread_top,test/thread_top/014.png,1.742312
patchcore_wr50_10,screw,1,full,test,thread_top,test/thread_top/015.png,1.694090
patchcore_wr50_10,screw,1,full,test,thread_top,test/thread_top/016.png,1.973549
patchcore_wr50_10,screw,1,full,test,thread_top,test/thread_top/017.png,1.790195
patchcore_wr50_10,screw,1,full,test,thread_top,test/thread_top/018.png,1.926529
patchcore_wr50_10,screw,1,full,test,thread_top,test/thread_top/019.png,2.191298
patchcore_wr50_10,screw,1,full,test,thread_top,test/thread_top/020.png,2.174053
patchcore_wr50_10,screw,1,full,test,thread_top,test/thread_top/021.png,2.016995
patchcore_wr50_10,screw,1,full,test,thread_top,test/thread_top/022.png,1.724463
patchcore_wr50_10,screw,1,gate,calibration,good,train/good/001.png,1.508235
patchcore_wr50_10,screw,1,gate,calibration,good,train/good/005.png,1.374764
patchcore_wr50_10,screw,1,gate,calibration,good,train/good/006.png,1.541582
patchcore_wr50_10,screw,1,gate,calibration,good,train/good/009.png,1.342702
patchcore_wr50_10,screw,1,gate,calibration,good,train/good/010.png,1.371925
patchcore_wr50_10,screw,1,gate,calibration,good,train/good/013.png,1.366061
patchcore_wr50_10,screw,1,gate,calibration,good,train/good/018.png,1.591648
patchcore_wr50_10,screw,1,gate,calibration,good,train/good/021.png,1.603503
patchcore_wr50_10,screw,1,gate,calibration,good,train/good/022.png,1.459691
patchcore_wr50_10,screw,1,gate,calibration,good,train/good/023.png,1.358683
patchcore_wr50_10,screw,1,gate,calibration,good,train/good/024.png,1.485582
patchcore_wr50_10,screw,1,gate,calibration,good,train/good/051.png,1.363446
patchcore_wr50_10,screw,1,gate,calibration,good,train/good/059.png,1.475533
patchcore_wr50_10,screw,1,gate,calibration,good,train/good/078.png,1.375054
patchcore_wr50_10,screw,1,gate,calibration,good,train/good/080.png,1.343179
patchcore_wr50_10,screw,1,gate,calibration,good,train/good/081.png,1.462992
patchcore_wr50_10,screw,1,gate,calibration,good,train/good/082.png,1.446558
patchcore_wr50_10,screw,1,gate,calibration,good,train/good/083.png,1.532233
patchcore_wr50_10,screw,1,gate,calibration,good,train/good/088.png,1.465532
patchcore_wr50_10,screw,1,gate,calibration,good,train/good/093.png,1.339649
patchcore_wr50_10,screw,1,gate,calibration,good,train/good/103.png,1.464445
patchcore_wr50_10,screw,1,gate,calibration,good,train/good/105.png,1.521848
patchcore_wr50_10,screw,1,gate,calibration,good,train/good/107.png,1.687312
patchcore_wr50_10,screw,1,gate,calibration,good,train/good/121.png,1.420319
patchcore_wr50_10,screw,1,gate,calibration,good,train/good/122.png,1.385828
patchcore_wr50_10,screw,1,gate,calibration,good,train/good/131.png,1.477162
patchcore_wr50_10,screw,1,gate,calibration,good,train/good/136.png,1.633868
patchcore_wr50_10,screw,1,gate,calibration,good,train/good/138.png,1.380753
patchcore_wr50_10,screw,1,gate,calibration,good,train/good/141.png,1.427919
patchcore_wr50_10,screw,1,gate,calibration,good,train/good/147.png,1.564259
patchcore_wr50_10,screw,1,gate,calibration,good,train/good/148.png,1.340664
patchcore_wr50_10,screw,1,gate,calibration,good,train/good/152.png,1.536947
patchcore_wr50_10,screw,1,gate,calibration,good,train/good/163.png,1.290473
patchcore_wr50_10,screw,1,gate,calibration,good,train/good/165.png,1.417237
patchcore_wr50_10,screw,1,gate,calibration,good,train/good/178.png,1.501685
patchcore_wr50_10,screw,1,gate,calibration,good,train/good/181.png,1.442494
patchcore_wr50_10,screw,1,gate,calibration,good,train/good/183.png,1.902033
patchcore_wr50_10,screw,1,gate,calibration,good,train/good/185.png,1.460017
patchcore_wr50_10,screw,1,gate,calibration,good,train/good/188.png,1.290609
patchcore_wr50_10,screw,1,gate,calibration,good,train/good/189.png,1.596365
patchcore_wr50_10,screw,1,gate,calibration,good,train/good/191.png,1.339441
patchcore_wr50_10,screw,1,gate,calibration,good,train/good/196.png,1.439802
patchcore_wr50_10,screw,1,gate,calibration,good,train/good/197.png,1.576633
patchcore_wr50_10,screw,1,gate,calibration,good,train/good/204.png,1.538662
patchcore_wr50_10,screw,1,gate,calibration,good,train/good/206.png,1.546815
patchcore_wr50_10,screw,1,gate,calibration,good,train/good/209.png,1.373207
patchcore_wr50_10,screw,1,gate,calibration,good,train/good/221.png,1.425492
patchcore_wr50_10,screw,1,gate,calibration,good,train/good/223.png,1.403336
patchcore_wr50_10,screw,1,gate,calibration,good,train/good/230.png,1.464244
patchcore_wr50_10,screw,1,gate,calibration,good,train/good/232.png,1.491438
patchcore_wr50_10,screw,1,gate,calibration,good,train/good/239.png,1.435274
patchcore_wr50_10,screw,1,gate,calibration,good,train/good/240.png,1.415469
patchcore_wr50_10,screw,1,gate,calibration,good,train/good/249.png,1.460356
patchcore_wr50_10,screw,1,gate,calibration,good,train/good/258.png,1.532759
patchcore_wr50_10,screw,1,gate,calibration,good,train/good/262.png,1.550110
patchcore_wr50_10,screw,1,gate,calibration,good,train/good/268.png,1.764997
patchcore_wr50_10,screw,1,gate,calibration,good,train/good/272.png,1.502122
patchcore_wr50_10,screw,1,gate,calibration,good,train/good/276.png,1.398518
patchcore_wr50_10,screw,1,gate,calibration,good,train/good/286.png,1.454614
patchcore_wr50_10,screw,1,gate,calibration,good,train/good/291.png,1.592783
patchcore_wr50_10,screw,1,gate,calibration,good,train/good/301.png,1.375709
patchcore_wr50_10,screw,1,gate,calibration,good,train/good/304.png,1.408669
patchcore_wr50_10,screw,1,gate,calibration,good,train/good/308.png,1.374276
patchcore_wr50_10,screw,1,gate,calibration,good,train/good/314.png,1.440255
patchcore_wr50_10,screw,1,gate,test,good,test/good/000.png,1.450481
patchcore_wr50_10,screw,1,gate,test,good,test/good/001.png,1.524314
patchcore_wr50_10,screw,1,gate,test,good,test/good/002.png,1.485699
patchcore_wr50_10,screw,1,gate,test,good,test/good/003.png,1.403634
patchcore_wr50_10,screw,1,gate,test,good,test/good/004.png,1.727240
patchcore_wr50_10,screw,1,gate,test,good,test/good/005.png,1.854792
patchcore_wr50_10,screw,1,gate,test,good,test/good/006.png,1.465851
patchcore_wr50_10,screw,1,gate,test,good,test/good/007.png,1.446676
patchcore_wr50_10,screw,1,gate,test,good,test/good/008.png,1.482360
patchcore_wr50_10,screw,1,gate,test,good,test/good/009.png,1.551427
patchcore_wr50_10,screw,1,gate,test,good,test/good/010.png,1.447491
patchcore_wr50_10,screw,1,gate,test,good,test/good/011.png,1.584965
patchcore_wr50_10,screw,1,gate,test,good,test/good/012.png,1.402583
patchcore_wr50_10,screw,1,gate,test,good,test/good/013.png,1.436892
patchcore_wr50_10,screw,1,gate,test,good,test/good/014.png,1.603342
patchcore_wr50_10,screw,1,gate,test,good,test/good/015.png,1.587199
patchcore_wr50_10,screw,1,gate,test,good,test/good/016.png,1.417404
patchcore_wr50_10,screw,1,gate,test,good,test/good/017.png,1.408618
patchcore_wr50_10,screw,1,gate,test,good,test/good/018.png,1.529089
patchcore_wr50_10,screw,1,gate,test,good,test/good/019.png,1.767067
patchcore_wr50_10,screw,1,gate,test,good,test/good/020.png,1.449357
patchcore_wr50_10,screw,1,gate,test,good,test/good/021.png,1.454686
patchcore_wr50_10,screw,1,gate,test,good,test/good/022.png,1.589563
patchcore_wr50_10,screw,1,gate,test,good,test/good/023.png,1.532827
patchcore_wr50_10,screw,1,gate,test,good,test/good/024.png,1.616136
patchcore_wr50_10,screw,1,gate,test,good,test/good/025.png,1.392160
patchcore_wr50_10,screw,1,gate,test,good,test/good/026.png,1.398118
patchcore_wr50_10,screw,1,gate,test,good,test/good/027.png,1.470857
patchcore_wr50_10,screw,1,gate,test,good,test/good/028.png,1.395082
patchcore_wr50_10,screw,1,gate,test,good,test/good/029.png,1.415648
patchcore_wr50_10,screw,1,gate,test,good,test/good/030.png,1.350015
patchcore_wr50_10,screw,1,gate,test,good,test/good/031.png,1.611926
patchcore_wr50_10,screw,1,gate,test,good,test/good/032.png,1.502232
patchcore_wr50_10,screw,1,gate,test,good,test/good/033.png,1.356969
patchcore_wr50_10,screw,1,gate,test,good,test/good/034.png,1.365321
patchcore_wr50_10,screw,1,gate,test,good,test/good/035.png,1.560580
patchcore_wr50_10,screw,1,gate,test,good,test/good/036.png,1.498543
patchcore_wr50_10,screw,1,gate,test,good,test/good/037.png,1.560821
patchcore_wr50_10,screw,1,gate,test,good,test/good/038.png,1.469297
patchcore_wr50_10,screw,1,gate,test,good,test/good/039.png,1.456924
patchcore_wr50_10,screw,1,gate,test,good,test/good/040.png,1.405644
patchcore_wr50_10,screw,1,gate,test,manipulated_front,test/manipulated_front/000.png,1.628733
patchcore_wr50_10,screw,1,gate,test,manipulated_front,test/manipulated_front/001.png,1.927671
patchcore_wr50_10,screw,1,gate,test,manipulated_front,test/manipulated_front/002.png,1.779689
patchcore_wr50_10,screw,1,gate,test,manipulated_front,test/manipulated_front/003.png,1.923581
patchcore_wr50_10,screw,1,gate,test,manipulated_front,test/manipulated_front/004.png,1.923146
patchcore_wr50_10,screw,1,gate,test,manipulated_front,test/manipulated_front/005.png,1.836846
patchcore_wr50_10,screw,1,gate,test,manipulated_front,test/manipulated_front/006.png,1.634521
patchcore_wr50_10,screw,1,gate,test,manipulated_front,test/manipulated_front/007.png,1.815525
patchcore_wr50_10,screw,1,gate,test,manipulated_front,test/manipulated_front/008.png,1.883318
patchcore_wr50_10,screw,1,gate,test,manipulated_front,test/manipulated_front/009.png,1.708758
patchcore_wr50_10,screw,1,gate,test,manipulated_front,test/manipulated_front/010.png,1.722972
patchcore_wr50_10,screw,1,gate,test,manipulated_front,test/manipulated_front/011.png,1.852215
patchcore_wr50_10,screw,1,gate,test,manipulated_front,test/manipulated_front/012.png,1.704500
patchcore_wr50_10,screw,1,gate,test,manipulated_front,test/manipulated_front/013.png,1.711567
patchcore_wr50_10,screw,1,gate,test,manipulated_front,test/manipulated_front/014.png,1.820080
patchcore_wr50_10,screw,1,gate,test,manipulated_front,test/manipulated_front/015.png,1.905057
patchcore_wr50_10,screw,1,gate,test,manipulated_front,test/manipulated_front/016.png,1.973934
patchcore_wr50_10,screw,1,gate,test,manipulated_front,test/manipulated_front/017.png,1.544002
patchcore_wr50_10,screw,1,gate,test,manipulated_front,test/manipulated_front/018.png,1.822124
patchcore_wr50_10,screw,1,gate,test,manipulated_front,test/manipulated_front/019.png,1.742307
patchcore_wr50_10,screw,1,gate,test,manipulated_front,test/manipulated_front/020.png,1.497206
patchcore_wr50_10,screw,1,gate,test,manipulated_front,test/manipulated_front/021.png,1.497394
patchcore_wr50_10,screw,1,gate,test,manipulated_front,test/manipulated_front/022.png,1.612904
patchcore_wr50_10,screw,1,gate,test,manipulated_front,test/manipulated_front/023.png,1.552799
patchcore_wr50_10,screw,1,gate,test,scratch_head,test/scratch_head/000.png,1.771937
patchcore_wr50_10,screw,1,gate,test,scratch_head,test/scratch_head/001.png,1.802665
patchcore_wr50_10,screw,1,gate,test,scratch_head,test/scratch_head/002.png,1.719252
patchcore_wr50_10,screw,1,gate,test,scratch_head,test/scratch_head/003.png,1.607595
patchcore_wr50_10,screw,1,gate,test,scratch_head,test/scratch_head/004.png,1.680097
patchcore_wr50_10,screw,1,gate,test,scratch_head,test/scratch_head/005.png,1.744287
patchcore_wr50_10,screw,1,gate,test,scratch_head,test/scratch_head/006.png,1.651963
patchcore_wr50_10,screw,1,gate,test,scratch_head,test/scratch_head/007.png,1.904638
patchcore_wr50_10,screw,1,gate,test,scratch_head,test/scratch_head/008.png,1.643718
patchcore_wr50_10,screw,1,gate,test,scratch_head,test/scratch_head/009.png,1.465359
patchcore_wr50_10,screw,1,gate,test,scratch_head,test/scratch_head/010.png,1.797381
patchcore_wr50_10,screw,1,gate,test,scratch_head,test/scratch_head/011.png,2.288494
patchcore_wr50_10,screw,1,gate,test,scratch_head,test/scratch_head/012.png,1.797874
patchcore_wr50_10,screw,1,gate,test,scratch_head,test/scratch_head/013.png,1.891979
patchcore_wr50_10,screw,1,gate,test,scratch_head,test/scratch_head/014.png,1.770067
patchcore_wr50_10,screw,1,gate,test,scratch_head,test/scratch_head/015.png,2.138610
patchcore_wr50_10,screw,1,gate,test,scratch_head,test/scratch_head/016.png,1.973451
patchcore_wr50_10,screw,1,gate,test,scratch_head,test/scratch_head/017.png,1.764515
patchcore_wr50_10,screw,1,gate,test,scratch_head,test/scratch_head/018.png,1.616083
patchcore_wr50_10,screw,1,gate,test,scratch_head,test/scratch_head/019.png,2.068497
patchcore_wr50_10,screw,1,gate,test,scratch_head,test/scratch_head/020.png,1.730933
patchcore_wr50_10,screw,1,gate,test,scratch_head,test/scratch_head/021.png,1.978439
patchcore_wr50_10,screw,1,gate,test,scratch_head,test/scratch_head/022.png,1.522011
patchcore_wr50_10,screw,1,gate,test,scratch_head,test/scratch_head/023.png,1.792390
patchcore_wr50_10,screw,1,gate,test,scratch_neck,test/scratch_neck/000.png,1.918317
patchcore_wr50_10,screw,1,gate,test,scratch_neck,test/scratch_neck/001.png,2.594048
patchcore_wr50_10,screw,1,gate,test,scratch_neck,test/scratch_neck/002.png,2.020221
patchcore_wr50_10,screw,1,gate,test,scratch_neck,test/scratch_neck/003.png,2.474743
patchcore_wr50_10,screw,1,gate,test,scratch_neck,test/scratch_neck/004.png,2.245802
patchcore_wr50_10,screw,1,gate,test,scratch_neck,test/scratch_neck/005.png,1.751647
patchcore_wr50_10,screw,1,gate,test,scratch_neck,test/scratch_neck/006.png,2.022372
patchcore_wr50_10,screw,1,gate,test,scratch_neck,test/scratch_neck/007.png,2.385120
patchcore_wr50_10,screw,1,gate,test,scratch_neck,test/scratch_neck/008.png,2.601231
patchcore_wr50_10,screw,1,gate,test,scratch_neck,test/scratch_neck/009.png,2.628534
patchcore_wr50_10,screw,1,gate,test,scratch_neck,test/scratch_neck/010.png,2.207341
patchcore_wr50_10,screw,1,gate,test,scratch_neck,test/scratch_neck/011.png,1.750861
patchcore_wr50_10,screw,1,gate,test,scratch_neck,test/scratch_neck/012.png,2.074656
patchcore_wr50_10,screw,1,gate,test,scratch_neck,test/scratch_neck/013.png,2.381848
patchcore_wr50_10,screw,1,gate,test,scratch_neck,test/scratch_neck/014.png,2.280538
patchcore_wr50_10,screw,1,gate,test,scratch_neck,test/scratch_neck/015.png,2.468906
patchcore_wr50_10,screw,1,gate,test,scratch_neck,test/scratch_neck/016.png,2.518972
patchcore_wr50_10,screw,1,gate,test,scratch_neck,test/scratch_neck/017.png,2.112752
patchcore_wr50_10,screw,1,gate,test,scratch_neck,test/scratch_neck/018.png,2.228980
patchcore_wr50_10,screw,1,gate,test,scratch_neck,test/scratch_neck/019.png,2.438462
patchcore_wr50_10,screw,1,gate,test,scratch_neck,test/scratch_neck/020.png,2.482851
patchcore_wr50_10,screw,1,gate,test,scratch_neck,test/scratch_neck/021.png,1.897514
patchcore_wr50_10,screw,1,gate,test,scratch_neck,test/scratch_neck/022.png,2.023514
patchcore_wr50_10,screw,1,gate,test,scratch_neck,test/scratch_neck/023.png,1.930001
patchcore_wr50_10,screw,1,gate,test,scratch_neck,test/scratch_neck/024.png,2.456764
patchcore_wr50_10,screw,1,gate,test,thread_side,test/thread_side/000.png,1.726658
patchcore_wr50_10,screw,1,gate,test,thread_side,test/thread_side/001.png,1.559028
patchcore_wr50_10,screw,1,gate,test,thread_side,test/thread_side/002.png,1.956338
patchcore_wr50_10,screw,1,gate,test,thread_side,test/thread_side/003.png,1.699520
patchcore_wr50_10,screw,1,gate,test,thread_side,test/thread_side/004.png,1.476920
patchcore_wr50_10,screw,1,gate,test,thread_side,test/thread_side/005.png,1.952582
patchcore_wr50_10,screw,1,gate,test,thread_side,test/thread_side/006.png,1.854902
patchcore_wr50_10,screw,1,gate,test,thread_side,test/thread_side/007.png,2.017148
patchcore_wr50_10,screw,1,gate,test,thread_side,test/thread_side/008.png,1.674339
patchcore_wr50_10,screw,1,gate,test,thread_side,test/thread_side/009.png,1.574058
patchcore_wr50_10,screw,1,gate,test,thread_side,test/thread_side/010.png,1.684878
patchcore_wr50_10,screw,1,gate,test,thread_side,test/thread_side/011.png,1.752389
patchcore_wr50_10,screw,1,gate,test,thread_side,test/thread_side/012.png,1.525208
patchcore_wr50_10,screw,1,gate,test,thread_side,test/thread_side/013.png,1.655131
patchcore_wr50_10,screw,1,gate,test,thread_side,test/thread_side/014.png,1.812106
patchcore_wr50_10,screw,1,gate,test,thread_side,test/thread_side/015.png,1.644666
patchcore_wr50_10,screw,1,gate,test,thread_side,test/thread_side/016.png,1.802722
patchcore_wr50_10,screw,1,gate,test,thread_side,test/thread_side/017.png,1.988146
patchcore_wr50_10,screw,1,gate,test,thread_side,test/thread_side/018.png,1.737380
patchcore_wr50_10,screw,1,gate,test,thread_side,test/thread_side/019.png,1.709252
patchcore_wr50_10,screw,1,gate,test,thread_side,test/thread_side/020.png,1.573414
patchcore_wr50_10,screw,1,gate,test,thread_side,test/thread_side/021.png,1.762766
patchcore_wr50_10,screw,1,gate,test,thread_side,test/thread_side/022.png,1.848417
patchcore_wr50_10,screw,1,gate,test,thread_top,test/thread_top/000.png,1.927712
patchcore_wr50_10,screw,1,gate,test,thread_top,test/thread_top/001.png,1.988425
patchcore_wr50_10,screw,1,gate,test,thread_top,test/thread_top/002.png,2.055252
patchcore_wr50_10,screw,1,gate,test,thread_top,test/thread_top/003.png,1.662471
patchcore_wr50_10,screw,1,gate,test,thread_top,test/thread_top/004.png,1.959398
patchcore_wr50_10,screw,1,gate,test,thread_top,test/thread_top/005.png,2.340841
patchcore_wr50_10,screw,1,gate,test,thread_top,test/thread_top/006.png,2.100469
patchcore_wr50_10,screw,1,gate,test,thread_top,test/thread_top/007.png,2.540266
patchcore_wr50_10,screw,1,gate,test,thread_top,test/thread_top/008.png,1.675250
patchcore_wr50_10,screw,1,gate,test,thread_top,test/thread_top/009.png,1.714829
patchcore_wr50_10,screw,1,gate,test,thread_top,test/thread_top/010.png,1.960763
patchcore_wr50_10,screw,1,gate,test,thread_top,test/thread_top/011.png,2.067036
patchcore_wr50_10,screw,1,gate,test,thread_top,test/thread_top/012.png,1.784706
patchcore_wr50_10,screw,1,gate,test,thread_top,test/thread_top/013.png,1.943588
patchcore_wr50_10,screw,1,gate,test,thread_top,test/thread_top/014.png,1.777862
patchcore_wr50_10,screw,1,gate,test,thread_top,test/thread_top/015.png,1.684293
patchcore_wr50_10,screw,1,gate,test,thread_top,test/thread_top/016.png,1.904722
patchcore_wr50_10,screw,1,gate,test,thread_top,test/thread_top/017.png,1.818615
patchcore_wr50_10,screw,1,gate,test,thread_top,test/thread_top/018.png,1.953749
patchcore_wr50_10,screw,1,gate,test,thread_top,test/thread_top/019.png,2.338859
patchcore_wr50_10,screw,1,gate,test,thread_top,test/thread_top/020.png,2.265430
patchcore_wr50_10,screw,1,gate,test,thread_top,test/thread_top/021.png,2.013733
patchcore_wr50_10,screw,1,gate,test,thread_top,test/thread_top/022.png,1.755866
patchcore_wr50_10,screw,2,full,test,good,test/good/000.png,1.396840
patchcore_wr50_10,screw,2,full,test,good,test/good/001.png,1.511400
patchcore_wr50_10,screw,2,full,test,good,test/good/002.png,1.413077
patchcore_wr50_10,screw,2,full,test,good,test/good/003.png,1.370402
patchcore_wr50_10,screw,2,full,test,good,test/good/004.png,1.553928
patchcore_wr50_10,screw,2,full,test,good,test/good/005.png,1.857395
patchcore_wr50_10,screw,2,full,test,good,test/good/006.png,1.387590
patchcore_wr50_10,screw,2,full,test,good,test/good/007.png,1.448981
patchcore_wr50_10,screw,2,full,test,good,test/good/008.png,1.425690
patchcore_wr50_10,screw,2,full,test,good,test/good/009.png,1.587268
patchcore_wr50_10,screw,2,full,test,good,test/good/010.png,1.496135
patchcore_wr50_10,screw,2,full,test,good,test/good/011.png,1.582633
patchcore_wr50_10,screw,2,full,test,good,test/good/012.png,1.403609
patchcore_wr50_10,screw,2,full,test,good,test/good/013.png,1.425331
patchcore_wr50_10,screw,2,full,test,good,test/good/014.png,1.569732
patchcore_wr50_10,screw,2,full,test,good,test/good/015.png,1.569146
patchcore_wr50_10,screw,2,full,test,good,test/good/016.png,1.394363
patchcore_wr50_10,screw,2,full,test,good,test/good/017.png,1.418422
patchcore_wr50_10,screw,2,full,test,good,test/good/018.png,1.505049
patchcore_wr50_10,screw,2,full,test,good,test/good/019.png,1.463798
patchcore_wr50_10,screw,2,full,test,good,test/good/020.png,1.484732
patchcore_wr50_10,screw,2,full,test,good,test/good/021.png,1.437744
patchcore_wr50_10,screw,2,full,test,good,test/good/022.png,1.535830
patchcore_wr50_10,screw,2,full,test,good,test/good/023.png,1.484240
patchcore_wr50_10,screw,2,full,test,good,test/good/024.png,1.642320
patchcore_wr50_10,screw,2,full,test,good,test/good/025.png,1.357232
patchcore_wr50_10,screw,2,full,test,good,test/good/026.png,1.434995
patchcore_wr50_10,screw,2,full,test,good,test/good/027.png,1.498841
patchcore_wr50_10,screw,2,full,test,good,test/good/028.png,1.382837
patchcore_wr50_10,screw,2,full,test,good,test/good/029.png,1.404165
patchcore_wr50_10,screw,2,full,test,good,test/good/030.png,1.366361
patchcore_wr50_10,screw,2,full,test,good,test/good/031.png,1.611968
patchcore_wr50_10,screw,2,full,test,good,test/good/032.png,1.466822
patchcore_wr50_10,screw,2,full,test,good,test/good/033.png,1.330289
patchcore_wr50_10,screw,2,full,test,good,test/good/034.png,1.362122
patchcore_wr50_10,screw,2,full,test,good,test/good/035.png,1.533316
patchcore_wr50_10,screw,2,full,test,good,test/good/036.png,1.372217
patchcore_wr50_10,screw,2,full,test,good,test/good/037.png,1.560821
patchcore_wr50_10,screw,2,full,test,good,test/good/038.png,1.373897
patchcore_wr50_10,screw,2,full,test,good,test/good/039.png,1.398931
patchcore_wr50_10,screw,2,full,test,good,test/good/040.png,1.457909
patchcore_wr50_10,screw,2,full,test,manipulated_front,test/manipulated_front/000.png,1.708510
patchcore_wr50_10,screw,2,full,test,manipulated_front,test/manipulated_front/001.png,1.872660
patchcore_wr50_10,screw,2,full,test,manipulated_front,test/manipulated_front/002.png,1.757272
patchcore_wr50_10,screw,2,full,test,manipulated_front,test/manipulated_front/003.png,1.923581
patchcore_wr50_10,screw,2,full,test,manipulated_front,test/manipulated_front/004.png,2.009795
patchcore_wr50_10,screw,2,full,test,manipulated_front,test/manipulated_front/005.png,1.821387
patchcore_wr50_10,screw,2,full,test,manipulated_front,test/manipulated_front/006.png,1.714395
patchcore_wr50_10,screw,2,full,test,manipulated_front,test/manipulated_front/007.png,1.779497
patchcore_wr50_10,screw,2,full,test,manipulated_front,test/manipulated_front/008.png,1.847647
patchcore_wr50_10,screw,2,full,test,manipulated_front,test/manipulated_front/009.png,1.746816
patchcore_wr50_10,screw,2,full,test,manipulated_front,test/manipulated_front/010.png,1.683628
patchcore_wr50_10,screw,2,full,test,manipulated_front,test/manipulated_front/011.png,1.727243
patchcore_wr50_10,screw,2,full,test,manipulated_front,test/manipulated_front/012.png,1.640299
patchcore_wr50_10,screw,2,full,test,manipulated_front,test/manipulated_front/013.png,1.661997
patchcore_wr50_10,screw,2,full,test,manipulated_front,test/manipulated_front/014.png,1.812921
patchcore_wr50_10,screw,2,full,test,manipulated_front,test/manipulated_front/015.png,1.903273
patchcore_wr50_10,screw,2,full,test,manipulated_front,test/manipulated_front/016.png,1.897464
patchcore_wr50_10,screw,2,full,test,manipulated_front,test/manipulated_front/017.png,1.567576
patchcore_wr50_10,screw,2,full,test,manipulated_front,test/manipulated_front/018.png,1.822124
patchcore_wr50_10,screw,2,full,test,manipulated_front,test/manipulated_front/019.png,1.634977
patchcore_wr50_10,screw,2,full,test,manipulated_front,test/manipulated_front/020.png,1.565169
patchcore_wr50_10,screw,2,full,test,manipulated_front,test/manipulated_front/021.png,1.520052
patchcore_wr50_10,screw,2,full,test,manipulated_front,test/manipulated_front/022.png,1.658075
patchcore_wr50_10,screw,2,full,test,manipulated_front,test/manipulated_front/023.png,1.545488
patchcore_wr50_10,screw,2,full,test,scratch_head,test/scratch_head/000.png,1.828121
patchcore_wr50_10,screw,2,full,test,scratch_head,test/scratch_head/001.png,1.829807
patchcore_wr50_10,screw,2,full,test,scratch_head,test/scratch_head/002.png,1.669896
patchcore_wr50_10,screw,2,full,test,scratch_head,test/scratch_head/003.png,1.591665
patchcore_wr50_10,screw,2,full,test,scratch_head,test/scratch_head/004.png,1.692497
patchcore_wr50_10,screw,2,full,test,scratch_head,test/scratch_head/005.png,1.563108
patchcore_wr50_10,screw,2,full,test,scratch_head,test/scratch_head/006.png,1.637406
patchcore_wr50_10,screw,2,full,test,scratch_head,test/scratch_head/007.png,1.855621
patchcore_wr50_10,screw,2,full,test,scratch_head,test/scratch_head/008.png,1.643718
patchcore_wr50_10,screw,2,full,test,scratch_head,test/scratch_head/009.png,1.486436
patchcore_wr50_10,screw,2,full,test,scratch_head,test/scratch_head/010.png,1.762557
patchcore_wr50_10,screw,2,full,test,scratch_head,test/scratch_head/011.png,2.248494
patchcore_wr50_10,screw,2,full,test,scratch_head,test/scratch_head/012.png,1.790753
patchcore_wr50_10,screw,2,full,test,scratch_head,test/scratch_head/013.png,1.760459
patchcore_wr50_10,screw,2,full,test,scratch_head,test/scratch_head/014.png,1.641290
patchcore_wr50_10,screw,2,full,test,scratch_head,test/scratch_head/015.png,2.044430
patchcore_wr50_10,screw,2,full,test,scratch_head,test/scratch_head/016.png,1.773916
patchcore_wr50_10,screw,2,full,test,scratch_head,test/scratch_head/017.png,1.764515
patchcore_wr50_10,screw,2,full,test,scratch_head,test/scratch_head/018.png,1.640188
patchcore_wr50_10,screw,2,full,test,scratch_head,test/scratch_head/019.png,2.028800
patchcore_wr50_10,screw,2,full,test,scratch_head,test/scratch_head/020.png,1.776548
patchcore_wr50_10,screw,2,full,test,scratch_head,test/scratch_head/021.png,1.856259
patchcore_wr50_10,screw,2,full,test,scratch_head,test/scratch_head/022.png,1.623636
patchcore_wr50_10,screw,2,full,test,scratch_head,test/scratch_head/023.png,1.809482
patchcore_wr50_10,screw,2,full,test,scratch_neck,test/scratch_neck/000.png,1.918317
patchcore_wr50_10,screw,2,full,test,scratch_neck,test/scratch_neck/001.png,2.615549
patchcore_wr50_10,screw,2,full,test,scratch_neck,test/scratch_neck/002.png,1.966380
patchcore_wr50_10,screw,2,full,test,scratch_neck,test/scratch_neck/003.png,2.444837
patchcore_wr50_10,screw,2,full,test,scratch_neck,test/scratch_neck/004.png,2.269213
patchcore_wr50_10,screw,2,full,test,scratch_neck,test/scratch_neck/005.png,1.720323
patchcore_wr50_10,screw,2,full,test,scratch_neck,test/scratch_neck/006.png,2.034644
patchcore_wr50_10,screw,2,full,test,scratch_neck,test/scratch_neck/007.png,2.422274
patchcore_wr50_10,screw,2,full,test,scratch_neck,test/scratch_neck/008.png,2.505222
patchcore_wr50_10,screw,2,full,test,scratch_neck,test/scratch_neck/009.png,2.667977
patchcore_wr50_10,screw,2,full,test,scratch_neck,test/scratch_neck/010.png,2.228146
patchcore_wr50_10,screw,2,full,test,scratch_neck,test/scratch_neck/011.png,1.673266
patchcore_wr50_10,screw,2,full,test,scratch_neck,test/scratch_neck/012.png,2.074656
patchcore_wr50_10,screw,2,full,test,scratch_neck,test/scratch_neck/013.png,2.351261
patchcore_wr50_10,screw,2,full,test,scratch_neck,test/scratch_neck/014.png,2.326174
patchcore_wr50_10,screw,2,full,test,scratch_neck,test/scratch_neck/015.png,2.452572
patchcore_wr50_10,screw,2,full,test,scratch_neck,test/scratch_neck/016.png,2.551813
patchcore_wr50_10,screw,2,full,test,scratch_neck,test/scratch_neck/017.png,2.113412
patchcore_wr50_10,screw,2,full,test,scratch_neck,test/scratch_neck/018.png,2.279710
patchcore_wr50_10,screw,2,full,test,scratch_neck,test/scratch_neck/019.png,2.438462
patchcore_wr50_10,screw,2,full,test,scratch_neck,test/scratch_neck/020.png,2.500594
patchcore_wr50_10,screw,2,full,test,scratch_neck,test/scratch_neck/021.png,1.851831
patchcore_wr50_10,screw,2,full,test,scratch_neck,test/scratch_neck/022.png,2.055539
patchcore_wr50_10,screw,2,full,test,scratch_neck,test/scratch_neck/023.png,1.930001
patchcore_wr50_10,screw,2,full,test,scratch_neck,test/scratch_neck/024.png,2.456764
patchcore_wr50_10,screw,2,full,test,thread_side,test/thread_side/000.png,1.758313
patchcore_wr50_10,screw,2,full,test,thread_side,test/thread_side/001.png,1.627509
patchcore_wr50_10,screw,2,full,test,thread_side,test/thread_side/002.png,1.767631
patchcore_wr50_10,screw,2,full,test,thread_side,test/thread_side/003.png,1.671500
patchcore_wr50_10,screw,2,full,test,thread_side,test/thread_side/004.png,1.583351
patchcore_wr50_10,screw,2,full,test,thread_side,test/thread_side/005.png,1.896094
patchcore_wr50_10,screw,2,full,test,thread_side,test/thread_side/006.png,1.703017
patchcore_wr50_10,screw,2,full,test,thread_side,test/thread_side/007.png,1.948905
patchcore_wr50_10,screw,2,full,test,thread_side,test/thread_side/008.png,1.628233
patchcore_wr50_10,screw,2,full,test,thread_side,test/thread_side/009.png,1.480679
patchcore_wr50_10,screw,2,full,test,thread_side,test/thread_side/010.png,1.644476
patchcore_wr50_10,screw,2,full,test,thread_side,test/thread_side/011.png,1.722159
patchcore_wr50_10,screw,2,full,test,thread_side,test/thread_side/012.png,1.547680
patchcore_wr50_10,screw,2,full,test,thread_side,test/thread_side/013.png,1.568307
patchcore_wr50_10,screw,2,full,test,thread_side,test/thread_side/014.png,1.894891
patchcore_wr50_10,screw,2,full,test,thread_side,test/thread_side/015.png,1.640066
patchcore_wr50_10,screw,2,full,test,thread_side,test/thread_side/016.png,1.615259
patchcore_wr50_10,screw,2,full,test,thread_side,test/thread_side/017.png,1.948539
patchcore_wr50_10,screw,2,full,test,thread_side,test/thread_side/018.png,1.750586
patchcore_wr50_10,screw,2,full,test,thread_side,test/thread_side/019.png,1.592280
patchcore_wr50_10,screw,2,full,test,thread_side,test/thread_side/020.png,1.551674
patchcore_wr50_10,screw,2,full,test,thread_side,test/thread_side/021.png,1.697952
patchcore_wr50_10,screw,2,full,test,thread_side,test/thread_side/022.png,1.857656
patchcore_wr50_10,screw,2,full,test,thread_top,test/thread_top/000.png,1.880110
patchcore_wr50_10,screw,2,full,test,thread_top,test/thread_top/001.png,2.065155
patchcore_wr50_10,screw,2,full,test,thread_top,test/thread_top/002.png,2.085433
patchcore_wr50_10,screw,2,full,test,thread_top,test/thread_top/003.png,1.740932
patchcore_wr50_10,screw,2,full,test,thread_top,test/thread_top/004.png,1.961162
patchcore_wr50_10,screw,2,full,test,thread_top,test/thread_top/005.png,2.340841
patchcore_wr50_10,screw,2,full,test,thread_top,test/thread_top/006.png,2.113412
patchcore_wr50_10,screw,2,full,test,thread_top,test/thread_top/007.png,2.377794
patchcore_wr50_10,screw,2,full,test,thread_top,test/thread_top/008.png,1.706220
patchcore_wr50_10,screw,2,full,test,thread_top,test/thread_top/009.png,1.825423
patchcore_wr50_10,screw,2,full,test,thread_top,test/thread_top/010.png,1.944980
patchcore_wr50_10,screw,2,full,test,thread_top,test/thread_top/011.png,2.066953
patchcore_wr50_10,screw,2,full,test,thread_top,test/thread_top/012.png,1.732280
patchcore_wr50_10,screw,2,full,test,thread_top,test/thread_top/013.png,1.956519
patchcore_wr50_10,screw,2,full,test,thread_top,test/thread_top/014.png,1.777691
patchcore_wr50_10,screw,2,full,test,thread_top,test/thread_top/015.png,1.598819
patchcore_wr50_10,screw,2,full,test,thread_top,test/thread_top/016.png,1.896609
patchcore_wr50_10,screw,2,full,test,thread_top,test/thread_top/017.png,1.709062
patchcore_wr50_10,screw,2,full,test,thread_top,test/thread_top/018.png,1.972131
patchcore_wr50_10,screw,2,full,test,thread_top,test/thread_top/019.png,2.191298
patchcore_wr50_10,screw,2,full,test,thread_top,test/thread_top/020.png,2.174727
patchcore_wr50_10,screw,2,full,test,thread_top,test/thread_top/021.png,2.035388
patchcore_wr50_10,screw,2,full,test,thread_top,test/thread_top/022.png,1.747687
patchcore_wr50_10,screw,2,gate,calibration,good,train/good/011.png,1.493429
patchcore_wr50_10,screw,2,gate,calibration,good,train/good/012.png,1.375232
patchcore_wr50_10,screw,2,gate,calibration,good,train/good/023.png,1.449048
patchcore_wr50_10,screw,2,gate,calibration,good,train/good/026.png,1.509029
patchcore_wr50_10,screw,2,gate,calibration,good,train/good/031.png,1.616361
patchcore_wr50_10,screw,2,gate,calibration,good,train/good/032.png,1.509306
patchcore_wr50_10,screw,2,gate,calibration,good,train/good/048.png,1.417285
patchcore_wr50_10,screw,2,gate,calibration,good,train/good/050.png,1.351577
patchcore_wr50_10,screw,2,gate,calibration,good,train/good/052.png,1.397368
patchcore_wr50_10,screw,2,gate,calibration,good,train/good/053.png,1.212633
patchcore_wr50_10,screw,2,gate,calibration,good,train/good/067.png,1.333096
patchcore_wr50_10,screw,2,gate,calibration,good,train/good/071.png,1.333595
patchcore_wr50_10,screw,2,gate,calibration,good,train/good/078.png,1.298703
patchcore_wr50_10,screw,2,gate,calibration,good,train/good/079.png,1.592819
patchcore_wr50_10,screw,2,gate,calibration,good,train/good/081.png,1.399156
patchcore_wr50_10,screw,2,gate,calibration,good,train/good/082.png,1.428401
patchcore_wr50_10,screw,2,gate,calibration,good,train/good/090.png,1.622202
patchcore_wr50_10,screw,2,gate,calibration,good,train/good/098.png,1.436592
patchcore_wr50_10,screw,2,gate,calibration,good,train/good/113.png,1.534588
patchcore_wr50_10,screw,2,gate,calibration,good,train/good/114.png,1.547420
patchcore_wr50_10,screw,2,gate,calibration,good,train/good/118.png,1.405559
patchcore_wr50_10,screw,2,gate,calibration,good,train/good/126.png,1.583538
patchcore_wr50_10,screw,2,gate,calibration,good,train/good/127.png,1.615646
patchcore_wr50_10,screw,2,gate,calibration,good,train/good/130.png,1.479333
patchcore_wr50_10,screw,2,gate,calibration,good,train/good/134.png,1.475233
patchcore_wr50_10,screw,2,gate,calibration,good,train/good/135.png,1.489115
patchcore_wr50_10,screw,2,gate,calibration,good,train/good/154.png,1.617281
patchcore_wr50_10,screw,2,gate,calibration,good,train/good/155.png,1.438741
patchcore_wr50_10,screw,2,gate,calibration,good,train/good/157.png,1.556674
patchcore_wr50_10,screw,2,gate,calibration,good,train/good/166.png,1.532021
patchcore_wr50_10,screw,2,gate,calibration,good,train/good/168.png,1.347935
patchcore_wr50_10,screw,2,gate,calibration,good,train/good/169.png,1.523899
patchcore_wr50_10,screw,2,gate,calibration,good,train/good/172.png,1.474119
patchcore_wr50_10,screw,2,gate,calibration,good,train/good/179.png,1.476099
patchcore_wr50_10,screw,2,gate,calibration,good,train/good/186.png,1.382583
patchcore_wr50_10,screw,2,gate,calibration,good,train/good/196.png,1.460436
patchcore_wr50_10,screw,2,gate,calibration,good,train/good/200.png,1.437799
patchcore_wr50_10,screw,2,gate,calibration,good,train/good/206.png,1.576473
patchcore_wr50_10,screw,2,gate,calibration,good,train/good/209.png,1.521180
patchcore_wr50_10,screw,2,gate,calibration,good,train/good/210.png,1.478486
patchcore_wr50_10,screw,2,gate,calibration,good,train/good/215.png,1.359080
patchcore_wr50_10,screw,2,gate,calibration,good,train/good/222.png,1.524918
patchcore_wr50_10,screw,2,gate,calibration,good,train/good/229.png,1.393735
patchcore_wr50_10,screw,2,gate,calibration,good,train/good/230.png,1.454610
patchcore_wr50_10,screw,2,gate,calibration,good,train/good/231.png,1.522858
patchcore_wr50_10,screw,2,gate,calibration,good,train/good/238.png,1.364028
patchcore_wr50_10,screw,2,gate,calibration,good,train/good/244.png,1.634999
patchcore_wr50_10,screw,2,gate,calibration,good,train/good/250.png,1.580282
patchcore_wr50_10,screw,2,gate,calibration,good,train/good/263.png,1.532058
patchcore_wr50_10,screw,2,gate,calibration,good,train/good/269.png,1.538662
patchcore_wr50_10,screw,2,gate,calibration,good,train/good/271.png,1.322845
patchcore_wr50_10,screw,2,gate,calibration,good,train/good/272.png,1.510431
patchcore_wr50_10,screw,2,gate,calibration,good,train/good/275.png,1.339206
patchcore_wr50_10,screw,2,gate,calibration,good,train/good/279.png,1.322606
patchcore_wr50_10,screw,2,gate,calibration,good,train/good/282.png,1.380870
patchcore_wr50_10,screw,2,gate,calibration,good,train/good/289.png,1.581616
patchcore_wr50_10,screw,2,gate,calibration,good,train/good/291.png,1.714207
patchcore_wr50_10,screw,2,gate,calibration,good,train/good/292.png,1.396162
patchcore_wr50_10,screw,2,gate,calibration,good,train/good/298.png,1.374840
patchcore_wr50_10,screw,2,gate,calibration,good,train/good/300.png,1.352022
patchcore_wr50_10,screw,2,gate,calibration,good,train/good/305.png,1.417589
patchcore_wr50_10,screw,2,gate,calibration,good,train/good/308.png,1.339203
patchcore_wr50_10,screw,2,gate,calibration,good,train/good/310.png,1.315147
patchcore_wr50_10,screw,2,gate,calibration,good,train/good/313.png,1.444738
patchcore_wr50_10,screw,2,gate,test,good,test/good/000.png,1.385462
patchcore_wr50_10,screw,2,gate,test,good,test/good/001.png,1.540858
patchcore_wr50_10,screw,2,gate,test,good,test/good/002.png,1.466294
patchcore_wr50_10,screw,2,gate,test,good,test/good/003.png,1.424774
patchcore_wr50_10,screw,2,gate,test,good,test/good/004.png,1.719951
patchcore_wr50_10,screw,2,gate,test,good,test/good/005.png,1.854792
patchcore_wr50_10,screw,2,gate,test,good,test/good/006.png,1.458271
patchcore_wr50_10,screw,2,gate,test,good,test/good/007.png,1.420456
patchcore_wr50_10,screw,2,gate,test,good,test/good/008.png,1.496591
patchcore_wr50_10,screw,2,gate,test,good,test/good/009.png,1.595139
patchcore_wr50_10,screw,2,gate,test,good,test/good/010.png,1.576755
patchcore_wr50_10,screw,2,gate,test,good,test/good/011.png,1.585492
patchcore_wr50_10,screw,2,gate,test,good,test/good/012.png,1.487957
patchcore_wr50_10,screw,2,gate,test,good,test/good/013.png,1.463862
patchcore_wr50_10,screw,2,gate,test,good,test/good/014.png,1.601900
patchcore_wr50_10,screw,2,gate,test,good,test/good/015.png,1.645258
patchcore_wr50_10,screw,2,gate,test,good,test/good/016.png,1.445670
patchcore_wr50_10,screw,2,gate,test,good,test/good/017.png,1.378606
patchcore_wr50_10,screw,2,gate,test,good,test/good/018.png,1.532509
patchcore_wr50_10,screw,2,gate,test,good,test/good/019.png,1.545398
patchcore_wr50_10,screw,2,gate,test,good,test/good/020.png,1.443160
patchcore_wr50_10,screw,2,gate,test,good,test/good/021.png,1.475530
patchcore_wr50_10,screw,2,gate,test,good,test/good/022.png,1.585176
patchcore_wr50_10,screw,2,gate,test,good,test/good/023.png,1.525795
patchcore_wr50_10,screw,2,gate,test,good,test/good/024.png,1.634974
patchcore_wr50_10,screw,2,gate,test,good,test/good/025.png,1.393207
patchcore_wr50_10,screw,2,gate,test,good,test/good/026.png,1.486079
patchcore_wr50_10,screw,2,gate,test,good,test/good/027.png,1.474288
patchcore_wr50_10,screw,2,gate,test,good,test/good/028.png,1.466829
patchcore_wr50_10,screw,2,gate,test,good,test/good/029.png,1.450234
patchcore_wr50_10,screw,2,gate,test,good,test/good/030.png,1.396901
patchcore_wr50_10,screw,2,gate,test,good,test/good/031.png,1.597624
patchcore_wr50_10,screw,2,gate,test,good,test/good/032.png,1.555967
patchcore_wr50_10,screw,2,gate,test,good,test/good/033.png,1.358599
patchcore_wr50_10,screw,2,gate,test,good,test/good/034.png,1.307802
patchcore_wr50_10,screw,2,gate,test,good,test/good/035.png,1.574760
patchcore_wr50_10,screw,2,gate,test,good,test/good/036.png,1.419670
patchcore_wr50_10,screw,2,gate,test,good,test/good/037.png,1.542344
patchcore_wr50_10,screw,2,gate,test,good,test/good/038.png,1.389357
patchcore_wr50_10,screw,2,gate,test,good,test/good/039.png,1.517263
patchcore_wr50_10,screw,2,gate,test,good,test/good/040.png,1.391325
patchcore_wr50_10,screw,2,gate,test,manipulated_front,test/manipulated_front/000.png,1.681968
patchcore_wr50_10,screw,2,gate,test,manipulated_front,test/manipulated_front/001.png,1.826739
patchcore_wr50_10,screw,2,gate,test,manipulated_front,test/manipulated_front/002.png,1.821237
patchcore_wr50_10,screw,2,gate,test,manipulated_front,test/manipulated_front/003.png,1.923581
patchcore_wr50_10,screw,2,gate,test,manipulated_front,test/manipulated_front/004.png,1.964684
patchcore_wr50_10,screw,2,gate,test,manipulated_front,test/manipulated_front/005.png,1.821387
patchcore_wr50_10,screw,2,gate,test,manipulated_front,test/manipulated_front/006.png,1.713520
patchcore_wr50_10,screw,2,gate,test,manipulated_front,test/manipulated_front/007.png,1.779497
patchcore_wr50_10,screw,2,gate,test,manipulated_front,test/manipulated_front/008.png,1.847647
patchcore_wr50_10,screw,2,gate,test,manipulated_front,test/manipulated_front/009.png,1.800140
patchcore_wr50_10,screw,2,gate,test,manipulated_front,test/manipulated_front/010.png,1.742873
patchcore_wr50_10,screw,2,gate,test,manipulated_front,test/manipulated_front/011.png,1.721790
patchcore_wr50_10,screw,2,gate,test,manipulated_front,test/manipulated_front/012.png,1.701912
patchcore_wr50_10,screw,2,gate,test,manipulated_front,test/manipulated_front/013.png,1.731652
patchcore_wr50_10,screw,2,gate,test,manipulated_front,test/manipulated_front/014.png,1.867513
patchcore_wr50_10,screw,2,gate,test,manipulated_front,test/manipulated_front/015.png,1.903273
patchcore_wr50_10,screw,2,gate,test,manipulated_front,test/manipulated_front/016.png,1.963201
patchcore_wr50_10,screw,2,gate,test,manipulated_front,test/manipulated_front/017.png,1.567576
patchcore_wr50_10,screw,2,gate,test,manipulated_front,test/manipulated_front/018.png,1.822124
patchcore_wr50_10,screw,2,gate,test,manipulated_front,test/manipulated_front/019.png,1.680452
patchcore_wr50_10,screw,2,gate,test,manipulated_front,test/manipulated_front/020.png,1.631215
patchcore_wr50_10,screw,2,gate,test,manipulated_front,test/manipulated_front/021.png,1.523448
patchcore_wr50_10,screw,2,gate,test,manipulated_front,test/manipulated_front/022.png,1.681025
patchcore_wr50_10,screw,2,gate,test,manipulated_front,test/manipulated_front/023.png,1.568813
patchcore_wr50_10,screw,2,gate,test,scratch_head,test/scratch_head/000.png,1.848602
patchcore_wr50_10,screw,2,gate,test,scratch_head,test/scratch_head/001.png,1.802665
patchcore_wr50_10,screw,2,gate,test,scratch_head,test/scratch_head/002.png,1.631749
patchcore_wr50_10,screw,2,gate,test,scratch_head,test/scratch_head/003.png,1.622678
patchcore_wr50_10,screw,2,gate,test,scratch_head,test/scratch_head/004.png,1.691406
patchcore_wr50_10,screw,2,gate,test,scratch_head,test/scratch_head/005.png,1.563108
patchcore_wr50_10,screw,2,gate,test,scratch_head,test/scratch_head/006.png,1.643952
patchcore_wr50_10,screw,2,gate,test,scratch_head,test/scratch_head/007.png,1.875457
patchcore_wr50_10,screw,2,gate,test,scratch_head,test/scratch_head/008.png,1.643718
patchcore_wr50_10,screw,2,gate,test,scratch_head,test/scratch_head/009.png,1.615171
patchcore_wr50_10,screw,2,gate,test,scratch_head,test/scratch_head/010.png,1.735262
patchcore_wr50_10,screw,2,gate,test,scratch_head,test/scratch_head/011.png,2.306966
patchcore_wr50_10,screw,2,gate,test,scratch_head,test/scratch_head/012.png,1.871803
patchcore_wr50_10,screw,2,gate,test,scratch_head,test/scratch_head/013.png,1.760459
patchcore_wr50_10,screw,2,gate,test,scratch_head,test/scratch_head/014.png,1.721531
patchcore_wr50_10,screw,2,gate,test,scratch_head,test/scratch_head/015.png,2.044430
patchcore_wr50_10,screw,2,gate,test,scratch_head,test/scratch_head/016.png,1.980632
patchcore_wr50_10,screw,2,gate,test,scratch_head,test/scratch_head/017.png,1.867687
patchcore_wr50_10,screw,2,gate,test,scratch_head,test/scratch_head/018.png,1.701177
patchcore_wr50_10,screw,2,gate,test,scratch_head,test/scratch_head/019.png,2.051231
patchcore_wr50_10,screw,2,gate,test,scratch_head,test/scratch_head/020.png,1.777955
patchcore_wr50_10,screw,2,gate,test,scratch_head,test/scratch_head/021.png,1.886881
patchcore_wr50_10,screw,2,gate,test,scratch_head,test/scratch_head/022.png,1.599695
patchcore_wr50_10,screw,2,gate,test,scratch_head,test/scratch_head/023.png,1.769758
patchcore_wr50_10,screw,2,gate,test,scratch_neck,test/scratch_neck/000.png,1.942715
patchcore_wr50_10,screw,2,gate,test,scratch_neck,test/scratch_neck/001.png,2.588501
patchcore_wr50_10,screw,2,gate,test,scratch_neck,test/scratch_neck/002.png,1.944043
patchcore_wr50_10,screw,2,gate,test,scratch_neck,test/scratch_neck/003.png,2.458875
patchcore_wr50_10,screw,2,gate,test,scratch_neck,test/scratch_neck/004.png,2.339240
patchcore_wr50_10,screw,2,gate,test,scratch_neck,test/scratch_neck/005.png,1.625813
patchcore_wr50_10,screw,2,gate,test,scratch_neck,test/scratch_neck/006.png,2.060995
patchcore_wr50_10,screw,2,gate,test,scratch_neck,test/scratch_neck/007.png,2.454099
patchcore_wr50_10,screw,2,gate,test,scratch_neck,test/scratch_neck/008.png,2.526553
patchcore_wr50_10,screw,2,gate,test,scratch_neck,test/scratch_neck/009.png,2.667977
patchcore_wr50_10,screw,2,gate,test,scratch_neck,test/scratch_neck/010.png,2.239956
patchcore_wr50_10,screw,2,gate,test,scratch_neck,test/scratch_neck/011.png,1.706714
patchcore_wr50_10,screw,2,gate,test,scratch_neck,test/scratch_neck/012.png,2.115688
patchcore_wr50_10,screw,2,gate,test,scratch_neck,test/scratch_neck/013.png,2.395500
patchcore_wr50_10,screw,2,gate,test,scratch_neck,test/scratch_neck/014.png,2.326174
patchcore_wr50_10,screw,2,gate,test,scratch_neck,test/scratch_neck/015.png,2.482609
patchcore_wr50_10,screw,2,gate,test,scratch_neck,test/scratch_neck/016.png,2.578507
patchcore_wr50_10,screw,2,gate,test,scratch_neck,test/scratch_neck/017.png,2.134949
patchcore_wr50_10,screw,2,gate,test,scratch_neck,test/scratch_neck/018.png,2.249259
patchcore_wr50_10,screw,2,gate,test,scratch_neck,test/scratch_neck/019.png,2.438462
patchcore_wr50_10,screw,2,gate,test,scratch_neck,test/scratch_neck/020.png,2.531064
patchcore_wr50_10,screw,2,gate,test,scratch_neck,test/scratch_neck/021.png,1.851831
patchcore_wr50_10,screw,2,gate,test,scratch_neck,test/scratch_neck/022.png,2.031077
patchcore_wr50_10,screw,2,gate,test,scratch_neck,test/scratch_neck/023.png,1.879224
patchcore_wr50_10,screw,2,gate,test,scratch_neck,test/scratch_neck/024.png,2.459373
patchcore_wr50_10,screw,2,gate,test,thread_side,test/thread_side/000.png,1.767916
patchcore_wr50_10,screw,2,gate,test,thread_side,test/thread_side/001.png,1.610178
patchcore_wr50_10,screw,2,gate,test,thread_side,test/thread_side/002.png,1.832001
patchcore_wr50_10,screw,2,gate,test,thread_side,test/thread_side/003.png,1.762520
patchcore_wr50_10,screw,2,gate,test,thread_side,test/thread_side/004.png,1.556052
patchcore_wr50_10,screw,2,gate,test,thread_side,test/thread_side/005.png,1.936051
patchcore_wr50_10,screw,2,gate,test,thread_side,test/thread_side/006.png,1.813922
patchcore_wr50_10,screw,2,gate,test,thread_side,test/thread_side/007.png,1.985325
patchcore_wr50_10,screw,2,gate,test,thread_side,test/thread_side/008.png,1.602294
patchcore_wr50_10,screw,2,gate,test,thread_side,test/thread_side/009.png,1.503997
patchcore_wr50_10,screw,2,gate,test,thread_side,test/thread_side/010.png,1.674868
patchcore_wr50_10,screw,2,gate,test,thread_side,test/thread_side/011.png,1.757263
patchcore_wr50_10,screw,2,gate,test,thread_side,test/thread_side/012.png,1.501168
patchcore_wr50_10,screw,2,gate,test,thread_side,test/thread_side/013.png,1.531530
patchcore_wr50_10,screw,2,gate,test,thread_side,test/thread_side/014.png,1.811274
patchcore_wr50_10,screw,2,gate,test,thread_side,test/thread_side/015.png,1.649520
patchcore_wr50_10,screw,2,gate,test,thread_side,test/thread_side/016.png,1.621068
patchcore_wr50_10,screw,2,gate,test,thread_side,test/thread_side/017.png,1.948539
patchcore_wr50_10,screw,2,gate,test,thread_side,test/thread_side/018.png,1.818941
patchcore_wr50_10,screw,2,gate,test,thread_side,test/thread_side/019.png,1.698376
patchcore_wr50_10,screw,2,gate,test,thread_side,test/thread_side/020.png,1.607113
patchcore_wr50_10,screw,2,gate,test,thread_side,test/thread_side/021.png,1.701506
patchcore_wr50_10,screw,2,gate,test,thread_side,test/thread_side/022.png,1.857656
patchcore_wr50_10,screw,2,gate,test,thread_top,test/thread_top/000.png,1.929174
patchcore_wr50_10,screw,2,gate,test,thread_top,test/thread_top/001.png,1.988425
patchcore_wr50_10,screw,2,gate,test,thread_top,test/thread_top/002.png,2.065284
patchcore_wr50_10,screw,2,gate,test,thread_top,test/thread_top/003.png,1.685806
patchcore_wr50_10,screw,2,gate,test,thread_top,test/thread_top/004.png,1.959398
patchcore_wr50_10,screw,2,gate,test,thread_top,test/thread_top/005.png,2.344586
patchcore_wr50_10,screw,2,gate,test,thread_top,test/thread_top/006.png,2.100469
patchcore_wr50_10,screw,2,gate,test,thread_top,test/thread_top/007.png,2.425850
patchcore_wr50_10,screw,2,gate,test,thread_top,test/thread_top/008.png,1.706220
patchcore_wr50_10,screw,2,gate,test,thread_top,test/thread_top/009.png,1.746405
patchcore_wr50_10,screw,2,gate,test,thread_top,test/thread_top/010.png,2.013647
patchcore_wr50_10,screw,2,gate,test,thread_top,test/thread_top/011.png,2.066489
patchcore_wr50_10,screw,2,gate,test,thread_top,test/thread_top/012.png,1.804657
patchcore_wr50_10,screw,2,gate,test,thread_top,test/thread_top/013.png,1.943588
patchcore_wr50_10,screw,2,gate,test,thread_top,test/thread_top/014.png,1.742027
patchcore_wr50_10,screw,2,gate,test,thread_top,test/thread_top/015.png,1.669188
patchcore_wr50_10,screw,2,gate,test,thread_top,test/thread_top/016.png,1.992984
patchcore_wr50_10,screw,2,gate,test,thread_top,test/thread_top/017.png,1.733300
patchcore_wr50_10,screw,2,gate,test,thread_top,test/thread_top/018.png,1.939035
patchcore_wr50_10,screw,2,gate,test,thread_top,test/thread_top/019.png,2.191298
patchcore_wr50_10,screw,2,gate,test,thread_top,test/thread_top/020.png,2.295275
patchcore_wr50_10,screw,2,gate,test,thread_top,test/thread_top/021.png,2.035388
patchcore_wr50_10,screw,2,gate,test,thread_top,test/thread_top/022.png,1.749487
patchcore_wr50_10,zipper,0,full,test,broken_teeth,test/broken_teeth/000.png,1.863701
patchcore_wr50_10,zipper,0,full,test,broken_teeth,test/broken_teeth/001.png,2.004270
patchcore_wr50_10,zipper,0,full,test,broken_teeth,test/broken_teeth/002.png,1.654155
patchcore_wr50_10,zipper,0,full,test,broken_teeth,test/broken_teeth/003.png,2.199727
patchcore_wr50_10,zipper,0,full,test,broken_teeth,test/broken_teeth/004.png,1.879066
patchcore_wr50_10,zipper,0,full,test,broken_teeth,test/broken_teeth/005.png,1.916672
patchcore_wr50_10,zipper,0,full,test,broken_teeth,test/broken_teeth/006.png,2.148041
patchcore_wr50_10,zipper,0,full,test,broken_teeth,test/broken_teeth/007.png,2.536010
patchcore_wr50_10,zipper,0,full,test,broken_teeth,test/broken_teeth/008.png,2.055161
patchcore_wr50_10,zipper,0,full,test,broken_teeth,test/broken_teeth/009.png,1.507976
patchcore_wr50_10,zipper,0,full,test,broken_teeth,test/broken_teeth/010.png,2.314269
patchcore_wr50_10,zipper,0,full,test,broken_teeth,test/broken_teeth/011.png,2.184955
patchcore_wr50_10,zipper,0,full,test,broken_teeth,test/broken_teeth/012.png,1.704894
patchcore_wr50_10,zipper,0,full,test,broken_teeth,test/broken_teeth/013.png,2.385995
patchcore_wr50_10,zipper,0,full,test,broken_teeth,test/broken_teeth/014.png,2.013631
patchcore_wr50_10,zipper,0,full,test,broken_teeth,test/broken_teeth/015.png,1.719013
patchcore_wr50_10,zipper,0,full,test,broken_teeth,test/broken_teeth/016.png,1.509993
patchcore_wr50_10,zipper,0,full,test,broken_teeth,test/broken_teeth/017.png,2.559814
patchcore_wr50_10,zipper,0,full,test,broken_teeth,test/broken_teeth/018.png,2.573165
patchcore_wr50_10,zipper,0,full,test,combined,test/combined/000.png,2.887803
patchcore_wr50_10,zipper,0,full,test,combined,test/combined/001.png,2.048529
patchcore_wr50_10,zipper,0,full,test,combined,test/combined/002.png,1.915193
patchcore_wr50_10,zipper,0,full,test,combined,test/combined/003.png,2.255760
patchcore_wr50_10,zipper,0,full,test,combined,test/combined/004.png,2.002660
patchcore_wr50_10,zipper,0,full,test,combined,test/combined/005.png,2.452809
patchcore_wr50_10,zipper,0,full,test,combined,test/combined/006.png,3.407062
patchcore_wr50_10,zipper,0,full,test,combined,test/combined/007.png,2.082746
patchcore_wr50_10,zipper,0,full,test,combined,test/combined/008.png,1.963057
patchcore_wr50_10,zipper,0,full,test,combined,test/combined/009.png,2.088172
patchcore_wr50_10,zipper,0,full,test,combined,test/combined/010.png,2.718383
patchcore_wr50_10,zipper,0,full,test,combined,test/combined/011.png,2.606866
patchcore_wr50_10,zipper,0,full,test,combined,test/combined/012.png,2.269400
patchcore_wr50_10,zipper,0,full,test,combined,test/combined/013.png,2.776244
patchcore_wr50_10,zipper,0,full,test,combined,test/combined/014.png,2.334452
patchcore_wr50_10,zipper,0,full,test,combined,test/combined/015.png,2.649412
patchcore_wr50_10,zipper,0,full,test,fabric_border,test/fabric_border/000.png,2.803757
patchcore_wr50_10,zipper,0,full,test,fabric_border,test/fabric_border/001.png,3.238629
patchcore_wr50_10,zipper,0,full,test,fabric_border,test/fabric_border/002.png,2.134862
patchcore_wr50_10,zipper,0,full,test,fabric_border,test/fabric_border/003.png,2.710106
patchcore_wr50_10,zipper,0,full,test,fabric_border,test/fabric_border/004.png,2.626661
patchcore_wr50_10,zipper,0,full,test,fabric_border,test/fabric_border/005.png,3.217702
patchcore_wr50_10,zipper,0,full,test,fabric_border,test/fabric_border/006.png,2.640095
patchcore_wr50_10,zipper,0,full,test,fabric_border,test/fabric_border/007.png,2.505710
patchcore_wr50_10,zipper,0,full,test,fabric_border,test/fabric_border/008.png,2.671443
patchcore_wr50_10,zipper,0,full,test,fabric_border,test/fabric_border/009.png,2.903313
patchcore_wr50_10,zipper,0,full,test,fabric_border,test/fabric_border/010.png,2.718122
patchcore_wr50_10,zipper,0,full,test,fabric_border,test/fabric_border/011.png,2.535050
patchcore_wr50_10,zipper,0,full,test,fabric_border,test/fabric_border/012.png,2.612031
patchcore_wr50_10,zipper,0,full,test,fabric_border,test/fabric_border/013.png,2.724446
patchcore_wr50_10,zipper,0,full,test,fabric_border,test/fabric_border/014.png,2.723222
patchcore_wr50_10,zipper,0,full,test,fabric_border,test/fabric_border/015.png,2.678135
patchcore_wr50_10,zipper,0,full,test,fabric_border,test/fabric_border/016.png,2.849625
patchcore_wr50_10,zipper,0,full,test,fabric_interior,test/fabric_interior/000.png,2.030955
patchcore_wr50_10,zipper,0,full,test,fabric_interior,test/fabric_interior/001.png,1.536822
patchcore_wr50_10,zipper,0,full,test,fabric_interior,test/fabric_interior/002.png,1.874324
patchcore_wr50_10,zipper,0,full,test,fabric_interior,test/fabric_interior/003.png,2.044837
patchcore_wr50_10,zipper,0,full,test,fabric_interior,test/fabric_interior/004.png,1.986621
patchcore_wr50_10,zipper,0,full,test,fabric_interior,test/fabric_interior/005.png,1.768821
patchcore_wr50_10,zipper,0,full,test,fabric_interior,test/fabric_interior/006.png,2.241014
patchcore_wr50_10,zipper,0,full,test,fabric_interior,test/fabric_interior/007.png,1.352612
patchcore_wr50_10,zipper,0,full,test,fabric_interior,test/fabric_interior/008.png,2.056935
patchcore_wr50_10,zipper,0,full,test,fabric_interior,test/fabric_interior/009.png,1.955181
patchcore_wr50_10,zipper,0,full,test,fabric_interior,test/fabric_interior/010.png,1.630454
patchcore_wr50_10,zipper,0,full,test,fabric_interior,test/fabric_interior/011.png,1.886397
patchcore_wr50_10,zipper,0,full,test,fabric_interior,test/fabric_interior/012.png,1.760699
patchcore_wr50_10,zipper,0,full,test,fabric_interior,test/fabric_interior/013.png,2.231163
patchcore_wr50_10,zipper,0,full,test,fabric_interior,test/fabric_interior/014.png,2.112040
patchcore_wr50_10,zipper,0,full,test,fabric_interior,test/fabric_interior/015.png,1.898538
patchcore_wr50_10,zipper,0,full,test,good,test/good/000.png,1.130542
patchcore_wr50_10,zipper,0,full,test,good,test/good/001.png,1.209042
patchcore_wr50_10,zipper,0,full,test,good,test/good/002.png,1.427089
patchcore_wr50_10,zipper,0,full,test,good,test/good/003.png,1.474004
patchcore_wr50_10,zipper,0,full,test,good,test/good/004.png,1.205774
patchcore_wr50_10,zipper,0,full,test,good,test/good/005.png,1.249080
patchcore_wr50_10,zipper,0,full,test,good,test/good/006.png,1.096354
patchcore_wr50_10,zipper,0,full,test,good,test/good/007.png,1.252206
patchcore_wr50_10,zipper,0,full,test,good,test/good/008.png,1.217316
patchcore_wr50_10,zipper,0,full,test,good,test/good/009.png,1.093351
patchcore_wr50_10,zipper,0,full,test,good,test/good/010.png,1.108111
patchcore_wr50_10,zipper,0,full,test,good,test/good/011.png,1.140347
patchcore_wr50_10,zipper,0,full,test,good,test/good/012.png,1.227463
patchcore_wr50_10,zipper,0,full,test,good,test/good/013.png,1.103688
patchcore_wr50_10,zipper,0,full,test,good,test/good/014.png,1.076276
patchcore_wr50_10,zipper,0,full,test,good,test/good/015.png,1.202710
patchcore_wr50_10,zipper,0,full,test,good,test/good/016.png,1.196153
patchcore_wr50_10,zipper,0,full,test,good,test/good/017.png,1.202784
patchcore_wr50_10,zipper,0,full,test,good,test/good/018.png,1.249631
patchcore_wr50_10,zipper,0,full,test,good,test/good/019.png,1.145763
patchcore_wr50_10,zipper,0,full,test,good,test/good/020.png,1.161160
patchcore_wr50_10,zipper,0,full,test,good,test/good/021.png,1.338961
patchcore_wr50_10,zipper,0,full,test,good,test/good/022.png,1.773028
patchcore_wr50_10,zipper,0,full,test,good,test/good/023.png,1.231810
patchcore_wr50_10,zipper,0,full,test,good,test/good/024.png,1.120394
patchcore_wr50_10,zipper,0,full,test,good,test/good/025.png,1.184832
patchcore_wr50_10,zipper,0,full,test,good,test/good/026.png,1.357010
patchcore_wr50_10,zipper,0,full,test,good,test/good/027.png,1.386801
patchcore_wr50_10,zipper,0,full,test,good,test/good/028.png,1.271847
patchcore_wr50_10,zipper,0,full,test,good,test/good/029.png,1.336309
patchcore_wr50_10,zipper,0,full,test,good,test/good/030.png,1.085351
patchcore_wr50_10,zipper,0,full,test,good,test/good/031.png,1.123271
patchcore_wr50_10,zipper,0,full,test,rough,test/rough/000.png,2.107331
patchcore_wr50_10,zipper,0,full,test,rough,test/rough/001.png,2.095579
patchcore_wr50_10,zipper,0,full,test,rough,test/rough/002.png,1.985488
patchcore_wr50_10,zipper,0,full,test,rough,test/rough/003.png,2.375296
patchcore_wr50_10,zipper,0,full,test,rough,test/rough/004.png,2.366555
patchcore_wr50_10,zipper,0,full,test,rough,test/rough/005.png,1.826267
patchcore_wr50_10,zipper,0,full,test,rough,test/rough/006.png,2.118734
patchcore_wr50_10,zipper,0,full,test,rough,test/rough/007.png,1.832494
patchcore_wr50_10,zipper,0,full,test,rough,test/rough/008.png,1.861128
patchcore_wr50_10,zipper,0,full,test,rough,test/rough/009.png,2.118782
patchcore_wr50_10,zipper,0,full,test,rough,test/rough/010.png,2.139583
patchcore_wr50_10,zipper,0,full,test,rough,test/rough/011.png,2.313964
patchcore_wr50_10,zipper,0,full,test,rough,test/rough/012.png,1.957687
patchcore_wr50_10,zipper,0,full,test,rough,test/rough/013.png,2.116339
patchcore_wr50_10,zipper,0,full,test,rough,test/rough/014.png,2.074137
patchcore_wr50_10,zipper,0,full,test,rough,test/rough/015.png,2.287051
patchcore_wr50_10,zipper,0,full,test,rough,test/rough/016.png,2.026675
patchcore_wr50_10,zipper,0,full,test,split_teeth,test/split_teeth/000.png,1.836829
patchcore_wr50_10,zipper,0,full,test,split_teeth,test/split_teeth/001.png,2.123604
patchcore_wr50_10,zipper,0,full,test,split_teeth,test/split_teeth/002.png,2.215720
patchcore_wr50_10,zipper,0,full,test,split_teeth,test/split_teeth/003.png,2.228711
patchcore_wr50_10,zipper,0,full,test,split_teeth,test/split_teeth/004.png,2.870666
patchcore_wr50_10,zipper,0,full,test,split_teeth,test/split_teeth/005.png,2.191637
patchcore_wr50_10,zipper,0,full,test,split_teeth,test/split_teeth/006.png,2.015820
patchcore_wr50_10,zipper,0,full,test,split_teeth,test/split_teeth/007.png,2.074600
patchcore_wr50_10,zipper,0,full,test,split_teeth,test/split_teeth/008.png,1.901397
patchcore_wr50_10,zipper,0,full,test,split_teeth,test/split_teeth/009.png,2.127701
patchcore_wr50_10,zipper,0,full,test,split_teeth,test/split_teeth/010.png,2.340794
patchcore_wr50_10,zipper,0,full,test,split_teeth,test/split_teeth/011.png,2.163064
patchcore_wr50_10,zipper,0,full,test,split_teeth,test/split_teeth/012.png,2.488775
patchcore_wr50_10,zipper,0,full,test,split_teeth,test/split_teeth/013.png,2.344067
patchcore_wr50_10,zipper,0,full,test,split_teeth,test/split_teeth/014.png,2.278382
patchcore_wr50_10,zipper,0,full,test,split_teeth,test/split_teeth/015.png,2.763898
patchcore_wr50_10,zipper,0,full,test,split_teeth,test/split_teeth/016.png,2.382555
patchcore_wr50_10,zipper,0,full,test,split_teeth,test/split_teeth/017.png,2.783945
patchcore_wr50_10,zipper,0,full,test,squeezed_teeth,test/squeezed_teeth/000.png,2.044441
patchcore_wr50_10,zipper,0,full,test,squeezed_teeth,test/squeezed_teeth/001.png,2.146101
patchcore_wr50_10,zipper,0,full,test,squeezed_teeth,test/squeezed_teeth/002.png,2.376074
patchcore_wr50_10,zipper,0,full,test,squeezed_teeth,test/squeezed_teeth/003.png,2.356406
patchcore_wr50_10,zipper,0,full,test,squeezed_teeth,test/squeezed_teeth/004.png,1.643317
patchcore_wr50_10,zipper,0,full,test,squeezed_teeth,test/squeezed_teeth/005.png,1.766777
patchcore_wr50_10,zipper,0,full,test,squeezed_teeth,test/squeezed_teeth/006.png,1.991273
patchcore_wr50_10,zipper,0,full,test,squeezed_teeth,test/squeezed_teeth/007.png,1.717126
patchcore_wr50_10,zipper,0,full,test,squeezed_teeth,test/squeezed_teeth/008.png,1.544045
patchcore_wr50_10,zipper,0,full,test,squeezed_teeth,test/squeezed_teeth/009.png,1.764459
patchcore_wr50_10,zipper,0,full,test,squeezed_teeth,test/squeezed_teeth/010.png,2.136748
patchcore_wr50_10,zipper,0,full,test,squeezed_teeth,test/squeezed_teeth/011.png,2.045051
patchcore_wr50_10,zipper,0,full,test,squeezed_teeth,test/squeezed_teeth/012.png,1.637637
patchcore_wr50_10,zipper,0,full,test,squeezed_teeth,test/squeezed_teeth/013.png,2.066668
patchcore_wr50_10,zipper,0,full,test,squeezed_teeth,test/squeezed_teeth/014.png,2.382785
patchcore_wr50_10,zipper,0,full,test,squeezed_teeth,test/squeezed_teeth/015.png,2.347757
patchcore_wr50_10,zipper,0,gate,calibration,good,train/good/000.png,0.977937
patchcore_wr50_10,zipper,0,gate,calibration,good,train/good/005.png,1.307926
patchcore_wr50_10,zipper,0,gate,calibration,good,train/good/006.png,1.355099
patchcore_wr50_10,zipper,0,gate,calibration,good,train/good/013.png,1.140784
patchcore_wr50_10,zipper,0,gate,calibration,good,train/good/017.png,1.117730
patchcore_wr50_10,zipper,0,gate,calibration,good,train/good/025.png,1.071447
patchcore_wr50_10,zipper,0,gate,calibration,good,train/good/036.png,1.382434
patchcore_wr50_10,zipper,0,gate,calibration,good,train/good/039.png,1.070432
patchcore_wr50_10,zipper,0,gate,calibration,good,train/good/041.png,1.087017
patchcore_wr50_10,zipper,0,gate,calibration,good,train/good/054.png,1.075378
patchcore_wr50_10,zipper,0,gate,calibration,good,train/good/065.png,1.094257
patchcore_wr50_10,zipper,0,gate,calibration,good,train/good/068.png,1.051302
patchcore_wr50_10,zipper,0,gate,calibration,good,train/good/071.png,1.082511
patchcore_wr50_10,zipper,0,gate,calibration,good,train/good/072.png,1.106024
patchcore_wr50_10,zipper,0,gate,calibration,good,train/good/074.png,1.109818
patchcore_wr50_10,zipper,0,gate,calibration,good,train/good/084.png,1.197915
patchcore_wr50_10,zipper,0,gate,calibration,good,train/good/100.png,1.011387
patchcore_wr50_10,zipper,0,gate,calibration,good,train/good/103.png,1.074492
patchcore_wr50_10,zipper,0,gate,calibration,good,train/good/106.png,1.057887
patchcore_wr50_10,zipper,0,gate,calibration,good,train/good/116.png,1.115677
patchcore_wr50_10,zipper,0,gate,calibration,good,train/good/117.png,1.504227
patchcore_wr50_10,zipper,0,gate,calibration,good,train/good/118.png,1.220173
patchcore_wr50_10,zipper,0,gate,calibration,good,train/good/119.png,1.271604
patchcore_wr50_10,zipper,0,gate,calibration,good,train/good/126.png,1.089221
patchcore_wr50_10,zipper,0,gate,calibration,good,train/good/131.png,1.213032
patchcore_wr50_10,zipper,0,gate,calibration,good,train/good/138.png,1.119381
patchcore_wr50_10,zipper,0,gate,calibration,good,train/good/142.png,1.387065
patchcore_wr50_10,zipper,0,gate,calibration,good,train/good/147.png,1.134983
patchcore_wr50_10,zipper,0,gate,calibration,good,train/good/153.png,1.127755
patchcore_wr50_10,zipper,0,gate,calibration,good,train/good/154.png,1.149170
patchcore_wr50_10,zipper,0,gate,calibration,good,train/good/164.png,1.082491
patchcore_wr50_10,zipper,0,gate,calibration,good,train/good/193.png,1.058869
patchcore_wr50_10,zipper,0,gate,calibration,good,train/good/197.png,1.144280
patchcore_wr50_10,zipper,0,gate,calibration,good,train/good/199.png,1.047829
patchcore_wr50_10,zipper,0,gate,calibration,good,train/good/200.png,1.022750
patchcore_wr50_10,zipper,0,gate,calibration,good,train/good/201.png,1.027049
patchcore_wr50_10,zipper,0,gate,calibration,good,train/good/202.png,1.050322
patchcore_wr50_10,zipper,0,gate,calibration,good,train/good/205.png,1.265602
patchcore_wr50_10,zipper,0,gate,calibration,good,train/good/214.png,1.090876
patchcore_wr50_10,zipper,0,gate,calibration,good,train/good/215.png,1.138818
patchcore_wr50_10,zipper,0,gate,calibration,good,train/good/216.png,1.046624
patchcore_wr50_10,zipper,0,gate,calibration,good,train/good/218.png,1.105853
patchcore_wr50_10,zipper,0,gate,calibration,good,train/good/225.png,1.238371
patchcore_wr50_10,zipper,0,gate,calibration,good,train/good/226.png,1.231727
patchcore_wr50_10,zipper,0,gate,calibration,good,train/good/230.png,1.140471
patchcore_wr50_10,zipper,0,gate,calibration,good,train/good/231.png,1.235062
patchcore_wr50_10,zipper,0,gate,calibration,good,train/good/236.png,1.078443
patchcore_wr50_10,zipper,0,gate,calibration,good,train/good/237.png,1.115334
patchcore_wr50_10,zipper,0,gate,test,broken_teeth,test/broken_teeth/000.png,1.871466
patchcore_wr50_10,zipper,0,gate,test,broken_teeth,test/broken_teeth/001.png,1.996437
patchcore_wr50_10,zipper,0,gate,test,broken_teeth,test/broken_teeth/002.png,1.659806
patchcore_wr50_10,zipper,0,gate,test,broken_teeth,test/broken_teeth/003.png,2.365732
patchcore_wr50_10,zipper,0,gate,test,broken_teeth,test/broken_teeth/004.png,1.885845
patchcore_wr50_10,zipper,0,gate,test,broken_teeth,test/broken_teeth/005.png,2.017992
patchcore_wr50_10,zipper,0,gate,test,broken_teeth,test/broken_teeth/006.png,2.182752
patchcore_wr50_10,zipper,0,gate,test,broken_teeth,test/broken_teeth/007.png,2.536010
patchcore_wr50_10,zipper,0,gate,test,broken_teeth,test/broken_teeth/008.png,2.022985
patchcore_wr50_10,zipper,0,gate,test,broken_teeth,test/broken_teeth/009.png,1.485141
patchcore_wr50_10,zipper,0,gate,test,broken_teeth,test/broken_teeth/010.png,2.346980
patchcore_wr50_10,zipper,0,gate,test,broken_teeth,test/broken_teeth/011.png,2.131293
patchcore_wr50_10,zipper,0,gate,test,broken_teeth,test/broken_teeth/012.png,1.797843
patchcore_wr50_10,zipper,0,gate,test,broken_teeth,test/broken_teeth/013.png,2.438891
patchcore_wr50_10,zipper,0,gate,test,broken_teeth,test/broken_teeth/014.png,1.976295
patchcore_wr50_10,zipper,0,gate,test,broken_teeth,test/broken_teeth/015.png,1.711156
patchcore_wr50_10,zipper,0,gate,test,broken_teeth,test/broken_teeth/016.png,1.410149
patchcore_wr50_10,zipper,0,gate,test,broken_teeth,test/broken_teeth/017.png,2.620789
patchcore_wr50_10,zipper,0,gate,test,broken_teeth,test/broken_teeth/018.png,2.612700
patchcore_wr50_10,zipper,0,gate,test,combined,test/combined/000.png,2.883144
patchcore_wr50_10,zipper,0,gate,test,combined,test/combined/001.png,2.053813
patchcore_wr50_10,zipper,0,gate,test,combined,test/combined/002.png,1.971588
patchcore_wr50_10,zipper,0,gate,test,combined,test/combined/003.png,2.289997
patchcore_wr50_10,zipper,0,gate,test,combined,test/combined/004.png,2.015482
patchcore_wr50_10,zipper,0,gate,test,combined,test/combined/005.png,2.452809
patchcore_wr50_10,zipper,0,gate,test,combined,test/combined/006.png,3.388396
patchcore_wr50_10,zipper,0,gate,test,combined,test/combined/007.png,2.056252
patchcore_wr50_10,zipper,0,gate,test,combined,test/combined/008.png,1.990088
patchcore_wr50_10,zipper,0,gate,test,combined,test/combined/009.png,2.127197
patchcore_wr50_10,zipper,0,gate,test,combined,test/combined/010.png,2.684402
patchcore_wr50_10,zipper,0,gate,test,combined,test/combined/011.png,2.597598
patchcore_wr50_10,zipper,0,gate,test,combined,test/combined/012.png,2.326796
patchcore_wr50_10,zipper,0,gate,test,combined,test/combined/013.png,2.794645
patchcore_wr50_10,zipper,0,gate,test,combined,test/combined/014.png,2.366573
patchcore_wr50_10,zipper,0,gate,test,combined,test/combined/015.png,2.649412
patchcore_wr50_10,zipper,0,gate,test,fabric_border,test/fabric_border/000.png,2.766434
patchcore_wr50_10,zipper,0,gate,test,fabric_border,test/fabric_border/001.png,3.238629
patchcore_wr50_10,zipper,0,gate,test,fabric_border,test/fabric_border/002.png,2.136393
patchcore_wr50_10,zipper,0,gate,test,fabric_border,test/fabric_border/003.png,2.710106
patchcore_wr50_10,zipper,0,gate,test,fabric_border,test/fabric_border/004.png,2.647034
patchcore_wr50_10,zipper,0,gate,test,fabric_border,test/fabric_border/005.png,3.197948
patchcore_wr50_10,zipper,0,gate,test,fabric_border,test/fabric_border/006.png,2.646904
patchcore_wr50_10,zipper,0,gate,test,fabric_border,test/fabric_border/007.png,2.505710
patchcore_wr50_10,zipper,0,gate,test,fabric_border,test/fabric_border/008.png,2.671443
patchcore_wr50_10,zipper,0,gate,test,fabric_border,test/fabric_border/009.png,2.903394
patchcore_wr50_10,zipper,0,gate,test,fabric_border,test/fabric_border/010.png,2.720891
patchcore_wr50_10,zipper,0,gate,test,fabric_border,test/fabric_border/011.png,2.593352
patchcore_wr50_10,zipper,0,gate,test,fabric_border,test/fabric_border/012.png,2.582822
patchcore_wr50_10,zipper,0,gate,test,fabric_border,test/fabric_border/013.png,2.667631
patchcore_wr50_10,zipper,0,gate,test,fabric_border,test/fabric_border/014.png,2.690317
patchcore_wr50_10,zipper,0,gate,test,fabric_border,test/fabric_border/015.png,2.678135
patchcore_wr50_10,zipper,0,gate,test,fabric_border,test/fabric_border/016.png,2.856483
patchcore_wr50_10,zipper,0,gate,test,fabric_interior,test/fabric_interior/000.png,2.031365
patchcore_wr50_10,zipper,0,gate,test,fabric_interior,test/fabric_interior/001.png,1.492574
patchcore_wr50_10,zipper,0,gate,test,fabric_interior,test/fabric_interior/002.png,1.848934
patchcore_wr50_10,zipper,0,gate,test,fabric_interior,test/fabric_interior/003.png,2.041564
patchcore_wr50_10,zipper,0,gate,test,fabric_interior,test/fabric_interior/004.png,2.012220
patchcore_wr50_10,zipper,0,gate,test,fabric_interior,test/fabric_interior/005.png,1.768821
patchcore_wr50_10,zipper,0,gate,test,fabric_interior,test/fabric_interior/006.png,2.241320
patchcore_wr50_10,zipper,0,gate,test,fabric_interior,test/fabric_interior/007.png,1.323014
patchcore_wr50_10,zipper,0,gate,test,fabric_interior,test/fabric_interior/008.png,2.081951
patchcore_wr50_10,zipper,0,gate,test,fabric_interior,test/fabric_interior/009.png,2.007731
patchcore_wr50_10,zipper,0,gate,test,fabric_interior,test/fabric_interior/010.png,1.625497
patchcore_wr50_10,zipper,0,gate,test,fabric_interior,test/fabric_interior/011.png,1.886397
patchcore_wr50_10,zipper,0,gate,test,fabric_interior,test/fabric_interior/012.png,1.828035
patchcore_wr50_10,zipper,0,gate,test,fabric_interior,test/fabric_interior/013.png,2.230956
patchcore_wr50_10,zipper,0,gate,test,fabric_interior,test/fabric_interior/014.png,2.112040
patchcore_wr50_10,zipper,0,gate,test,fabric_interior,test/fabric_interior/015.png,1.855048
patchcore_wr50_10,zipper,0,gate,test,good,test/good/000.png,1.119814
patchcore_wr50_10,zipper,0,gate,test,good,test/good/001.png,1.244637
patchcore_wr50_10,zipper,0,gate,test,good,test/good/002.png,1.499735
patchcore_wr50_10,zipper,0,gate,test,good,test/good/003.png,1.477954
patchcore_wr50_10,zipper,0,gate,test,good,test/good/004.png,1.207253
patchcore_wr50_10,zipper,0,gate,test,good,test/good/005.png,1.270112
patchcore_wr50_10,zipper,0,gate,test,good,test/good/006.png,1.132946
patchcore_wr50_10,zipper,0,gate,test,good,test/good/007.png,1.201343
patchcore_wr50_10,zipper,0,gate,test,good,test/good/008.png,1.321976
patchcore_wr50_10,zipper,0,gate,test,good,test/good/009.png,1.111017
patchcore_wr50_10,zipper,0,gate,test,good,test/good/010.png,1.115974
patchcore_wr50_10,zipper,0,gate,test,good,test/good/011.png,1.132863
patchcore_wr50_10,zipper,0,gate,test,good,test/good/012.png,1.272505
patchcore_wr50_10,zipper,0,gate,test,good,test/good/013.png,1.110602
patchcore_wr50_10,zipper,0,gate,test,good,test/good/014.png,1.091509
patchcore_wr50_10,zipper,0,gate,test,good,test/good/015.png,1.205026
patchcore_wr50_10,zipper,0,gate,test,good,test/good/016.png,1.187169
patchcore_wr50_10,zipper,0,gate,test,good,test/good/017.png,1.252156
patchcore_wr50_10,zipper,0,gate,test,good,test/good/018.png,1.240634
patchcore_wr50_10,zipper,0,gate,test,good,test/good/019.png,1.190267
patchcore_wr50_10,zipper,0,gate,test,good,test/good/020.png,1.162734
patchcore_wr50_10,zipper,0,gate,test,good,test/good/021.png,1.396452
patchcore_wr50_10,zipper,0,gate,test,good,test/good/022.png,1.799422
patchcore_wr50_10,zipper,0,gate,test,good,test/good/023.png,1.199053
patchcore_wr50_10,zipper,0,gate,test,good,test/good/024.png,1.116393
patchcore_wr50_10,zipper,0,gate,test,good,test/good/025.png,1.197931
patchcore_wr50_10,zipper,0,gate,test,good,test/good/026.png,1.354352
patchcore_wr50_10,zipper,0,gate,test,good,test/good/027.png,1.382778
patchcore_wr50_10,zipper,0,gate,test,good,test/good/028.png,1.371505
patchcore_wr50_10,zipper,0,gate,test,good,test/good/029.png,1.395139
patchcore_wr50_10,zipper,0,gate,test,good,test/good/030.png,1.070476
patchcore_wr50_10,zipper,0,gate,test,good,test/good/031.png,1.114488
patchcore_wr50_10,zipper,0,gate,test,rough,test/rough/000.png,2.135741
patchcore_wr50_10,zipper,0,gate,test,rough,test/rough/001.png,2.094463
patchcore_wr50_10,zipper,0,gate,test,rough,test/rough/002.png,2.025959
patchcore_wr50_10,zipper,0,gate,test,rough,test/rough/003.png,2.384579
patchcore_wr50_10,zipper,0,gate,test,rough,test/rough/004.png,2.354219
patchcore_wr50_10,zipper,0,gate,test,rough,test/rough/005.png,1.903862
patchcore_wr50_10,zipper,0,gate,test,rough,test/rough/006.png,2.118734
patchcore_wr50_10,zipper,0,gate,test,rough,test/rough/007.png,1.876460
patchcore_wr50_10,zipper,0,gate,test,rough,test/rough/008.png,1.900866
patchcore_wr50_10,zipper,0,gate,test,rough,test/rough/009.png,2.117697
patchcore_wr50_10,zipper,0,gate,test,rough,test/rough/010.png,2.139583
patchcore_wr50_10,zipper,0,gate,test,rough,test/rough/011.png,2.344473
patchcore_wr50_10,zipper,0,gate,test,rough,test/rough/012.png,1.928012
patchcore_wr50_10,zipper,0,gate,test,rough,test/rough/013.png,2.116339
patchcore_wr50_10,zipper,0,gate,test,rough,test/rough/014.png,2.097769
patchcore_wr50_10,zipper,0,gate,test,rough,test/rough/015.png,2.287051
patchcore_wr50_10,zipper,0,gate,test,rough,test/rough/016.png,2.026675
patchcore_wr50_10,zipper,0,gate,test,split_teeth,test/split_teeth/000.png,1.861057
patchcore_wr50_10,zipper,0,gate,test,split_teeth,test/split_teeth/001.png,2.117436
patchcore_wr50_10,zipper,0,gate,test,split_teeth,test/split_teeth/002.png,2.215720
patchcore_wr50_10,zipper,0,gate,test,split_teeth,test/split_teeth/003.png,2.228711
patchcore_wr50_10,zipper,0,gate,test,split_teeth,test/split_teeth/004.png,2.888970
patchcore_wr50_10,zipper,0,gate,test,split_teeth,test/split_teeth/005.png,2.217994
patchcore_wr50_10,zipper,0,gate,test,split_teeth,test/split_teeth/006.png,2.057746
patchcore_wr50_10,zipper,0,gate,test,split_teeth,test/split_teeth/007.png,2.074600
patchcore_wr50_10,zipper,0,gate,test,split_teeth,test/split_teeth/008.png,1.933322
patchcore_wr50_10,zipper,0,gate,test,split_teeth,test/split_teeth/009.png,2.163940
patchcore_wr50_10,zipper,0,gate,test,split_teeth,test/split_teeth/010.png,2.336410
patchcore_wr50_10,zipper,0,gate,test,split_teeth,test/split_teeth/011.png,2.229454
patchcore_wr50_10,zipper,0,gate,test,split_teeth,test/split_teeth/012.png,2.499863
patchcore_wr50_10,zipper,0,gate,test,split_teeth,test/split_teeth/013.png,2.321605
patchcore_wr50_10,zipper,0,gate,test,split_teeth,test/split_teeth/014.png,2.311174
patchcore_wr50_10,zipper,0,gate,test,split_teeth,test/split_teeth/015.png,2.767797
patchcore_wr50_10,zipper,0,gate,test,split_teeth,test/split_teeth/016.png,2.392588
patchcore_wr50_10,zipper,0,gate,test,split_teeth,test/split_teeth/017.png,2.824512
patchcore_wr50_10,zipper,0,gate,test,squeezed_teeth,test/squeezed_teeth/000.png,2.044441
patchcore_wr50_10,zipper,0,gate,test,squeezed_teeth,test/squeezed_teeth/001.png,2.161737
patchcore_wr50_10,zipper,0,gate,test,squeezed_teeth,test/squeezed_teeth/002.png,2.368699
patchcore_wr50_10,zipper,0,gate,test,squeezed_teeth,test/squeezed_teeth/003.png,2.383752
patchcore_wr50_10,zipper,0,gate,test,squeezed_teeth,test/squeezed_teeth/004.png,1.643317
patchcore_wr50_10,zipper,0,gate,test,squeezed_teeth,test/squeezed_teeth/005.png,1.799139
patchcore_wr50_10,zipper,0,gate,test,squeezed_teeth,test/squeezed_teeth/006.png,1.995586
patchcore_wr50_10,zipper,0,gate,test,squeezed_teeth,test/squeezed_teeth/007.png,1.721120
patchcore_wr50_10,zipper,0,gate,test,squeezed_teeth,test/squeezed_teeth/008.png,1.597666
patchcore_wr50_10,zipper,0,gate,test,squeezed_teeth,test/squeezed_teeth/009.png,1.747007
patchcore_wr50_10,zipper,0,gate,test,squeezed_teeth,test/squeezed_teeth/010.png,2.136748
patchcore_wr50_10,zipper,0,gate,test,squeezed_teeth,test/squeezed_teeth/011.png,2.078028
patchcore_wr50_10,zipper,0,gate,test,squeezed_teeth,test/squeezed_teeth/012.png,1.641679
patchcore_wr50_10,zipper,0,gate,test,squeezed_teeth,test/squeezed_teeth/013.png,2.093449
patchcore_wr50_10,zipper,0,gate,test,squeezed_teeth,test/squeezed_teeth/014.png,2.399385
patchcore_wr50_10,zipper,0,gate,test,squeezed_teeth,test/squeezed_teeth/015.png,2.347757
patchcore_wr50_10,zipper,1,full,test,broken_teeth,test/broken_teeth/000.png,1.863701
patchcore_wr50_10,zipper,1,full,test,broken_teeth,test/broken_teeth/001.png,2.026788
patchcore_wr50_10,zipper,1,full,test,broken_teeth,test/broken_teeth/002.png,1.659806
patchcore_wr50_10,zipper,1,full,test,broken_teeth,test/broken_teeth/003.png,2.236221
patchcore_wr50_10,zipper,1,full,test,broken_teeth,test/broken_teeth/004.png,1.874969
patchcore_wr50_10,zipper,1,full,test,broken_teeth,test/broken_teeth/005.png,1.944726
patchcore_wr50_10,zipper,1,full,test,broken_teeth,test/broken_teeth/006.png,2.132011
patchcore_wr50_10,zipper,1,full,test,broken_teeth,test/broken_teeth/007.png,2.564610
patchcore_wr50_10,zipper,1,full,test,broken_teeth,test/broken_teeth/008.png,2.008849
patchcore_wr50_10,zipper,1,full,test,broken_teeth,test/broken_teeth/009.png,1.507976
patchcore_wr50_10,zipper,1,full,test,broken_teeth,test/broken_teeth/010.png,2.346980
patchcore_wr50_10,zipper,1,full,test,broken_teeth,test/broken_teeth/011.png,2.142154
patchcore_wr50_10,zipper,1,full,test,broken_teeth,test/broken_teeth/012.png,1.765943
patchcore_wr50_10,zipper,1,full,test,broken_teeth,test/broken_teeth/013.png,2.427552
patchcore_wr50_10,zipper,1,full,test,broken_teeth,test/broken_teeth/014.png,1.957385
patchcore_wr50_10,zipper,1,full,test,broken_teeth,test/broken_teeth/015.png,1.719013
patchcore_wr50_10,zipper,1,full,test,broken_teeth,test/broken_teeth/016.png,1.401835
patchcore_wr50_10,zipper,1,full,test,broken_teeth,test/broken_teeth/017.png,2.601973
patchcore_wr50_10,zipper,1,full,test,broken_teeth,test/broken_teeth/018.png,2.528861
patchcore_wr50_10,zipper,1,full,test,combined,test/combined/000.png,2.874594
patchcore_wr50_10,zipper,1,full,test,combined,test/combined/001.png,1.986412
patchcore_wr50_10,zipper,1,full,test,combined,test/combined/002.png,1.935704
patchcore_wr50_10,zipper,1,full,test,combined,test/combined/003.png,2.269667
patchcore_wr50_10,zipper,1,full,test,combined,test/combined/004.png,1.977142
patchcore_wr50_10,zipper,1,full,test,combined,test/combined/005.png,2.435341
patchcore_wr50_10,zipper,1,full,test,combined,test/combined/006.png,3.367899
patchcore_wr50_10,zipper,1,full,test,combined,test/combined/007.png,2.079908
patchcore_wr50_10,zipper,1,full,test,combined,test/combined/008.png,1.930365
patchcore_wr50_10,zipper,1,full,test,combined,test/combined/009.png,2.110101
patchcore_wr50_10,zipper,1,full,test,combined,test/combined/010.png,2.684402
patchcore_wr50_10,zipper,1,full,test,combined,test/combined/011.png,2.589990
patchcore_wr50_10,zipper,1,full,test,combined,test/combined/012.png,2.297400
patchcore_wr50_10,zipper,1,full,test,combined,test/combined/013.png,2.779669
patchcore_wr50_10,zipper,1,full,test,combined,test/combined/014.png,2.299955
patchcore_wr50_10,zipper,1,full,test,combined,test/combined/015.png,2.649412
patchcore_wr50_10,zipper,1,full,test,fabric_border,test/fabric_border/000.png,2.803757
patchcore_wr50_10,zipper,1,full,test,fabric_border,test/fabric_border/001.png,3.238629
patchcore_wr50_10,zipper,1,full,test,fabric_border,test/fabric_border/002.png,2.120150
patchcore_wr50_10,zipper,1,full,test,fabric_border,test/fabric_border/003.png,2.726690
patchcore_wr50_10,zipper,1,full,test,fabric_border,test/fabric_border/004.png,2.644465
patchcore_wr50_10,zipper,1,full,test,fabric_border,test/fabric_border/005.png,3.239679
patchcore_wr50_10,zipper,1,full,test,fabric_border,test/fabric_border/006.png,2.646904
patchcore_wr50_10,zipper,1,full,test,fabric_border,test/fabric_border/007.png,2.505710
patchcore_wr50_10,zipper,1,full,test,fabric_border,test/fabric_border/008.png,2.671443
patchcore_wr50_10,zipper,1,full,test,fabric_border,test/fabric_border/009.png,2.903313
patchcore_wr50_10,zipper,1,full,test,fabric_border,test/fabric_border/010.png,2.652411
patchcore_wr50_10,zipper,1,full,test,fabric_border,test/fabric_border/011.png,2.564632
patchcore_wr50_10,zipper,1,full,test,fabric_border,test/fabric_border/012.png,2.582822
patchcore_wr50_10,zipper,1,full,test,fabric_border,test/fabric_border/013.png,2.724446
patchcore_wr50_10,zipper,1,full,test,fabric_border,test/fabric_border/014.png,2.718094
patchcore_wr50_10,zipper,1,full,test,fabric_border,test/fabric_border/015.png,2.678135
patchcore_wr50_10,zipper,1,full,test,fabric_border,test/fabric_border/016.png,2.856483
patchcore_wr50_10,zipper,1,full,test,fabric_interior,test/fabric_interior/000.png,2.030955
patchcore_wr50_10,zipper,1,full,test,fabric_interior,test/fabric_interior/001.png,1.490588
patchcore_wr50_10,zipper,1,full,test,fabric_interior,test/fabric_interior/002.png,1.848934
patchcore_wr50_10,zipper,1,full,test,fabric_interior,test/fabric_interior/003.png,2.043257
patchcore_wr50_10,zipper,1,full,test,fabric_interior,test/fabric_interior/004.png,2.018360
patchcore_wr50_10,zipper,1,full,test,fabric_interior,test/fabric_interior/005.png,1.625723
patchcore_wr50_10,zipper,1,full,test,fabric_interior,test/fabric_interior/006.png,2.241014
patchcore_wr50_10,zipper,1,full,test,fabric_interior,test/fabric_interior/007.png,1.322244
patchcore_wr50_10,zipper,1,full,test,fabric_interior,test/fabric_interior/008.png,2.075469
patchcore_wr50_10,zipper,1,full,test,fabric_interior,test/fabric_interior/009.png,1.955181
patchcore_wr50_10,zipper,1,full,test,fabric_interior,test/fabric_interior/010.png,1.689847
patchcore_wr50_10,zipper,1,full,test,fabric_interior,test/fabric_interior/011.png,1.872506
patchcore_wr50_10,zipper,1,full,test,fabric_interior,test/fabric_interior/012.png,1.786473
patchcore_wr50_10,zipper,1,full,test,fabric_interior,test/fabric_interior/013.png,2.208866
patchcore_wr50_10,zipper,1,full,test,fabric_interior,test/fabric_interior/014.png,2.147080
patchcore_wr50_10,zipper,1,full,test,fabric_interior,test/fabric_interior/015.png,1.893082
patchcore_wr50_10,zipper,1,full,test,good,test/good/000.png,1.086733
patchcore_wr50_10,zipper,1,full,test,good,test/good/001.png,1.211185
patchcore_wr50_10,zipper,1,full,test,good,test/good/002.png,1.414885
patchcore_wr50_10,zipper,1,full,test,good,test/good/003.png,1.477954
patchcore_wr50_10,zipper,1,full,test,good,test/good/004.png,1.220746
patchcore_wr50_10,zipper,1,full,test,good,test/good/005.png,1.228924
patchcore_wr50_10,zipper,1,full,test,good,test/good/006.png,1.106079
patchcore_wr50_10,zipper,1,full,test,good,test/good/007.png,1.228297
patchcore_wr50_10,zipper,1,full,test,good,test/good/008.png,1.244638
patchcore_wr50_10,zipper,1,full,test,good,test/good/009.png,1.076951
patchcore_wr50_10,zipper,1,full,test,good,test/good/010.png,1.163648
patchcore_wr50_10,zipper,1,full,test,good,test/good/011.png,1.143956
patchcore_wr50_10,zipper,1,full,test,good,test/good/012.png,1.255707
patchcore_wr50_10,zipper,1,full,test,good,test/good/013.png,1.144308
patchcore_wr50_10,zipper,1,full,test,good,test/good/014.png,1.074993
patchcore_wr50_10,zipper,1,full,test,good,test/good/015.png,1.234755
patchcore_wr50_10,zipper,1,full,test,good,test/good/016.png,1.179392
patchcore_wr50_10,zipper,1,full,test,good,test/good/017.png,1.206149
patchcore_wr50_10,zipper,1,full,test,good,test/good/018.png,1.208292
patchcore_wr50_10,zipper,1,full,test,good,test/good/019.png,1.147677
patchcore_wr50_10,zipper,1,full,test,good,test/good/020.png,1.152273
patchcore_wr50_10,zipper,1,full,test,good,test/good/021.png,1.342108
patchcore_wr50_10,zipper,1,full,test,good,test/good/022.png,1.770712
patchcore_wr50_10,zipper,1,full,test,good,test/good/023.png,1.185777
patchcore_wr50_10,zipper,1,full,test,good,test/good/024.png,1.057925
patchcore_wr50_10,zipper,1,full,test,good,test/good/025.png,1.300324
patchcore_wr50_10,zipper,1,full,test,good,test/good/026.png,1.379432
patchcore_wr50_10,zipper,1,full,test,good,test/good/027.png,1.380962
patchcore_wr50_10,zipper,1,full,test,good,test/good/028.png,1.293109
patchcore_wr50_10,zipper,1,full,test,good,test/good/029.png,1.395139
patchcore_wr50_10,zipper,1,full,test,good,test/good/030.png,1.067618
patchcore_wr50_10,zipper,1,full,test,good,test/good/031.png,1.119139
patchcore_wr50_10,zipper,1,full,test,rough,test/rough/000.png,2.135741
patchcore_wr50_10,zipper,1,full,test,rough,test/rough/001.png,2.119999
patchcore_wr50_10,zipper,1,full,test,rough,test/rough/002.png,2.036387
patchcore_wr50_10,zipper,1,full,test,rough,test/rough/003.png,2.345621
patchcore_wr50_10,zipper,1,full,test,rough,test/rough/004.png,2.366555
patchcore_wr50_10,zipper,1,full,test,rough,test/rough/005.png,1.829082
patchcore_wr50_10,zipper,1,full,test,rough,test/rough/006.png,2.062785
patchcore_wr50_10,zipper,1,full,test,rough,test/rough/007.png,1.879770
patchcore_wr50_10,zipper,1,full,test,rough,test/rough/008.png,1.849175
patchcore_wr50_10,zipper,1,full,test,rough,test/rough/009.png,2.096143
patchcore_wr50_10,zipper,1,full,test,rough,test/rough/010.png,2.093872
patchcore_wr50_10,zipper,1,full,test,rough,test/rough/011.png,2.294573
patchcore_wr50_10,zipper,1,full,test,rough,test/rough/012.png,1.927105
patchcore_wr50_10,zipper,1,full,test,rough,test/rough/013.png,2.060839
patchcore_wr50_10,zipper,1,full,test,rough,test/rough/014.png,2.057087
patchcore_wr50_10,zipper,1,full,test,rough,test/rough/015.png,2.377196
patchcore_wr50_10,zipper,1,full,test,rough,test/rough/016.png,2.026675
patchcore_wr50_10,zipper,1,full,test,split_teeth,test/split_teeth/000.png,1.847626
patchcore_wr50_10,zipper,1,full,test,split_teeth,test/split_teeth/001.png,2.124078
patchcore_wr50_10,zipper,1,full,test,split_teeth,test/split_teeth/002.png,2.237091
patchcore_wr50_10,zipper,1,full,test,split_teeth,test/split_teeth/003.png,2.286721
patchcore_wr50_10,zipper,1,full,test,split_teeth,test/split_teeth/004.png,2.870666
patchcore_wr50_10,zipper,1,full,test,split_teeth,test/split_teeth/005.png,2.215000
patchcore_wr50_10,zipper,1,full,test,split_teeth,test/split_teeth/006.png,2.015820
patchcore_wr50_10,zipper,1,full,test,split_teeth,test/split_teeth/007.png,2.045047
patchcore_wr50_10,zipper,1,full,test,split_teeth,test/split_teeth/008.png,1.881573
patchcore_wr50_10,zipper,1,full,test,split_teeth,test/split_teeth/009.png,2.161356
patchcore_wr50_10,zipper,1,full,test,split_teeth,test/split_teeth/010.png,2.340794
patchcore_wr50_10,zipper,1,full,test,split_teeth,test/split_teeth/011.png,2.229454
patchcore_wr50_10,zipper,1,full,test,split_teeth,test/split_teeth/012.png,2.454273
patchcore_wr50_10,zipper,1,full,test,split_teeth,test/split_teeth/013.png,2.344067
patchcore_wr50_10,zipper,1,full,test,split_teeth,test/split_teeth/014.png,2.285943
patchcore_wr50_10,zipper,1,full,test,split_teeth,test/split_teeth/015.png,2.761358
patchcore_wr50_10,zipper,1,full,test,split_teeth,test/split_teeth/016.png,2.373153
patchcore_wr50_10,zipper,1,full,test,split_teeth,test/split_teeth/017.png,2.768958
patchcore_wr50_10,zipper,1,full,test,squeezed_teeth,test/squeezed_teeth/000.png,2.014472
patchcore_wr50_10,zipper,1,full,test,squeezed_teeth,test/squeezed_teeth/001.png,2.150112
patchcore_wr50_10,zipper,1,full,test,squeezed_teeth,test/squeezed_teeth/002.png,2.360173
patchcore_wr50_10,zipper,1,full,test,squeezed_teeth,test/squeezed_teeth/003.png,2.356406
patchcore_wr50_10,zipper,1,full,test,squeezed_teeth,test/squeezed_teeth/004.png,1.643317
patchcore_wr50_10,zipper,1,full,test,squeezed_teeth,test/squeezed_teeth/005.png,1.754555
patchcore_wr50_10,zipper,1,full,test,squeezed_teeth,test/squeezed_teeth/006.png,1.981725
patchcore_wr50_10,zipper,1,full,test,squeezed_teeth,test/squeezed_teeth/007.png,1.714067
patchcore_wr50_10,zipper,1,full,test,squeezed_teeth,test/squeezed_teeth/008.png,1.489584
patchcore_wr50_10,zipper,1,full,test,squeezed_teeth,test/squeezed_teeth/009.png,1.751295
patchcore_wr50_10,zipper,1,full,test,squeezed_teeth,test/squeezed_teeth/010.png,2.131462
patchcore_wr50_10,zipper,1,full,test,squeezed_teeth,test/squeezed_teeth/011.png,2.062547
patchcore_wr50_10,zipper,1,full,test,squeezed_teeth,test/squeezed_teeth/012.png,1.655426
patchcore_wr50_10,zipper,1,full,test,squeezed_teeth,test/squeezed_teeth/013.png,2.070907
patchcore_wr50_10,zipper,1,full,test,squeezed_teeth,test/squeezed_teeth/014.png,2.366416
patchcore_wr50_10,zipper,1,full,test,squeezed_teeth,test/squeezed_teeth/015.png,2.347757
patchcore_wr50_10,zipper,1,gate,calibration,good,train/good/001.png,1.218968
patchcore_wr50_10,zipper,1,gate,calibration,good,train/good/005.png,1.185245
patchcore_wr50_10,zipper,1,gate,calibration,good,train/good/007.png,1.057303
patchcore_wr50_10,zipper,1,gate,calibration,good,train/good/008.png,1.090572
patchcore_wr50_10,zipper,1,gate,calibration,good,train/good/013.png,1.202473
patchcore_wr50_10,zipper,1,gate,calibration,good,train/good/014.png,1.140050
patchcore_wr50_10,zipper,1,gate,calibration,good,train/good/019.png,1.139410
patchcore_wr50_10,zipper,1,gate,calibration,good,train/good/020.png,1.085345
patchcore_wr50_10,zipper,1,gate,calibration,good,train/good/021.png,1.025432
patchcore_wr50_10,zipper,1,gate,calibration,good,train/good/022.png,1.101595
patchcore_wr50_10,zipper,1,gate,calibration,good,train/good/023.png,1.054221
patchcore_wr50_10,zipper,1,gate,calibration,good,train/good/024.png,1.251266
patchcore_wr50_10,zipper,1,gate,calibration,good,train/good/029.png,1.023892
patchcore_wr50_10,zipper,1,gate,calibration,good,train/good/031.png,1.036007
patchcore_wr50_10,zipper,1,gate,calibration,good,train/good/043.png,1.142351
patchcore_wr50_10,zipper,1,gate,calibration,good,train/good/052.png,1.026310
patchcore_wr50_10,zipper,1,gate,calibration,good,train/good/059.png,1.096309
patchcore_wr50_10,zipper,1,gate,calibration,good,train/good/063.png,1.272229
patchcore_wr50_10,zipper,1,gate,calibration,good,train/good/070.png,1.154124
patchcore_wr50_10,zipper,1,gate,calibration,good,train/good/078.png,1.090600
patchcore_wr50_10,zipper,1,gate,calibration,good,train/good/086.png,1.054210
patchcore_wr50_10,zipper,1,gate,calibration,good,train/good/088.png,1.149488
patchcore_wr50_10,zipper,1,gate,calibration,good,train/good/099.png,1.066254
patchcore_wr50_10,zipper,1,gate,calibration,good,train/good/105.png,1.035011
patchcore_wr50_10,zipper,1,gate,calibration,good,train/good/108.png,1.163295
patchcore_wr50_10,zipper,1,gate,calibration,good,train/good/111.png,1.076407
patchcore_wr50_10,zipper,1,gate,calibration,good,train/good/113.png,1.059892
patchcore_wr50_10,zipper,1,gate,calibration,good,train/good/124.png,1.079078
patchcore_wr50_10,zipper,1,gate,calibration,good,train/good/125.png,1.128242
patchcore_wr50_10,zipper,1,gate,calibration,good,train/good/130.png,1.118098
patchcore_wr50_10,zipper,1,gate,calibration,good,train/good/134.png,1.313502
patchcore_wr50_10,zipper,1,gate,calibration,good,train/good/140.png,1.310501
patchcore_wr50_10,zipper,1,gate,calibration,good,train/good/143.png,1.298739
patchcore_wr50_10,zipper,1,gate,calibration,good,train/good/156.png,1.069668
patchcore_wr50_10,zipper,1,gate,calibration,good,train/good/157.png,1.036241
patchcore_wr50_10,zipper,1,gate,calibration,good,train/good/166.png,1.066412
patchcore_wr50_10,zipper,1,gate,calibration,good,train/good/171.png,1.151233
patchcore_wr50_10,zipper,1,gate,calibration,good,train/good/173.png,1.282740
patchcore_wr50_10,zipper,1,gate,calibration,good,train/good/177.png,1.186533
patchcore_wr50_10,zipper,1,gate,calibration,good,train/good/182.png,1.177891
patchcore_wr50_10,zipper,1,gate,calibration,good,train/good/190.png,1.213211
patchcore_wr50_10,zipper,1,gate,calibration,good,train/good/191.png,1.045312
patchcore_wr50_10,zipper,1,gate,calibration,good,train/good/204.png,1.222366
patchcore_wr50_10,zipper,1,gate,calibration,good,train/good/211.png,1.078415
patchcore_wr50_10,zipper,1,gate,calibration,good,train/good/213.png,1.138746
patchcore_wr50_10,zipper,1,gate,calibration,good,train/good/219.png,1.067238
patchcore_wr50_10,zipper,1,gate,calibration,good,train/good/222.png,1.155103
patchcore_wr50_10,zipper,1,gate,calibration,good,train/good/237.png,1.117532
patchcore_wr50_10,zipper,1,gate,test,broken_teeth,test/broken_teeth/000.png,1.871466
patchcore_wr50_10,zipper,1,gate,test,broken_teeth,test/broken_teeth/001.png,2.059432
patchcore_wr50_10,zipper,1,gate,test,broken_teeth,test/broken_teeth/002.png,1.683981
patchcore_wr50_10,zipper,1,gate,test,broken_teeth,test/broken_teeth/003.png,2.236221
patchcore_wr50_10,zipper,1,gate,test,broken_teeth,test/broken_teeth/004.png,1.911658
patchcore_wr50_10,zipper,1,gate,test,broken_teeth,test/broken_teeth/005.png,1.944726
patchcore_wr50_10,zipper,1,gate,test,broken_teeth,test/broken_teeth/006.png,2.164707
patchcore_wr50_10,zipper,1,gate,test,broken_teeth,test/broken_teeth/007.png,2.526891
patchcore_wr50_10,zipper,1,gate,test,broken_teeth,test/broken_teeth/008.png,2.008849
patchcore_wr50_10,zipper,1,gate,test,broken_teeth,test/broken_teeth/009.png,1.608140
patchcore_wr50_10,zipper,1,gate,test,broken_teeth,test/broken_teeth/010.png,2.346980
patchcore_wr50_10,zipper,1,gate,test,broken_teeth,test/broken_teeth/011.png,2.142154
patchcore_wr50_10,zipper,1,gate,test,broken_teeth,test/broken_teeth/012.png,1.765943
patchcore_wr50_10,zipper,1,gate,test,broken_teeth,test/broken_teeth/013.png,2.419242
patchcore_wr50_10,zipper,1,gate,test,broken_teeth,test/broken_teeth/014.png,1.976295
patchcore_wr50_10,zipper,1,gate,test,broken_teeth,test/broken_teeth/015.png,1.677466
patchcore_wr50_10,zipper,1,gate,test,broken_teeth,test/broken_teeth/016.png,1.424215
patchcore_wr50_10,zipper,1,gate,test,broken_teeth,test/broken_teeth/017.png,2.617454
patchcore_wr50_10,zipper,1,gate,test,broken_teeth,test/broken_teeth/018.png,2.528861
patchcore_wr50_10,zipper,1,gate,test,combined,test/combined/000.png,2.902486
patchcore_wr50_10,zipper,1,gate,test,combined,test/combined/001.png,2.008788
patchcore_wr50_10,zipper,1,gate,test,combined,test/combined/002.png,1.935704
patchcore_wr50_10,zipper,1,gate,test,combined,test/combined/003.png,2.269667
patchcore_wr50_10,zipper,1,gate,test,combined,test/combined/004.png,1.955025
patchcore_wr50_10,zipper,1,gate,test,combined,test/combined/005.png,2.435341
patchcore_wr50_10,zipper,1,gate,test,combined,test/combined/006.png,3.388396
patchcore_wr50_10,zipper,1,gate,test,combined,test/combined/007.png,2.056252
patchcore_wr50_10,zipper,1,gate,test,combined,test/combined/008.png,1.983134
patchcore_wr50_10,zipper,1,gate,test,combined,test/combined/009.png,2.068840
patchcore_wr50_10,zipper,1,gate,test,combined,test/combined/010.png,2.684402
patchcore_wr50_10,zipper,1,gate,test,combined,test/combined/011.png,2.597598
patchcore_wr50_10,zipper,1,gate,test,combined,test/combined/012.png,2.294582
patchcore_wr50_10,zipper,1,gate,test,combined,test/combined/013.png,2.809765
patchcore_wr50_10,zipper,1,gate,test,combined,test/combined/014.png,2.299955
patchcore_wr50_10,zipper,1,gate,test,combined,test/combined/015.png,2.649412
patchcore_wr50_10,zipper,1,gate,test,fabric_border,test/fabric_border/000.png,2.803757
patchcore_wr50_10,zipper,1,gate,test,fabric_border,test/fabric_border/001.png,3.207224
patchcore_wr50_10,zipper,1,gate,test,fabric_border,test/fabric_border/002.png,2.140367
patchcore_wr50_10,zipper,1,gate,test,fabric_border,test/fabric_border/003.png,2.710106
patchcore_wr50_10,zipper,1,gate,test,fabric_border,test/fabric_border/004.png,2.626661
patchcore_wr50_10,zipper,1,gate,test,fabric_border,test/fabric_border/005.png,3.239679
patchcore_wr50_10,zipper,1,gate,test,fabric_border,test/fabric_border/006.png,2.646904
patchcore_wr50_10,zipper,1,gate,test,fabric_border,test/fabric_border/007.png,2.505710
patchcore_wr50_10,zipper,1,gate,test,fabric_border,test/fabric_border/008.png,2.641323
patchcore_wr50_10,zipper,1,gate,test,fabric_border,test/fabric_border/009.png,2.903313
patchcore_wr50_10,zipper,1,gate,test,fabric_border,test/fabric_border/010.png,2.720891
patchcore_wr50_10,zipper,1,gate,test,fabric_border,test/fabric_border/011.png,2.541658
patchcore_wr50_10,zipper,1,gate,test,fabric_border,test/fabric_border/012.png,2.617002
patchcore_wr50_10,zipper,1,gate,test,fabric_border,test/fabric_border/013.png,2.702874
patchcore_wr50_10,zipper,1,gate,test,fabric_border,test/fabric_border/014.png,2.690317
patchcore_wr50_10,zipper,1,gate,test,fabric_border,test/fabric_border/015.png,2.678135
patchcore_wr50_10,zipper,1,gate,test,fabric_border,test/fabric_border/016.png,2.849625
patchcore_wr50_10,zipper,1,gate,test,fabric_interior,test/fabric_interior/000.png,2.009553
patchcore_wr50_10,zipper,1,gate,test,fabric_interior,test/fabric_interior/001.png,1.506470
patchcore_wr50_10,zipper,1,gate,test,fabric_interior,test/fabric_interior/002.png,1.848934
patchcore_wr50_10,zipper,1,gate,test,fabric_interior,test/fabric_interior/003.png,2.058288
patchcore_wr50_10,zipper,1,gate,test,fabric_interior,test/fabric_interior/004.png,2.010874
patchcore_wr50_10,zipper,1,gate,test,fabric_interior,test/fabric_interior/005.png,1.666566
patchcore_wr50_10,zipper,1,gate,test,fabric_interior,test/fabric_interior/006.png,2.263775
patchcore_wr50_10,zipper,1,gate,test,fabric_interior,test/fabric_interior/007.png,1.295998
patchcore_wr50_10,zipper,1,gate,test,fabric_interior,test/fabric_interior/008.png,2.075469
patchcore_wr50_10,zipper,1,gate,test,fabric_interior,test/fabric_interior/009.png,2.014931
patchcore_wr50_10,zipper,1,gate,test,fabric_interior,test/fabric_interior/010.png,1.620791
patchcore_wr50_10,zipper,1,gate,test,fabric_interior,test/fabric_interior/011.png,1.883854
patchcore_wr50_10,zipper,1,gate,test,fabric_interior,test/fabric_interior/012.png,1.799678
patchcore_wr50_10,zipper,1,gate,test,fabric_interior,test/fabric_interior/013.png,2.208866
patchcore_wr50_10,zipper,1,gate,test,fabric_interior,test/fabric_interior/014.png,2.147080
patchcore_wr50_10,zipper,1,gate,test,fabric_interior,test/fabric_interior/015.png,1.862554
patchcore_wr50_10,zipper,1,gate,test,good,test/good/000.png,1.113971
patchcore_wr50_10,zipper,1,gate,test,good,test/good/001.png,1.231657
patchcore_wr50_10,zipper,1,gate,test,good,test/good/002.png,1.451904
patchcore_wr50_10,zipper,1,gate,test,good,test/good/003.png,1.464711
patchcore_wr50_10,zipper,1,gate,test,good,test/good/004.png,1.231053
patchcore_wr50_10,zipper,1,gate,test,good,test/good/005.png,1.243376
patchcore_wr50_10,zipper,1,gate,test,good,test/good/006.png,1.137785
patchcore_wr50_10,zipper,1,gate,test,good,test/good/007.png,1.238217
patchcore_wr50_10,zipper,1,gate,test,good,test/good/008.png,1.214856
patchcore_wr50_10,zipper,1,gate,test,good,test/good/009.png,1.107652
patchcore_wr50_10,zipper,1,gate,test,good,test/good/010.png,1.092921
patchcore_wr50_10,zipper,1,gate,test,good,test/good/011.png,1.136692
patchcore_wr50_10,zipper,1,gate,test,good,test/good/012.png,1.251976
patchcore_wr50_10,zipper,1,gate,test,good,test/good/013.png,1.104868
patchcore_wr50_10,zipper,1,gate,test,good,test/good/014.png,1.076216
patchcore_wr50_10,zipper,1,gate,test,good,test/good/015.png,1.238370
patchcore_wr50_10,zipper,1,gate,test,good,test/good/016.png,1.186752
patchcore_wr50_10,zipper,1,gate,test,good,test/good/017.png,1.205895
patchcore_wr50_10,zipper,1,gate,test,good,test/good/018.png,1.215505
patchcore_wr50_10,zipper,1,gate,test,good,test/good/019.png,1.190267
patchcore_wr50_10,zipper,1,gate,test,good,test/good/020.png,1.169718
patchcore_wr50_10,zipper,1,gate,test,good,test/good/021.png,1.368482
patchcore_wr50_10,zipper,1,gate,test,good,test/good/022.png,1.783805
patchcore_wr50_10,zipper,1,gate,test,good,test/good/023.png,1.165739
patchcore_wr50_10,zipper,1,gate,test,good,test/good/024.png,1.177885
patchcore_wr50_10,zipper,1,gate,test,good,test/good/025.png,1.249454
patchcore_wr50_10,zipper,1,gate,test,good,test/good/026.png,1.344702
patchcore_wr50_10,zipper,1,gate,test,good,test/good/027.png,1.463562
patchcore_wr50_10,zipper,1,gate,test,good,test/good/028.png,1.304728
patchcore_wr50_10,zipper,1,gate,test,good,test/good/029.png,1.371597
patchcore_wr50_10,zipper,1,gate,test,good,test/good/030.png,1.063040
patchcore_wr50_10,zipper,1,gate,test,good,test/good/031.png,1.097611
patchcore_wr50_10,zipper,1,gate,test,rough,test/rough/000.png,2.135741
patchcore_wr50_10,zipper,1,gate,test,rough,test/rough/001.png,2.095579
patchcore_wr50_10,zipper,1,gate,test,rough,test/rough/002.png,1.922129
patchcore_wr50_10,zipper,1,gate,test,rough,test/rough/003.png,2.335407
patchcore_wr50_10,zipper,1,gate,test,rough,test/rough/004.png,2.366555
patchcore_wr50_10,zipper,1,gate,test,rough,test/rough/005.png,1.815499
patchcore_wr50_10,zipper,1,gate,test,rough,test/rough/006.png,2.062785
patchcore_wr50_10,zipper,1,gate,test,rough,test/rough/007.png,1.898633
patchcore_wr50_10,zipper,1,gate,test,rough,test/rough/008.png,1.837024
patchcore_wr50_10,zipper,1,gate,test,rough,test/rough/009.png,2.096143
patchcore_wr50_10,zipper,1,gate,test,rough,test/rough/010.png,2.093872
patchcore_wr50_10,zipper,1,gate,test,rough,test/rough/011.png,2.313964
patchcore_wr50_10,zipper,1,gate,test,rough,test/rough/012.png,1.915609
patchcore_wr50_10,zipper,1,gate,test,rough,test/rough/013.png,2.060839
patchcore_wr50_10,zipper,1,gate,test,rough,test/rough/014.png,2.067363
patchcore_wr50_10,zipper,1,gate,test,rough,test/rough/015.png,2.313346
patchcore_wr50_10,zipper,1,gate,test,rough,test/rough/016.png,2.026675
patchcore_wr50_10,zipper,1,gate,test,split_teeth,test/split_teeth/000.png,1.762896
patchcore_wr50_10,zipper,1,gate,test,split_teeth,test/split_teeth/001.png,2.121277
patchcore_wr50_10,zipper,1,gate,test,split_teeth,test/split_teeth/002.png,2.214671
patchcore_wr50_10,zipper,1,gate,test,split_teeth,test/split_teeth/003.png,2.228711
patchcore_wr50_10,zipper,1,gate,test,split_teeth,test/split_teeth/004.png,2.871154
patchcore_wr50_10,zipper,1,gate,test,split_teeth,test/split_teeth/005.png,2.215000
patchcore_wr50_10,zipper,1,gate,test,split_teeth,test/split_teeth/006.png,2.002142
patchcore_wr50_10,zipper,1,gate,test,split_teeth,test/split_teeth/007.png,2.065710
patchcore_wr50_10,zipper,1,gate,test,split_teeth,test/split_teeth/008.png,1.881573
patchcore_wr50_10,zipper,1,gate,test,split_teeth,test/split_teeth/009.png,2.138066
patchcore_wr50_10,zipper,1,gate,test,split_teeth,test/split_teeth/010.png,2.362968
patchcore_wr50_10,zipper,1,gate,test,split_teeth,test/split_teeth/011.png,2.219955
patchcore_wr50_10,zipper,1,gate,test,split_teeth,test/split_teeth/012.png,2.454273
patchcore_wr50_10,zipper,1,gate,test,split_teeth,test/split_teeth/013.png,2.296341
patchcore_wr50_10,zipper,1,gate,test,split_teeth,test/split_teeth/014.png,2.296806
patchcore_wr50_10,zipper,1,gate,test,split_teeth,test/split_teeth/015.png,2.761358
patchcore_wr50_10,zipper,1,gate,test,split_teeth,test/split_teeth/016.png,2.392588
patchcore_wr50_10,zipper,1,gate,test,split_teeth,test/split_teeth/017.png,2.765033
patchcore_wr50_10,zipper,1,gate,test,squeezed_teeth,test/squeezed_teeth/000.png,1.989654
patchcore_wr50_10,zipper,1,gate,test,squeezed_teeth,test/squeezed_teeth/001.png,2.118275
patchcore_wr50_10,zipper,1,gate,test,squeezed_teeth,test/squeezed_teeth/002.png,2.303471
patchcore_wr50_10,zipper,1,gate,test,squeezed_teeth,test/squeezed_teeth/003.png,2.326972
patchcore_wr50_10,zipper,1,gate,test,squeezed_teeth,test/squeezed_teeth/004.png,1.668189
patchcore_wr50_10,zipper,1,gate,test,squeezed_teeth,test/squeezed_teeth/005.png,1.754555
patchcore_wr50_10,zipper,1,gate,test,squeezed_teeth,test/squeezed_teeth/006.png,1.964038
patchcore_wr50_10,zipper,1,gate,test,squeezed_teeth,test/squeezed_teeth/007.png,1.738214
patchcore_wr50_10,zipper,1,gate,test,squeezed_teeth,test/squeezed_teeth/008.png,1.543143
patchcore_wr50_10,zipper,1,gate,test,squeezed_teeth,test/squeezed_teeth/009.png,1.751295
patchcore_wr50_10,zipper,1,gate,test,squeezed_teeth,test/squeezed_teeth/010.png,2.134055
patchcore_wr50_10,zipper,1,gate,test,squeezed_teeth,test/squeezed_teeth/011.png,2.062547
patchcore_wr50_10,zipper,1,gate,test,squeezed_teeth,test/squeezed_teeth/012.png,1.578996
patchcore_wr50_10,zipper,1,gate,test,squeezed_teeth,test/squeezed_teeth/013.png,2.070907
patchcore_wr50_10,zipper,1,gate,test,squeezed_teeth,test/squeezed_teeth/014.png,2.340052
patchcore_wr50_10,zipper,1,gate,test,squeezed_teeth,test/squeezed_teeth/015.png,2.393946
patchcore_wr50_10,zipper,2,full,test,broken_teeth,test/broken_teeth/000.png,1.879834
patchcore_wr50_10,zipper,2,full,test,broken_teeth,test/broken_teeth/001.png,1.996437
patchcore_wr50_10,zipper,2,full,test,broken_teeth,test/broken_teeth/002.png,1.676371
patchcore_wr50_10,zipper,2,full,test,broken_teeth,test/broken_teeth/003.png,2.201282
patchcore_wr50_10,zipper,2,full,test,broken_teeth,test/broken_teeth/004.png,1.874969
patchcore_wr50_10,zipper,2,full,test,broken_teeth,test/broken_teeth/005.png,1.979231
patchcore_wr50_10,zipper,2,full,test,broken_teeth,test/broken_teeth/006.png,2.132011
patchcore_wr50_10,zipper,2,full,test,broken_teeth,test/broken_teeth/007.png,2.527706
patchcore_wr50_10,zipper,2,full,test,broken_teeth,test/broken_teeth/008.png,2.008849
patchcore_wr50_10,zipper,2,full,test,broken_teeth,test/broken_teeth/009.png,1.566815
patchcore_wr50_10,zipper,2,full,test,broken_teeth,test/broken_teeth/010.png,2.348783
patchcore_wr50_10,zipper,2,full,test,broken_teeth,test/broken_teeth/011.png,2.142154
patchcore_wr50_10,zipper,2,full,test,broken_teeth,test/broken_teeth/012.png,1.752911
patchcore_wr50_10,zipper,2,full,test,broken_teeth,test/broken_teeth/013.png,2.416116
patchcore_wr50_10,zipper,2,full,test,broken_teeth,test/broken_teeth/014.png,1.976295
patchcore_wr50_10,zipper,2,full,test,broken_teeth,test/broken_teeth/015.png,1.739681
patchcore_wr50_10,zipper,2,full,test,broken_teeth,test/broken_teeth/016.png,1.411576
patchcore_wr50_10,zipper,2,full,test,broken_teeth,test/broken_teeth/017.png,2.625540
patchcore_wr50_10,zipper,2,full,test,broken_teeth,test/broken_teeth/018.png,2.552160
patchcore_wr50_10,zipper,2,full,test,combined,test/combined/000.png,2.883144
patchcore_wr50_10,zipper,2,full,test,combined,test/combined/001.png,2.022266
patchcore_wr50_10,zipper,2,full,test,combined,test/combined/002.png,1.921074
patchcore_wr50_10,zipper,2,full,test,combined,test/combined/003.png,2.289997
patchcore_wr50_10,zipper,2,full,test,combined,test/combined/004.png,1.955025
patchcore_wr50_10,zipper,2,full,test,combined,test/combined/005.png,2.452809
patchcore_wr50_10,zipper,2,full,test,combined,test/combined/006.png,3.388396
patchcore_wr50_10,zipper,2,full,test,combined,test/combined/007.png,2.056252
patchcore_wr50_10,zipper,2,full,test,combined,test/combined/008.png,1.958994
patchcore_wr50_10,zipper,2,full,test,combined,test/combined/009.png,2.089035
patchcore_wr50_10,zipper,2,full,test,combined,test/combined/010.png,2.684402
patchcore_wr50_10,zipper,2,full,test,combined,test/combined/011.png,2.595212
patchcore_wr50_10,zipper,2,full,test,combined,test/combined/012.png,2.287167
patchcore_wr50_10,zipper,2,full,test,combined,test/combined/013.png,2.813004
patchcore_wr50_10,zipper,2,full,test,combined,test/combined/014.png,2.315261
patchcore_wr50_10,zipper,2,full,test,combined,test/combined/015.png,2.680426
patchcore_wr50_10,zipper,2,full,test,fabric_border,test/fabric_border/000.png,2.766434
patchcore_wr50_10,zipper,2,full,test,fabric_border,test/fabric_border/001.png,3.207224
patchcore_wr50_10,zipper,2,full,test,fabric_border,test/fabric_border/002.png,2.144525
patchcore_wr50_10,zipper,2,full,test,fabric_border,test/fabric_border/003.png,2.726690
patchcore_wr50_10,zipper,2,full,test,fabric_border,test/fabric_border/004.png,2.650049
patchcore_wr50_10,zipper,2,full,test,fabric_border,test/fabric_border/005.png,3.253029
patchcore_wr50_10,zipper,2,full,test,fabric_border,test/fabric_border/006.png,2.646904
patchcore_wr50_10,zipper,2,full,test,fabric_border,test/fabric_border/007.png,2.522700
patchcore_wr50_10,zipper,2,full,test,fabric_border,test/fabric_border/008.png,2.648762
patchcore_wr50_10,zipper,2,full,test,fabric_border,test/fabric_border/009.png,2.903394
patchcore_wr50_10,zipper,2,full,test,fabric_border,test/fabric_border/010.png,2.712853
patchcore_wr50_10,zipper,2,full,test,fabric_border,test/fabric_border/011.png,2.595013
patchcore_wr50_10,zipper,2,full,test,fabric_border,test/fabric_border/012.png,2.582822
patchcore_wr50_10,zipper,2,full,test,fabric_border,test/fabric_border/013.png,2.667631
patchcore_wr50_10,zipper,2,full,test,fabric_border,test/fabric_border/014.png,2.723978
patchcore_wr50_10,zipper,2,full,test,fabric_border,test/fabric_border/015.png,2.678135
patchcore_wr50_10,zipper,2,full,test,fabric_border,test/fabric_border/016.png,2.856483
patchcore_wr50_10,zipper,2,full,test,fabric_interior,test/fabric_interior/000.png,1.996934
patchcore_wr50_10,zipper,2,full,test,fabric_interior,test/fabric_interior/001.png,1.477636
patchcore_wr50_10,zipper,2,full,test,fabric_interior,test/fabric_interior/002.png,1.946680
patchcore_wr50_10,zipper,2,full,test,fabric_interior,test/fabric_interior/003.png,2.061433
patchcore_wr50_10,zipper,2,full,test,fabric_interior,test/fabric_interior/004.png,1.984975
patchcore_wr50_10,zipper,2,full,test,fabric_interior,test/fabric_interior/005.png,1.768821
patchcore_wr50_10,zipper,2,full,test,fabric_interior,test/fabric_interior/006.png,2.209810
patchcore_wr50_10,zipper,2,full,test,fabric_interior,test/fabric_interior/007.png,1.307827
patchcore_wr50_10,zipper,2,full,test,fabric_interior,test/fabric_interior/008.png,2.064597
patchcore_wr50_10,zipper,2,full,test,fabric_interior,test/fabric_interior/009.png,1.985212
patchcore_wr50_10,zipper,2,full,test,fabric_interior,test/fabric_interior/010.png,1.625497
patchcore_wr50_10,zipper,2,full,test,fabric_interior,test/fabric_interior/011.png,1.872506
patchcore_wr50_10,zipper,2,full,test,fabric_interior,test/fabric_interior/012.png,1.751074
patchcore_wr50_10,zipper,2,full,test,fabric_interior,test/fabric_interior/013.png,2.208866
patchcore_wr50_10,zipper,2,full,test,fabric_interior,test/fabric_interior/014.png,2.201834
patchcore_wr50_10,zipper,2,full,test,fabric_interior,test/fabric_interior/015.png,1.897716
patchcore_wr50_10,zipper,2,full,test,good,test/good/000.png,1.135784
patchcore_wr50_10,zipper,2,full,test,good,test/good/001.png,1.216969
patchcore_wr50_10,zipper,2,full,test,good,test/good/002.png,1.429429
patchcore_wr50_10,zipper,2,full,test,good,test/good/003.png,1.474004
patchcore_wr50_10,zipper,2,full,test,good,test/good/004.png,1.205774
patchcore_wr50_10,zipper,2,full,test,good,test/good/005.png,1.243376
patchcore_wr50_10,zipper,2,full,test,good,test/good/006.png,1.113971
patchcore_wr50_10,zipper,2,full,test,good,test/good/007.png,1.239974
patchcore_wr50_10,zipper,2,full,test,good,test/good/008.png,1.284317
patchcore_wr50_10,zipper,2,full,test,good,test/good/009.png,1.116443
patchcore_wr50_10,zipper,2,full,test,good,test/good/010.png,1.099228
patchcore_wr50_10,zipper,2,full,test,good,test/good/011.png,1.151469
patchcore_wr50_10,zipper,2,full,test,good,test/good/012.png,1.228454
patchcore_wr50_10,zipper,2,full,test,good,test/good/013.png,1.123459
patchcore_wr50_10,zipper,2,full,test,good,test/good/014.png,1.074993
patchcore_wr50_10,zipper,2,full,test,good,test/good/015.png,1.238370
patchcore_wr50_10,zipper,2,full,test,good,test/good/016.png,1.184620
patchcore_wr50_10,zipper,2,full,test,good,test/good/017.png,1.198794
patchcore_wr50_10,zipper,2,full,test,good,test/good/018.png,1.222352
patchcore_wr50_10,zipper,2,full,test,good,test/good/019.png,1.190267
patchcore_wr50_10,zipper,2,full,test,good,test/good/020.png,1.152363
patchcore_wr50_10,zipper,2,full,test,good,test/good/021.png,1.338961
patchcore_wr50_10,zipper,2,full,test,good,test/good/022.png,1.770712
patchcore_wr50_10,zipper,2,full,test,good,test/good/023.png,1.199053
patchcore_wr50_10,zipper,2,full,test,good,test/good/024.png,1.110095
patchcore_wr50_10,zipper,2,full,test,good,test/good/025.png,1.237088
patchcore_wr50_10,zipper,2,full,test,good,test/good/026.png,1.349725
patchcore_wr50_10,zipper,2,full,test,good,test/good/027.png,1.380962
patchcore_wr50_10,zipper,2,full,test,good,test/good/028.png,1.357980
patchcore_wr50_10,zipper,2,full,test,good,test/good/029.png,1.336309
patchcore_wr50_10,zipper,2,full,test,good,test/good/030.png,1.089788
patchcore_wr50_10,zipper,2,full,test,good,test/good/031.png,1.095050
patchcore_wr50_10,zipper,2,full,test,rough,test/rough/000.png,2.135741
patchcore_wr50_10,zipper,2,full,test,rough,test/rough/001.png,2.108727
patchcore_wr50_10,zipper,2,full,test,rough,test/rough/002.png,1.982337
patchcore_wr50_10,zipper,2,full,test,rough,test/rough/003.png,2.384579
patchcore_wr50_10,zipper,2,full,test,rough,test/rough/004.png,2.354219
patchcore_wr50_10,zipper,2,full,test,rough,test/rough/005.png,1.808658
patchcore_wr50_10,zipper,2,full,test,rough,test/rough/006.png,2.144747
patchcore_wr50_10,zipper,2,full,test,rough,test/rough/007.png,1.833212
patchcore_wr50_10,zipper,2,full,test,rough,test/rough/008.png,1.837024
patchcore_wr50_10,zipper,2,full,test,rough,test/rough/009.png,2.128522
patchcore_wr50_10,zipper,2,full,test,rough,test/rough/010.png,2.144729
patchcore_wr50_10,zipper,2,full,test,rough,test/rough/011.png,2.298486
patchcore_wr50_10,zipper,2,full,test,rough,test/rough/012.png,1.931090
patchcore_wr50_10,zipper,2,full,test,rough,test/rough/013.png,2.060839
patchcore_wr50_10,zipper,2,full,test,rough,test/rough/014.png,2.079729
patchcore_wr50_10,zipper,2,full,test,rough,test/rough/015.png,2.379715
patchcore_wr50_10,zipper,2,full,test,rough,test/rough/016.png,2.033371
patchcore_wr50_10,zipper,2,full,test,split_teeth,test/split_teeth/000.png,1.841148
patchcore_wr50_10,zipper,2,full,test,split_teeth,test/split_teeth/001.png,2.118380
patchcore_wr50_10,zipper,2,full,test,split_teeth,test/split_teeth/002.png,2.237533
patchcore_wr50_10,zipper,2,full,test,split_teeth,test/split_teeth/003.png,2.281074
patchcore_wr50_10,zipper,2,full,test,split_teeth,test/split_teeth/004.png,2.841937
patchcore_wr50_10,zipper,2,full,test,split_teeth,test/split_teeth/005.png,2.194658
patchcore_wr50_10,zipper,2,full,test,split_teeth,test/split_teeth/006.png,2.031634
patchcore_wr50_10,zipper,2,full,test,split_teeth,test/split_teeth/007.png,2.111783
patchcore_wr50_10,zipper,2,full,test,split_teeth,test/split_teeth/008.png,1.901397
patchcore_wr50_10,zipper,2,full,test,split_teeth,test/split_teeth/009.png,2.130488
patchcore_wr50_10,zipper,2,full,test,split_teeth,test/split_teeth/010.png,2.340794
patchcore_wr50_10,zipper,2,full,test,split_teeth,test/split_teeth/011.png,2.229454
patchcore_wr50_10,zipper,2,full,test,split_teeth,test/split_teeth/012.png,2.454273
patchcore_wr50_10,zipper,2,full,test,split_teeth,test/split_teeth/013.png,2.321605
patchcore_wr50_10,zipper,2,full,test,split_teeth,test/split_teeth/014.png,2.285943
patchcore_wr50_10,zipper,2,full,test,split_teeth,test/split_teeth/015.png,2.764113
patchcore_wr50_10,zipper,2,full,test,split_teeth,test/split_teeth/016.png,2.373153
patchcore_wr50_10,zipper,2,full,test,split_teeth,test/split_teeth/017.png,2.768958
patchcore_wr50_10,zipper,2,full,test,squeezed_teeth,test/squeezed_teeth/000.png,2.034806
patchcore_wr50_10,zipper,2,full,test,squeezed_teeth,test/squeezed_teeth/001.png,2.118275
patchcore_wr50_10,zipper,2,full,test,squeezed_teeth,test/squeezed_teeth/002.png,2.316369
patchcore_wr50_10,zipper,2,full,test,squeezed_teeth,test/squeezed_teeth/003.png,2.345800
patchcore_wr50_10,zipper,2,full,test,squeezed_teeth,test/squeezed_teeth/004.png,1.668189
patchcore_wr50_10,zipper,2,full,test,squeezed_teeth,test/squeezed_teeth/005.png,1.766777
patchcore_wr50_10,zipper,2,full,test,squeezed_teeth,test/squeezed_teeth/006.png,2.011410
patchcore_wr50_10,zipper,2,full,test,squeezed_teeth,test/squeezed_teeth/007.png,1.770981
patchcore_wr50_10,zipper,2,full,test,squeezed_teeth,test/squeezed_teeth/008.png,1.570139
patchcore_wr50_10,zipper,2,full,test,squeezed_teeth,test/squeezed_teeth/009.png,1.790230
patchcore_wr50_10,zipper,2,full,test,squeezed_teeth,test/squeezed_teeth/010.png,2.131462
patchcore_wr50_10,zipper,2,full,test,squeezed_teeth,test/squeezed_teeth/011.png,2.080996
patchcore_wr50_10,zipper,2,full,test,squeezed_teeth,test/squeezed_teeth/012.png,1.641256
patchcore_wr50_10,zipper,2,full,test,squeezed_teeth,test/squeezed_teeth/013.png,2.106829
patchcore_wr50_10,zipper,2,full,test,squeezed_teeth,test/squeezed_teeth/014.png,2.393327
patchcore_wr50_10,zipper,2,full,test,squeezed_teeth,test/squeezed_teeth/015.png,2.347757
patchcore_wr50_10,zipper,2,gate,calibration,good,train/good/011.png,1.103942
patchcore_wr50_10,zipper,2,gate,calibration,good,train/good/026.png,1.076279
patchcore_wr50_10,zipper,2,gate,calibration,good,train/good/032.png,1.055998
patchcore_wr50_10,zipper,2,gate,calibration,good,train/good/039.png,1.083395
patchcore_wr50_10,zipper,2,gate,calibration,good,train/good/042.png,1.084888
patchcore_wr50_10,zipper,2,gate,calibration,good,train/good/047.png,1.069903
patchcore_wr50_10,zipper,2,gate,calibration,good,train/good/048.png,1.182034
patchcore_wr50_10,zipper,2,gate,calibration,good,train/good/052.png,1.043324
patchcore_wr50_10,zipper,2,gate,calibration,good,train/good/053.png,1.030432
patchcore_wr50_10,zipper,2,gate,calibration,good,train/good/059.png,1.139755
patchcore_wr50_10,zipper,2,gate,calibration,good,train/good/061.png,1.129913
patchcore_wr50_10,zipper,2,gate,calibration,good,train/good/067.png,1.205762
patchcore_wr50_10,zipper,2,gate,calibration,good,train/good/069.png,1.075028
patchcore_wr50_10,zipper,2,gate,calibration,good,train/good/071.png,1.099037
patchcore_wr50_10,zipper,2,gate,calibration,good,train/good/074.png,1.112272
patchcore_wr50_10,zipper,2,gate,calibration,good,train/good/078.png,1.090600
patchcore_wr50_10,zipper,2,gate,calibration,good,train/good/086.png,1.102388
patchcore_wr50_10,zipper,2,gate,calibration,good,train/good/089.png,1.278430
patchcore_wr50_10,zipper,2,gate,calibration,good,train/good/107.png,1.174968
patchcore_wr50_10,zipper,2,gate,calibration,good,train/good/112.png,1.113043
patchcore_wr50_10,zipper,2,gate,calibration,good,train/good/114.png,1.251071
patchcore_wr50_10,zipper,2,gate,calibration,good,train/good/115.png,1.448464
patchcore_wr50_10,zipper,2,gate,calibration,good,train/good/116.png,1.153148
patchcore_wr50_10,zipper,2,gate,calibration,good,train/good/118.png,1.213585
patchcore_wr50_10,zipper,2,gate,calibration,good,train/good/120.png,1.219249
patchcore_wr50_10,zipper,2,gate,calibration,good,train/good/126.png,1.095200
patchcore_wr50_10,zipper,2,gate,calibration,good,train/good/127.png,1.110547
patchcore_wr50_10,zipper,2,gate,calibration,good,train/good/131.png,1.097050
patchcore_wr50_10,zipper,2,gate,calibration,good,train/good/134.png,1.362947
patchcore_wr50_10,zipper,2,gate,calibration,good,train/good/140.png,1.364768
patchcore_wr50_10,zipper,2,gate,calibration,good,train/good/147.png,1.099188
patchcore_wr50_10,zipper,2,gate,calibration,good,train/good/151.png,1.088029
patchcore_wr50_10,zipper,2,gate,calibration,good,train/good/153.png,1.125690
patchcore_wr50_10,zipper,2,gate,calibration,good,train/good/162.png,1.235387
patchcore_wr50_10,zipper,2,gate,calibration,good,train/good/170.png,1.140670
patchcore_wr50_10,zipper,2,gate,calibration,good,train/good/177.png,1.222098
patchcore_wr50_10,zipper,2,gate,calibration,good,train/good/184.png,1.103402
patchcore_wr50_10,zipper,2,gate,calibration,good,train/good/189.png,1.133062
patchcore_wr50_10,zipper,2,gate,calibration,good,train/good/194.png,1.146970
patchcore_wr50_10,zipper,2,gate,calibration,good,train/good/198.png,1.237065
patchcore_wr50_10,zipper,2,gate,calibration,good,train/good/206.png,1.229006
patchcore_wr50_10,zipper,2,gate,calibration,good,train/good/215.png,1.108697
patchcore_wr50_10,zipper,2,gate,calibration,good,train/good/217.png,1.083331
patchcore_wr50_10,zipper,2,gate,calibration,good,train/good/228.png,1.149726
patchcore_wr50_10,zipper,2,gate,calibration,good,train/good/230.png,1.132333
patchcore_wr50_10,zipper,2,gate,calibration,good,train/good/232.png,1.219086
patchcore_wr50_10,zipper,2,gate,calibration,good,train/good/234.png,1.224050
patchcore_wr50_10,zipper,2,gate,calibration,good,train/good/237.png,1.106554
patchcore_wr50_10,zipper,2,gate,test,broken_teeth,test/broken_teeth/000.png,1.870800
patchcore_wr50_10,zipper,2,gate,test,broken_teeth,test/broken_teeth/001.png,2.097903
patchcore_wr50_10,zipper,2,gate,test,broken_teeth,test/broken_teeth/002.png,1.676371
patchcore_wr50_10,zipper,2,gate,test,broken_teeth,test/broken_teeth/003.png,2.236221
patchcore_wr50_10,zipper,2,gate,test,broken_teeth,test/broken_teeth/004.png,1.885845
patchcore_wr50_10,zipper,2,gate,test,broken_teeth,test/broken_teeth/005.png,1.916672
patchcore_wr50_10,zipper,2,gate,test,broken_teeth,test/broken_teeth/006.png,2.132011
patchcore_wr50_10,zipper,2,gate,test,broken_teeth,test/broken_teeth/007.png,2.545178
patchcore_wr50_10,zipper,2,gate,test,broken_teeth,test/broken_teeth/008.png,2.062754
patchcore_wr50_10,zipper,2,gate,test,broken_teeth,test/broken_teeth/009.png,1.507976
patchcore_wr50_10,zipper,2,gate,test,broken_teeth,test/broken_teeth/010.png,2.314269
patchcore_wr50_10,zipper,2,gate,test,broken_teeth,test/broken_teeth/011.png,2.077587
patchcore_wr50_10,zipper,2,gate,test,broken_teeth,test/broken_teeth/012.png,1.742961
patchcore_wr50_10,zipper,2,gate,test,broken_teeth,test/broken_teeth/013.png,2.367044
patchcore_wr50_10,zipper,2,gate,test,broken_teeth,test/broken_teeth/014.png,1.976295
patchcore_wr50_10,zipper,2,gate,test,broken_teeth,test/broken_teeth/015.png,1.691779
patchcore_wr50_10,zipper,2,gate,test,broken_teeth,test/broken_teeth/016.png,1.446937
patchcore_wr50_10,zipper,2,gate,test,broken_teeth,test/broken_teeth/017.png,2.620789
patchcore_wr50_10,zipper,2,gate,test,broken_teeth,test/broken_teeth/018.png,2.528861
patchcore_wr50_10,zipper,2,gate,test,combined,test/combined/000.png,2.883144
patchcore_wr50_10,zipper,2,gate,test,combined,test/combined/001.png,2.022266
patchcore_wr50_10,zipper,2,gate,test,combined,test/combined/002.png,1.903858
patchcore_wr50_10,zipper,2,gate,test,combined,test/combined/003.png,2.289997
patchcore_wr50_10,zipper,2,gate,test,combined,test/combined/004.png,1.954861
patchcore_wr50_10,zipper,2,gate,test,combined,test/combined/005.png,2.435341
patchcore_wr50_10,zipper,2,gate,test,combined,test/combined/006.png,3.407492
patchcore_wr50_10,zipper,2,gate,test,combined,test/combined/007.png,2.079908
patchcore_wr50_10,zipper,2,gate,test,combined,test/combined/008.png,1.985880
patchcore_wr50_10,zipper,2,gate,test,combined,test/combined/009.png,2.068840
patchcore_wr50_10,zipper,2,gate,test,combined,test/combined/010.png,2.697337
patchcore_wr50_10,zipper,2,gate,test,combined,test/combined/011.png,2.597598
patchcore_wr50_10,zipper,2,gate,test,combined,test/combined/012.png,2.287174
patchcore_wr50_10,zipper,2,gate,test,combined,test/combined/013.png,2.815190
patchcore_wr50_10,zipper,2,gate,test,combined,test/combined/014.png,2.334452
patchcore_wr50_10,zipper,2,gate,test,combined,test/combined/015.png,2.649412
patchcore_wr50_10,zipper,2,gate,test,fabric_border,test/fabric_border/000.png,2.766434
patchcore_wr50_10,zipper,2,gate,test,fabric_border,test/fabric_border/001.png,3.258862
patchcore_wr50_10,zipper,2,gate,test,fabric_border,test/fabric_border/002.png,2.109515
patchcore_wr50_10,zipper,2,gate,test,fabric_border,test/fabric_border/003.png,2.719483
patchcore_wr50_10,zipper,2,gate,test,fabric_border,test/fabric_border/004.png,2.647034
patchcore_wr50_10,zipper,2,gate,test,fabric_border,test/fabric_border/005.png,3.248459
patchcore_wr50_10,zipper,2,gate,test,fabric_border,test/fabric_border/006.png,2.646904
patchcore_wr50_10,zipper,2,gate,test,fabric_border,test/fabric_border/007.png,2.505710
patchcore_wr50_10,zipper,2,gate,test,fabric_border,test/fabric_border/008.png,2.641323
patchcore_wr50_10,zipper,2,gate,test,fabric_border,test/fabric_border/009.png,2.903394
patchcore_wr50_10,zipper,2,gate,test,fabric_border,test/fabric_border/010.png,2.712853
patchcore_wr50_10,zipper,2,gate,test,fabric_border,test/fabric_border/011.png,2.564632
patchcore_wr50_10,zipper,2,gate,test,fabric_border,test/fabric_border/012.png,2.582822
patchcore_wr50_10,zipper,2,gate,test,fabric_border,test/fabric_border/013.png,2.702874
patchcore_wr50_10,zipper,2,gate,test,fabric_border,test/fabric_border/014.png,2.718094
patchcore_wr50_10,zipper,2,gate,test,fabric_border,test/fabric_border/015.png,2.678135
patchcore_wr50_10,zipper,2,gate,test,fabric_border,test/fabric_border/016.png,2.856483
patchcore_wr50_10,zipper,2,gate,test,fabric_interior,test/fabric_interior/000.png,2.006920
patchcore_wr50_10,zipper,2,gate,test,fabric_interior,test/fabric_interior/001.png,1.490588
patchcore_wr50_10,zipper,2,gate,test,fabric_interior,test/fabric_interior/002.png,1.848934
patchcore_wr50_10,zipper,2,gate,test,fabric_interior,test/fabric_interior/003.png,2.034755
patchcore_wr50_10,zipper,2,gate,test,fabric_interior,test/fabric_interior/004.png,2.047004
patchcore_wr50_10,zipper,2,gate,test,fabric_interior,test/fabric_interior/005.png,1.768821
patchcore_wr50_10,zipper,2,gate,test,fabric_interior,test/fabric_interior/006.png,2.209810
patchcore_wr50_10,zipper,2,gate,test,fabric_interior,test/fabric_interior/007.png,1.298699
patchcore_wr50_10,zipper,2,gate,test,fabric_interior,test/fabric_interior/008.png,2.075469
patchcore_wr50_10,zipper,2,gate,test,fabric_interior,test/fabric_interior/009.png,2.003247
patchcore_wr50_10,zipper,2,gate,test,fabric_interior,test/fabric_interior/010.png,1.609148
patchcore_wr50_10,zipper,2,gate,test,fabric_interior,test/fabric_interior/011.png,1.883854
patchcore_wr50_10,zipper,2,gate,test,fabric_interior,test/fabric_interior/012.png,1.764049
patchcore_wr50_10,zipper,2,gate,test,fabric_interior,test/fabric_interior/013.png,2.208866
patchcore_wr50_10,zipper,2,gate,test,fabric_interior,test/fabric_interior/014.png,2.147489
patchcore_wr50_10,zipper,2,gate,test,fabric_interior,test/fabric_interior/015.png,1.904637
patchcore_wr50_10,zipper,2,gate,test,good,test/good/000.png,1.084996
patchcore_wr50_10,zipper,2,gate,test,good,test/good/001.png,1.302144
patchcore_wr50_10,zipper,2,gate,test,good,test/good/002.png,1.432795
patchcore_wr50_10,zipper,2,gate,test,good,test/good/003.png,1.450195
patchcore_wr50_10,zipper,2,gate,test,good,test/good/004.png,1.214385
patchcore_wr50_10,zipper,2,gate,test,good,test/good/005.png,1.252267
patchcore_wr50_10,zipper,2,gate,test,good,test/good/006.png,1.153880
patchcore_wr50_10,zipper,2,gate,test,good,test/good/007.png,1.396972
patchcore_wr50_10,zipper,2,gate,test,good,test/good/008.png,1.244638
patchcore_wr50_10,zipper,2,gate,test,good,test/good/009.png,1.073984
patchcore_wr50_10,zipper,2,gate,test,good,test/good/010.png,1.087806
patchcore_wr50_10,zipper,2,gate,test,good,test/good/011.png,1.131780
patchcore_wr50_10,zipper,2,gate,test,good,test/good/012.png,1.260355
patchcore_wr50_10,zipper,2,gate,test,good,test/good/013.png,1.094165
patchcore_wr50_10,zipper,2,gate,test,good,test/good/014.png,1.071278
patchcore_wr50_10,zipper,2,gate,test,good,test/good/015.png,1.225708
patchcore_wr50_10,zipper,2,gate,test,good,test/good/016.png,1.191248
patchcore_wr50_10,zipper,2,gate,test,good,test/good/017.png,1.246202
patchcore_wr50_10,zipper,2,gate,test,good,test/good/018.png,1.234435
patchcore_wr50_10,zipper,2,gate,test,good,test/good/019.png,1.321896
patchcore_wr50_10,zipper,2,gate,test,good,test/good/020.png,1.182524
patchcore_wr50_10,zipper,2,gate,test,good,test/good/021.png,1.342108
patchcore_wr50_10,zipper,2,gate,test,good,test/good/022.png,1.832028
patchcore_wr50_10,zipper,2,gate,test,good,test/good/023.png,1.225495
patchcore_wr50_10,zipper,2,gate,test,good,test/good/024.png,1.151902
patchcore_wr50_10,zipper,2,gate,test,good,test/good/025.png,1.201432
patchcore_wr50_10,zipper,2,gate,test,good,test/good/026.png,1.364404
patchcore_wr50_10,zipper,2,gate,test,good,test/good/027.png,1.380955
patchcore_wr50_10,zipper,2,gate,test,good,test/good/028.png,1.290989
patchcore_wr50_10,zipper,2,gate,test,good,test/good/029.png,1.336309
patchcore_wr50_10,zipper,2,gate,test,good,test/good/030.png,1.080761
patchcore_wr50_10,zipper,2,gate,test,good,test/good/031.png,1.078201
patchcore_wr50_10,zipper,2,gate,test,rough,test/rough/000.png,2.107331
patchcore_wr50_10,zipper,2,gate,test,rough,test/rough/001.png,2.120676
patchcore_wr50_10,zipper,2,gate,test,rough,test/rough/002.png,1.982337
patchcore_wr50_10,zipper,2,gate,test,rough,test/rough/003.png,2.306592
patchcore_wr50_10,zipper,2,gate,test,rough,test/rough/004.png,2.338141
patchcore_wr50_10,zipper,2,gate,test,rough,test/rough/005.png,1.816640
patchcore_wr50_10,zipper,2,gate,test,rough,test/rough/006.png,2.118734
patchcore_wr50_10,zipper,2,gate,test,rough,test/rough/007.png,1.832494
patchcore_wr50_10,zipper,2,gate,test,rough,test/rough/008.png,1.849175
patchcore_wr50_10,zipper,2,gate,test,rough,test/rough/009.png,2.096143
patchcore_wr50_10,zipper,2,gate,test,rough,test/rough/010.png,2.086821
patchcore_wr50_10,zipper,2,gate,test,rough,test/rough/011.png,2.340542
patchcore_wr50_10,zipper,2,gate,test,rough,test/rough/012.png,1.920687
patchcore_wr50_10,zipper,2,gate,test,rough,test/rough/013.png,2.045124
patchcore_wr50_10,zipper,2,gate,test,rough,test/rough/014.png,2.067363
patchcore_wr50_10,zipper,2,gate,test,rough,test/rough/015.png,2.406167
patchcore_wr50_10,zipper,2,gate,test,rough,test/rough/016.png,2.021557
patchcore_wr50_10,zipper,2,gate,test,split_teeth,test/split_teeth/000.png,1.863255
patchcore_wr50_10,zipper,2,gate,test,split_teeth,test/split_teeth/001.png,2.108140
patchcore_wr50_10,zipper,2,gate,test,split_teeth,test/split_teeth/002.png,2.206581
patchcore_wr50_10,zipper,2,gate,test,split_teeth,test/split_teeth/003.png,2.252180
patchcore_wr50_10,zipper,2,gate,test,split_teeth,test/split_teeth/004.png,2.871154
patchcore_wr50_10,zipper,2,gate,test,split_teeth,test/split_teeth/005.png,2.185202
patchcore_wr50_10,zipper,2,gate,test,split_teeth,test/split_teeth/006.png,2.015820
patchcore_wr50_10,zipper,2,gate,test,split_teeth,test/split_teeth/007.png,2.067033
patchcore_wr50_10,zipper,2,gate,test,split_teeth,test/split_teeth/008.png,1.901397
patchcore_wr50_10,zipper,2,gate,test,split_teeth,test/split_teeth/009.png,2.164981
patchcore_wr50_10,zipper,2,gate,test,split_teeth,test/split_teeth/010.png,2.340791
patchcore_wr50_10,zipper,2,gate,test,split_teeth,test/split_teeth/011.png,2.183167
patchcore_wr50_10,zipper,2,gate,test,split_teeth,test/split_teeth/012.png,2.478611
patchcore_wr50_10,zipper,2,gate,test,split_teeth,test/split_teeth/013.png,2.296341
patchcore_wr50_10,zipper,2,gate,test,split_teeth,test/split_teeth/014.png,2.324636
patchcore_wr50_10,zipper,2,gate,test,split_teeth,test/split_teeth/015.png,2.764113
patchcore_wr50_10,zipper,2,gate,test,split_teeth,test/split_teeth/016.png,2.425122
patchcore_wr50_10,zipper,2,gate,test,split_teeth,test/split_teeth/017.png,2.718979
patchcore_wr50_10,zipper,2,gate,test,squeezed_teeth,test/squeezed_teeth/000.png,1.996364
patchcore_wr50_10,zipper,2,gate,test,squeezed_teeth,test/squeezed_teeth/001.png,2.140898
patchcore_wr50_10,zipper,2,gate,test,squeezed_teeth,test/squeezed_teeth/002.png,2.303471
patchcore_wr50_10,zipper,2,gate,test,squeezed_teeth,test/squeezed_teeth/003.png,2.345800
patchcore_wr50_10,zipper,2,gate,test,squeezed_teeth,test/squeezed_teeth/004.png,1.662428
patchcore_wr50_10,zipper,2,gate,test,squeezed_teeth,test/squeezed_teeth/005.png,1.753126
patchcore_wr50_10,zipper,2,gate,test,squeezed_teeth,test/squeezed_teeth/006.png,1.991273
patchcore_wr50_10,zipper,2,gate,test,squeezed_teeth,test/squeezed_teeth/007.png,1.738214
patchcore_wr50_10,zipper,2,gate,test,squeezed_teeth,test/squeezed_teeth/008.png,1.543143
patchcore_wr50_10,zipper,2,gate,test,squeezed_teeth,test/squeezed_teeth/009.png,1.775729
patchcore_wr50_10,zipper,2,gate,test,squeezed_teeth,test/squeezed_teeth/010.png,2.121212
patchcore_wr50_10,zipper,2,gate,test,squeezed_teeth,test/squeezed_teeth/011.png,2.045051
patchcore_wr50_10,zipper,2,gate,test,squeezed_teeth,test/squeezed_teeth/012.png,1.622772
patchcore_wr50_10,zipper,2,gate,test,squeezed_teeth,test/squeezed_teeth/013.png,2.060603
patchcore_wr50_10,zipper,2,gate,test,squeezed_teeth,test/squeezed_teeth/014.png,2.366416
patchcore_wr50_10,zipper,2,gate,test,squeezed_teeth,test/squeezed_teeth/015.png,2.355467
