config,category,seed,protocol,role,defect,image,score
patchcore_r18_1,bottle,0,full,test,broken_large,test/broken_large/000.png,3.320990
patchcore_r18_1,bottle,0,full,test,broken_large,test/broken_large/001.png,3.612158
patchcore_r18_1,bottle,0,full,test,broken_large,test/broken_large/002.png,3.037467
patchcore_r18_1,bottle,0,full,test,broken_large,test/broken_large/003.png,3.511533
patchcore_r18_1,bottle,0,full,test,broken_large,test/broken_large/004.png,3.728052
patchcore_r18_1,bottle,0,full,test,broken_large,test/broken_large/005.png,3.291012
patchcore_r18_1,bottle,0,full,test,broken_large,test/broken_large/006.png,3.670648
patchcore_r18_1,bottle,0,full,test,broken_large,test/broken_large/007.png,3.043468
patchcore_r18_1,bottle,0,full,test,broken_large,test/broken_large/008.png,3.401373
patchcore_r18_1,bottle,0,full,test,broken_large,test/broken_large/009.png,2.956095
patchcore_r18_1,bottle,0,full,test,broken_large,test/broken_large/010.png,3.355332
patchcore_r18_1,bottle,0,full,test,broken_large,test/broken_large/011.png,3.051161
patchcore_r18_1,bottle,0,full,test,broken_large,test/broken_large/012.png,3.407466
patchcore_r18_1,bottle,0,full,test,broken_large,test/broken_large/013.png,3.091741
patchcore_r18_1,bottle,0,full,test,broken_large,test/broken_large/014.png,3.370983
patchcore_r18_1,bottle,0,full,test,broken_large,test/broken_large/015.png,3.221213
patchcore_r18_1,bottle,0,full,test,broken_large,test/broken_large/016.png,3.296649
patchcore_r18_1,bottle,0,full,test,broken_large,test/broken_large/017.png,3.395768
patchcore_r18_1,bottle,0,full,test,broken_large,test/broken_large/018.png,3.348143
patchcore_r18_1,bottle,0,full,test,broken_large,test/broken_large/019.png,3.372095
patchcore_r18_1,bottle,0,full,test,broken_small,test/broken_small/000.png,2.526344
patchcore_r18_1,bottle,0,full,test,broken_small,test/broken_small/001.png,3.311724
patchcore_r18_1,bottle,0,full,test,broken_small,test/broken_small/002.png,3.326657
patchcore_r18_1,bottle,0,full,test,broken_small,test/broken_small/003.png,3.532664
patchcore_r18_1,bottle,0,full,test,broken_small,test/broken_small/004.png,3.783679
patchcore_r18_1,bottle,0,full,test,broken_small,test/broken_small/005.png,3.148328
patchcore_r18_1,bottle,0,full,test,broken_small,test/broken_small/006.png,3.114232
patchcore_r18_1,bottle,0,full,test,broken_small,test/broken_small/007.png,2.744215
patchcore_r18_1,bottle,0,full,test,broken_small,test/broken_small/008.png,2.741698
patchcore_r18_1,bottle,0,full,test,broken_small,test/broken_small/009.png,3.378452
patchcore_r18_1,bottle,0,full,test,broken_small,test/broken_small/010.png,3.429637
patchcore_r18_1,bottle,0,full,test,broken_small,test/broken_small/011.png,2.893764
patchcore_r18_1,bottle,0,full,test,broken_small,test/broken_small/012.png,3.477511
patchcore_r18_1,bottle,0,full,test,broken_small,test/broken_small/013.png,2.898738
patchcore_r18_1,bottle,0,full,test,broken_small,test/broken_small/014.png,2.846247
patchcore_r18_1,bottle,0,full,test,broken_small,test/broken_small/015.png,2.990018
patchcore_r18_1,bottle,0,full,test,broken_small,test/broken_small/016.png,3.284457
patchcore_r18_1,bottle,0,full,test,broken_small,test/broken_small/017.png,3.836567
patchcore_r18_1,bottle,0,full,test,broken_small,test/broken_small/018.png,3.894791
patchcore_r18_1,bottle,0,full,test,broken_small,test/broken_small/019.png,3.302597
patchcore_r18_1,bottle,0,full,test,broken_small,test/broken_small/020.png,3.573910
patchcore_r18_1,bottle,0,full,test,broken_small,test/broken_small/021.png,3.323896
patchcore_r18_1,bottle,0,full,test,contamination,test/contamination/000.png,2.861394
patchcore_r18_1,bottle,0,full,test,contamination,test/contamination/001.png,2.426911
patchcore_r18_1,bottle,0,full,test,contamination,test/contamination/002.png,2.997272
patchcore_r18_1,bottle,0,full,test,contamination,test/contamination/003.png,1.914156
patchcore_r18_1,bottle,0,full,test,contamination,test/contamination/004.png,2.135328
patchcore_r18_1,bottle,0,full,test,contamination,test/contamination/005.png,3.288862
patchcore_r18_1,bottle,0,full,test,contamination,test/contamination/006.png,2.804000
patchcore_r18_1,bottle,0,full,test,contamination,test/contamination/007.png,4.123154
patchcore_r18_1,bottle,0,full,test,contamination,test/contamination/008.png,2.950425
patchcore_r18_1,bottle,0,full,test,contamination,test/contamination/009.png,2.979837
patchcore_r18_1,bottle,0,full,test,contamination,test/contamination/010.png,3.066516
patchcore_r18_1,bottle,0,full,test,contamination,test/contamination/011.png,2.592848
patchcore_r18_1,bottle,0,full,test,contamination,test/contamination/012.png,2.233113
patchcore_r18_1,bottle,0,full,test,contamination,test/contamination/013.png,3.367187
patchcore_r18_1,bottle,0,full,test,contamination,test/contamination/014.png,2.310190
patchcore_r18_1,bottle,0,full,test,contamination,test/contamination/015.png,3.154469
patchcore_r18_1,bottle,0,full,test,contamination,test/contamination/016.png,2.495386
patchcore_r18_1,bottle,0,full,test,contamination,test/contamination/017.png,3.879450
patchcore_r18_1,bottle,0,full,test,contamination,test/contamination/018.png,3.565830
patchcore_r18_1,bottle,0,full,test,contamination,test/contamination/019.png,2.250695
patchcore_r18_1,bottle,0,full,test,contamination,test/contamination/020.png,2.250872
patchcore_r18_1,bottle,0,full,test,good,test/good/000.png,1.451821
patchcore_r18_1,bottle,0,full,test,good,test/good/001.png,1.663793
patchcore_r18_1,bottle,0,full,test,good,test/good/002.png,1.561805
patchcore_r18_1,bottle,0,full,test,good,test/good/003.png,1.329002
patchcore_r18_1,bottle,0,full,test,good,test/good/004.png,1.318621
patchcore_r18_1,bottle,0,full,test,good,test/good/005.png,1.379668
patchcore_r18_1,bottle,0,full,test,good,test/good/006.png,1.496207
patchcore_r18_1,bottle,0,full,test,good,test/good/007.png,1.442540
patchcore_r18_1,bottle,0,full,test,good,test/good/008.png,1.512670
patchcore_r18_1,bottle,0,full,test,good,test/good/009.png,1.518660
patchcore_r18_1,bottle,0,full,test,good,test/good/010.png,1.511938
patchcore_r18_1,bottle,0,full,test,good,test/good/011.png,1.370259
patchcore_r18_1,bottle,0,full,test,good,test/good/012.png,1.463077
patchcore_r18_1,bottle,0,full,test,good,test/good/013.png,1.461304
patchcore_r18_1,bottle,0,full,test,good,test/good/014.png,1.443308
patchcore_r18_1,bottle,0,full,test,good,test/good/015.png,1.670352
patchcore_r18_1,bottle,0,full,test,good,test/good/016.png,1.537688
patchcore_r18_1,bottle,0,full,test,good,test/good/017.png,1.380160
patchcore_r18_1,bottle,0,full,test,good,test/good/018.png,1.458344
patchcore_r18_1,bottle,0,full,test,good,test/good/019.png,1.516819
patchcore_r18_1,bottle,0,gate,calibration,good,train/good/000.png,1.398095
patchcore_r18_1,bottle,0,gate,calibration,good,train/good/006.png,1.498803
patchcore_r18_1,bottle,0,gate,calibration,good,train/good/017.png,1.414365
patchcore_r18_1,bottle,0,gate,calibration,good,train/good/025.png,1.446790
patchcore_r18_1,bottle,0,gate,calibration,good,train/good/039.png,1.547585
patchcore_r18_1,bottle,0,gate,calibration,good,train/good/041.png,1.378927
patchcore_r18_1,bottle,0,gate,calibration,good,train/good/054.png,1.386254
patchcore_r18_1,bottle,0,gate,calibration,good,train/good/060.png,1.433089
patchcore_r18_1,bottle,0,gate,calibration,good,train/good/065.png,1.445847
patchcore_r18_1,bottle,0,gate,calibration,good,train/good/068.png,1.593492
patchcore_r18_1,bottle,0,gate,calibration,good,train/good/071.png,1.539616
patchcore_r18_1,bottle,0,gate,calibration,good,train/good/072.png,1.444272
patchcore_r18_1,bottle,0,gate,calibration,good,train/good/080.png,1.384107
patchcore_r18_1,bottle,0,gate,calibration,good,train/good/083.png,1.476634
patchcore_r18_1,bottle,0,gate,calibration,good,train/good/090.png,1.455799
patchcore_r18_1,bottle,0,gate,calibration,good,train/good/091.png,1.490467
patchcore_r18_1,bottle,0,gate,calibration,good,train/good/093.png,1.395099
patchcore_r18_1,bottle,0,gate,calibration,good,train/good/094.png,1.419358
patchcore_r18_1,bottle,0,gate,calibration,good,train/good/105.png,1.399701
patchcore_r18_1,bottle,0,gate,calibration,good,train/good/109.png,1.455028
patchcore_r18_1,bottle,0,gate,calibration,good,train/good/112.png,1.470350
patchcore_r18_1,bottle,0,gate,calibration,good,train/good/116.png,1.535591
patchcore_r18_1,bottle,0,gate,calibration,good,train/good/119.png,1.705726
patchcore_r18_1,bottle,0,gate,calibration,good,train/good/124.png,1.547028
patchcore_r18_1,bottle,0,gate,calibration,good,train/good/131.png,1.518794
patchcore_r18_1,bottle,0,gate,calibration,good,train/good/137.png,1.395003
patchcore_r18_1,bottle,0,gate,calibration,good,train/good/140.png,1.606533
patchcore_r18_1,bottle,0,gate,calibration,good,train/good/141.png,1.947176
patchcore_r18_1,bottle,0,gate,calibration,good,train/good/152.png,1.462348
patchcore_r18_1,bottle,0,gate,calibration,good,train/good/158.png,1.494864
patchcore_r18_1,bottle,0,gate,calibration,good,train/good/159.png,1.507289
patchcore_r18_1,bottle,0,gate,calibration,good,train/good/162.png,1.557319
patchcore_r18_1,bottle,0,gate,calibration,good,train/good/163.png,1.441438
patchcore_r18_1,bottle,0,gate,calibration,good,train/good/164.png,1.462789
patchcore_r18_1,bottle,0,gate,calibration,good,train/good/165.png,1.432026
patchcore_r18_1,bottle,0,gate,calibration,good,train/good/175.png,1.623800
patchcore_r18_1,bottle,0,gate,calibration,good,train/good/178.png,1.400786
patchcore_r18_1,bottle,0,gate,calibration,good,train/good/187.png,1.391618
patchcore_r18_1,bottle,0,gate,calibration,good,train/good/194.png,1.685817
patchcore_r18_1,bottle,0,gate,calibration,good,train/good/195.png,1.418244
patchcore_r18_1,bottle,0,gate,calibration,good,train/good/200.png,1.431319
patchcore_r18_1,bottle,0,gate,calibration,good,train/good/206.png,1.451495
patchcore_r18_1,bottle,0,gate,test,broken_large,test/broken_large/000.png,3.309754
patchcore_r18_1,bottle,0,gate,test,broken_large,test/broken_large/001.png,3.612158
patchcore_r18_1,bottle,0,gate,test,broken_large,test/broken_large/002.png,3.087320
patchcore_r18_1,bottle,0,gate,test,broken_large,test/broken_large/003.png,3.527597
patchcore_r18_1,bottle,0,gate,test,broken_large,test/broken_large/004.png,3.729204
patchcore_r18_1,bottle,0,gate,test,broken_large,test/broken_large/005.png,3.316416
patchcore_r18_1,bottle,0,gate,test,broken_large,test/broken_large/006.png,3.799732
patchcore_r18_1,bottle,0,gate,test,broken_large,test/broken_large/007.png,3.027266
patchcore_r18_1,bottle,0,gate,test,broken_large,test/broken_large/008.png,3.423721
patchcore_r18_1,bottle,0,gate,test,broken_large,test/broken_large/009.png,3.051868
patchcore_r18_1,bottle,0,gate,test,broken_large,test/broken_large/010.png,3.324922
patchcore_r18_1,bottle,0,gate,test,broken_large,test/broken_large/011.png,3.109767
patchcore_r18_1,bottle,0,gate,test,broken_large,test/broken_large/012.png,3.546585
patchcore_r18_1,bottle,0,gate,test,broken_large,test/broken_large/013.png,3.091741
patchcore_r18_1,bottle,0,gate,test,broken_large,test/broken_large/014.png,3.385860
patchcore_r18_1,bottle,0,gate,test,broken_large,test/broken_large/015.png,3.218478
patchcore_r18_1,bottle,0,gate,test,broken_large,test/broken_large/016.png,3.285678
patchcore_r18_1,bottle,0,gate,test,broken_large,test/broken_large/017.png,3.448761
patchcore_r18_1,bottle,0,gate,test,broken_large,test/broken_large/018.png,3.351688
patchcore_r18_1,bottle,0,gate,test,broken_large,test/broken_large/019.png,3.450020
patchcore_r18_1,bottle,0,gate,test,broken_small,test/broken_small/000.png,2.475110
patchcore_r18_1,bottle,0,gate,test,broken_small,test/broken_small/001.png,3.294990
patchcore_r18_1,bottle,0,gate,test,broken_small,test/broken_small/002.png,3.305573
patchcore_r18_1,bottle,0,gate,test,broken_small,test/broken_small/003.png,3.534603
patchcore_r18_1,bottle,0,gate,test,broken_small,test/broken_small/004.png,3.788568
patchcore_r18_1,bottle,0,gate,test,broken_small,test/broken_small/005.png,3.151064
patchcore_r18_1,bottle,0,gate,test,broken_small,test/broken_small/006.png,3.130775
patchcore_r18_1,bottle,0,gate,test,broken_small,test/broken_small/007.png,2.795084
patchcore_r18_1,bottle,0,gate,test,broken_small,test/broken_small/008.png,2.795908
patchcore_r18_1,bottle,0,gate,test,broken_small,test/broken_small/009.png,3.432341
patchcore_r18_1,bottle,0,gate,test,broken_small,test/broken_small/010.png,3.520590
patchcore_r18_1,bottle,0,gate,test,broken_small,test/broken_small/011.png,2.875121
patchcore_r18_1,bottle,0,gate,test,broken_small,test/broken_small/012.png,3.494339
patchcore_r18_1,bottle,0,gate,test,broken_small,test/broken_small/013.png,2.936801
patchcore_r18_1,bottle,0,gate,test,broken_small,test/broken_small/014.png,2.937445
patchcore_r18_1,bottle,0,gate,test,broken_small,test/broken_small/015.png,3.092891
patchcore_r18_1,bottle,0,gate,test,broken_small,test/broken_small/016.png,3.510438
patchcore_r18_1,bottle,0,gate,test,broken_small,test/broken_small/017.png,3.823013
patchcore_r18_1,bottle,0,gate,test,broken_small,test/broken_small/018.png,3.928968
patchcore_r18_1,bottle,0,gate,test,broken_small,test/broken_small/019.png,3.320380
patchcore_r18_1,bottle,0,gate,test,broken_small,test/broken_small/020.png,3.573910
patchcore_r18_1,bottle,0,gate,test,broken_small,test/broken_small/021.png,3.323896
patchcore_r18_1,bottle,0,gate,test,contamination,test/contamination/000.png,2.889302
patchcore_r18_1,bottle,0,gate,test,contamination,test/contamination/001.png,2.360046
patchcore_r18_1,bottle,0,gate,test,contamination,test/contamination/002.png,3.058574
patchcore_r18_1,bottle,0,gate,test,contamination,test/contamination/003.png,1.958070
patchcore_r18_1,bottle,0,gate,test,contamination,test/contamination/004.png,2.191510
patchcore_r18_1,bottle,0,gate,test,contamination,test/contamination/005.png,3.299953
patchcore_r18_1,bottle,0,gate,test,contamination,test/contamination/006.png,2.866125
patchcore_r18_1,bottle,0,gate,test,contamination,test/contamination/007.png,4.116495
patchcore_r18_1,bottle,0,gate,test,contamination,test/contamination/008.png,2.970703
patchcore_r18_1,bottle,0,gate,test,contamination,test/contamination/009.png,2.944187
patchcore_r18_1,bottle,0,gate,test,contamination,test/contamination/010.png,3.066516
patchcore_r18_1,bottle,0,gate,test,contamination,test/contamination/011.png,2.821356
patchcore_r18_1,bottle,0,gate,test,contamination,test/contamination/012.png,2.281946
patchcore_r18_1,bottle,0,gate,test,contamination,test/contamination/013.png,3.381220
patchcore_r18_1,bottle,0,gate,test,contamination,test/contamination/014.png,2.387473
patchcore_r18_1,bottle,0,gate,test,contamination,test/contamination/015.png,3.168473
patchcore_r18_1,bottle,0,gate,test,contamination,test/contamination/016.png,2.491266
patchcore_r18_1,bottle,0,gate,test,contamination,test/contamination/017.png,3.855585
patchcore_r18_1,bottle,0,gate,test,contamination,test/contamination/018.png,3.583879
patchcore_r18_1,bottle,0,gate,test,contamination,test/contamination/019.png,2.249888
patchcore_r18_1,bottle,0,gate,test,contamination,test/contamination/020.png,2.403589
patchcore_r18_1,bottle,0,gate,test,good,test/good/000.png,1.467019
patchcore_r18_1,bottle,0,gate,test,good,test/good/001.png,1.657425
patchcore_r18_1,bottle,0,gate,test,good,test/good/002.png,1.587659
patchcore_r18_1,bottle,0,gate,test,good,test/good/003.png,1.399669
patchcore_r18_1,bottle,0,gate,test,good,test/good/004.png,1.376562
patchcore_r18_1,bottle,0,gate,test,good,test/good/005.png,1.389682
patchcore_r18_1,bottle,0,gate,test,good,test/good/006.png,1.557189
patchcore_r18_1,bottle,0,gate,test,good,test/good/007.png,1.454238
patchcore_r18_1,bottle,0,gate,test,good,test/good/008.png,1.440253
patchcore_r18_1,bottle,0,gate,test,good,test/good/009.png,1.490119
patchcore_r18_1,bottle,0,gate,test,good,test/good/010.png,1.555057
patchcore_r18_1,bottle,0,gate,test,good,test/good/011.png,1.416193
patchcore_r18_1,bottle,0,gate,test,good,test/good/012.png,1.461035
patchcore_r18_1,bottle,0,gate,test,good,test/good/013.png,1.390154
patchcore_r18_1,bottle,0,gate,test,good,test/good/014.png,1.418702
patchcore_r18_1,bottle,0,gate,test,good,test/good/015.png,1.668338
patchcore_r18_1,bottle,0,gate,test,good,test/good/016.png,1.554372
patchcore_r18_1,bottle,0,gate,test,good,test/good/017.png,1.429195
patchcore_r18_1,bottle,0,gate,test,good,test/good/018.png,1.478797
patchcore_r18_1,bottle,0,gate,test,good,test/good/019.png,1.547014
patchcore_r18_1,bottle,1,full,test,broken_large,test/broken_large/000.png,3.362416
patchcore_r18_1,bottle,1,full,test,broken_large,test/broken_large/001.png,3.612158
patchcore_r18_1,bottle,1,full,test,broken_large,test/broken_large/002.png,3.042965
patchcore_r18_1,bottle,1,full,test,broken_large,test/broken_large/003.png,3.511533
patchcore_r18_1,bottle,1,full,test,broken_large,test/broken_large/004.png,3.641568
patchcore_r18_1,bottle,1,full,test,broken_large,test/broken_large/005.png,3.282192
patchcore_r18_1,bottle,1,full,test,broken_large,test/broken_large/006.png,3.720991
patchcore_r18_1,bottle,1,full,test,broken_large,test/broken_large/007.png,3.165815
patchcore_r18_1,bottle,1,full,test,broken_large,test/broken_large/008.png,3.423721
patchcore_r18_1,bottle,1,full,test,broken_large,test/broken_large/009.png,3.051868
patchcore_r18_1,bottle,1,full,test,broken_large,test/broken_large/010.png,3.263762
patchcore_r18_1,bottle,1,full,test,broken_large,test/broken_large/011.png,3.060556
patchcore_r18_1,bottle,1,full,test,broken_large,test/broken_large/012.png,3.407466
patchcore_r18_1,bottle,1,full,test,broken_large,test/broken_large/013.png,3.108711
patchcore_r18_1,bottle,1,full,test,broken_large,test/broken_large/014.png,3.385860
patchcore_r18_1,bottle,1,full,test,broken_large,test/broken_large/015.png,3.205744
patchcore_r18_1,bottle,1,full,test,broken_large,test/broken_large/016.png,3.248689
patchcore_r18_1,bottle,1,full,test,broken_large,test/broken_large/017.png,3.395768
patchcore_r18_1,bottle,1,full,test,broken_large,test/broken_large/018.png,3.273145
patchcore_r18_1,bottle,1,full,test,broken_large,test/broken_large/019.png,3.372095
patchcore_r18_1,bottle,1,full,test,broken_small,test/broken_small/000.png,2.590834
patchcore_r18_1,bottle,1,full,test,broken_small,test/broken_small/001.png,3.304627
patchcore_r18_1,bottle,1,full,test,broken_small,test/broken_small/002.png,3.316386
patchcore_r18_1,bottle,1,full,test,broken_small,test/broken_small/003.png,3.543783
patchcore_r18_1,bottle,1,full,test,broken_small,test/broken_small/004.png,3.800525
patchcore_r18_1,bottle,1,full,test,broken_small,test/broken_small/005.png,3.082980
patchcore_r18_1,bottle,1,full,test,broken_small,test/broken_small/006.png,3.114232
patchcore_r18_1,bottle,1,full,test,broken_small,test/broken_small/007.png,2.740565
patchcore_r18_1,bottle,1,full,test,broken_small,test/broken_small/008.png,2.714921
patchcore_r18_1,bottle,1,full,test,broken_small,test/broken_small/009.png,3.432341
patchcore_r18_1,bottle,1,full,test,broken_small,test/broken_small/010.png,3.424776
patchcore_r18_1,bottle,1,full,test,broken_small,test/broken_small/011.png,2.875123
patchcore_r18_1,bottle,1,full,test,broken_small,test/broken_small/012.png,3.501255
patchcore_r18_1,bottle,1,full,test,broken_small,test/broken_small/013.png,2.847194
patchcore_r18_1,bottle,1,full,test,broken_small,test/broken_small/014.png,2.883132
patchcore_r18_1,bottle,1,full,test,broken_small,test/broken_small/015.png,3.031132
patchcore_r18_1,bottle,1,full,test,broken_small,test/broken_small/016.png,3.405705
patchcore_r18_1,bottle,1,full,test,broken_small,test/broken_small/017.png,3.762241
patchcore_r18_1,bottle,1,full,test,broken_small,test/broken_small/018.png,3.907889
patchcore_r18_1,bottle,1,full,test,broken_small,test/broken_small/019.png,3.319973
patchcore_r18_1,bottle,1,full,test,broken_small,test/broken_small/020.png,3.573910
patchcore_r18_1,bottle,1,full,test,broken_small,test/broken_small/021.png,3.323896
patchcore_r18_1,bottle,1,full,test,contamination,test/contamination/000.png,2.861408
patchcore_r18_1,bottle,1,full,test,contamination,test/contamination/001.png,2.370877
patchcore_r18_1,bottle,1,full,test,contamination,test/contamination/002.png,3.059299
patchcore_r18_1,bottle,1,full,test,contamination,test/contamination/003.png,1.886596
patchcore_r18_1,bottle,1,full,test,contamination,test/contamination/004.png,2.104621
patchcore_r18_1,bottle,1,full,test,contamination,test/contamination/005.png,3.244628
patchcore_r18_1,bottle,1,full,test,contamination,test/contamination/006.png,2.804000
patchcore_r18_1,bottle,1,full,test,contamination,test/contamination/007.png,4.121198
patchcore_r18_1,bottle,1,full,test,contamination,test/contamination/008.png,2.969485
patchcore_r18_1,bottle,1,full,test,contamination,test/contamination/009.png,2.985852
patchcore_r18_1,bottle,1,full,test,contamination,test/contamination/010.png,3.030137
patchcore_r18_1,bottle,1,full,test,contamination,test/contamination/011.png,2.592848
patchcore_r18_1,bottle,1,full,test,contamination,test/contamination/012.png,2.300596
patchcore_r18_1,bottle,1,full,test,contamination,test/contamination/013.png,3.355136
patchcore_r18_1,bottle,1,full,test,contamination,test/contamination/014.png,2.247684
patchcore_r18_1,bottle,1,full,test,contamination,test/contamination/015.png,3.191166
patchcore_r18_1,bottle,1,full,test,contamination,test/contamination/016.png,2.537842
patchcore_r18_1,bottle,1,full,test,contamination,test/contamination/017.png,3.754788
patchcore_r18_1,bottle,1,full,test,contamination,test/contamination/018.png,3.593590
patchcore_r18_1,bottle,1,full,test,contamination,test/contamination/019.png,2.051953
patchcore_r18_1,bottle,1,full,test,contamination,test/contamination/020.png,2.253570
patchcore_r18_1,bottle,1,full,test,good,test/good/000.png,1.409512
patchcore_r18_1,bottle,1,full,test,good,test/good/001.png,1.680667
patchcore_r18_1,bottle,1,full,test,good,test/good/002.png,1.651810
patchcore_r18_1,bottle,1,full,test,good,test/good/003.png,1.357373
patchcore_r18_1,bottle,1,full,test,good,test/good/004.png,1.359787
patchcore_r18_1,bottle,1,full,test,good,test/good/005.png,1.390030
patchcore_r18_1,bottle,1,full,test,good,test/good/006.png,1.551260
patchcore_r18_1,bottle,1,full,test,good,test/good/007.png,1.478345
patchcore_r18_1,bottle,1,full,test,good,test/good/008.png,1.427591
patchcore_r18_1,bottle,1,full,test,good,test/good/009.png,1.544328
patchcore_r18_1,bottle,1,full,test,good,test/good/010.png,1.514798
patchcore_r18_1,bottle,1,full,test,good,test/good/011.png,1.379928
patchcore_r18_1,bottle,1,full,test,good,test/good/012.png,1.398798
patchcore_r18_1,bottle,1,full,test,good,test/good/013.png,1.387698
patchcore_r18_1,bottle,1,full,test,good,test/good/014.png,1.426760
patchcore_r18_1,bottle,1,full,test,good,test/good/015.png,1.571965
patchcore_r18_1,bottle,1,full,test,good,test/good/016.png,1.547668
patchcore_r18_1,bottle,1,full,test,good,test/good/017.png,1.468588
patchcore_r18_1,bottle,1,full,test,good,test/good/018.png,1.502056
patchcore_r18_1,bottle,1,full,test,good,test/good/019.png,1.514837
patchcore_r18_1,bottle,1,gate,calibration,good,train/good/001.png,1.412332
patchcore_r18_1,bottle,1,gate,calibration,good,train/good/005.png,1.387918
patchcore_r18_1,bottle,1,gate,calibration,good,train/good/007.png,1.421619
patchcore_r18_1,bottle,1,gate,calibration,good,train/good/008.png,1.507701
patchcore_r18_1,bottle,1,gate,calibration,good,train/good/009.png,1.536453
patchcore_r18_1,bottle,1,gate,calibration,good,train/good/020.png,1.653922
patchcore_r18_1,bottle,1,gate,calibration,good,train/good/021.png,1.510969
patchcore_r18_1,bottle,1,gate,calibration,good,train/good/022.png,1.420459
patchcore_r18_1,bottle,1,gate,calibration,good,train/good/024.png,1.483459
patchcore_r18_1,bottle,1,gate,calibration,good,train/good/029.png,1.509646
patchcore_r18_1,bottle,1,gate,calibration,good,train/good/031.png,1.411701
patchcore_r18_1,bottle,1,gate,calibration,good,train/good/043.png,1.497443
patchcore_r18_1,bottle,1,gate,calibration,good,train/good/052.png,1.469115
patchcore_r18_1,bottle,1,gate,calibration,good,train/good/059.png,1.499784
patchcore_r18_1,bottle,1,gate,calibration,good,train/good/063.png,1.406745
patchcore_r18_1,bottle,1,gate,calibration,good,train/good/070.png,1.398800
patchcore_r18_1,bottle,1,gate,calibration,good,train/good/080.png,1.365381
patchcore_r18_1,bottle,1,gate,calibration,good,train/good/084.png,1.553546
patchcore_r18_1,bottle,1,gate,calibration,good,train/good/094.png,1.368677
patchcore_r18_1,bottle,1,gate,calibration,good,train/good/097.png,1.484493
patchcore_r18_1,bottle,1,gate,calibration,good,train/good/106.png,1.515152
patchcore_r18_1,bottle,1,gate,calibration,good,train/good/110.png,1.411553
patchcore_r18_1,bottle,1,gate,calibration,good,train/good/111.png,1.513345
patchcore_r18_1,bottle,1,gate,calibration,good,train/good/112.png,1.411855
patchcore_r18_1,bottle,1,gate,calibration,good,train/good/113.png,1.360668
patchcore_r18_1,bottle,1,gate,calibration,good,train/good/119.png,1.623388
patchcore_r18_1,bottle,1,gate,calibration,good,train/good/121.png,1.394100
patchcore_r18_1,bottle,1,gate,calibration,good,train/good/131.png,1.623372
patchcore_r18_1,bottle,1,gate,calibration,good,train/good/134.png,1.492752
patchcore_r18_1,bottle,1,gate,calibration,good,train/good/148.png,1.516117
patchcore_r18_1,bottle,1,gate,calibration,good,train/good/152.png,1.436204
patchcore_r18_1,bottle,1,gate,calibration,good,train/good/156.png,1.496671
patchcore_r18_1,bottle,1,gate,calibration,good,train/good/158.png,1.491383
patchcore_r18_1,bottle,1,gate,calibration,good,train/good/163.png,1.428607
patchcore_r18_1,bottle,1,gate,calibration,good,train/good/166.png,1.499733
patchcore_r18_1,bottle,1,gate,calibration,good,train/good/175.png,1.653407
patchcore_r18_1,bottle,1,gate,calibration,good,train/good/176.png,1.374483
patchcore_r18_1,bottle,1,gate,calibration,good,train/good/184.png,1.407744
patchcore_r18_1,bottle,1,gate,calibration,good,train/good/189.png,1.402366
patchcore_r18_1,bottle,1,gate,calibration,good,train/good/191.png,1.407347
patchcore_r18_1,bottle,1,gate,calibration,good,train/good/193.png,1.403594
patchcore_r18_1,bottle,1,gate,calibration,good,train/good/195.png,1.408638
patchcore_r18_1,bottle,1,gate,test,broken_large,test/broken_large/000.png,3.331098
patchcore_r18_1,bottle,1,gate,test,broken_large,test/broken_large/001.png,3.629838
patchcore_r18_1,bottle,1,gate,test,broken_large,test/broken_large/002.png,3.109374
patchcore_r18_1,bottle,1,gate,test,broken_large,test/broken_large/003.png,3.511533
patchcore_r18_1,bottle,1,gate,test,broken_large,test/broken_large/004.png,3.705765
patchcore_r18_1,bottle,1,gate,test,broken_large,test/broken_large/005.png,3.282192
patchcore_r18_1,bottle,1,gate,test,broken_large,test/broken_large/006.png,3.756379
patchcore_r18_1,bottle,1,gate,test,broken_large,test/broken_large/007.png,3.048028
patchcore_r18_1,bottle,1,gate,test,broken_large,test/broken_large/008.png,3.464112
patchcore_r18_1,bottle,1,gate,test,broken_large,test/broken_large/009.png,3.209965
patchcore_r18_1,bottle,1,gate,test,broken_large,test/broken_large/010.png,3.344481
patchcore_r18_1,bottle,1,gate,test,broken_large,test/broken_large/011.png,2.997784
patchcore_r18_1,bottle,1,gate,test,broken_large,test/broken_large/012.png,3.556431
patchcore_r18_1,bottle,1,gate,test,broken_large,test/broken_large/013.png,3.103976
patchcore_r18_1,bottle,1,gate,test,broken_large,test/broken_large/014.png,3.403198
patchcore_r18_1,bottle,1,gate,test,broken_large,test/broken_large/015.png,3.275247
patchcore_r18_1,bottle,1,gate,test,broken_large,test/broken_large/016.png,3.248525
patchcore_r18_1,bottle,1,gate,test,broken_large,test/broken_large/017.png,3.435828
patchcore_r18_1,bottle,1,gate,test,broken_large,test/broken_large/018.png,3.388032
patchcore_r18_1,bottle,1,gate,test,broken_large,test/broken_large/019.png,3.373063
patchcore_r18_1,bottle,1,gate,test,broken_small,test/broken_small/000.png,2.441097
patchcore_r18_1,bottle,1,gate,test,broken_small,test/broken_small/001.png,3.253422
patchcore_r18_1,bottle,1,gate,test,broken_small,test/broken_small/002.png,3.301296
patchcore_r18_1,bottle,1,gate,test,broken_small,test/broken_small/003.png,3.559731
patchcore_r18_1,bottle,1,gate,test,broken_small,test/broken_small/004.png,3.851890
patchcore_r18_1,bottle,1,gate,test,broken_small,test/broken_small/005.png,3.182196
patchcore_r18_1,bottle,1,gate,test,broken_small,test/broken_small/006.png,3.149674
patchcore_r18_1,bottle,1,gate,test,broken_small,test/broken_small/007.png,2.740565
patchcore_r18_1,bottle,1,gate,test,broken_small,test/broken_small/008.png,2.823233
patchcore_r18_1,bottle,1,gate,test,broken_small,test/broken_small/009.png,3.408843
patchcore_r18_1,bottle,1,gate,test,broken_small,test/broken_small/010.png,3.478577
patchcore_r18_1,bottle,1,gate,test,broken_small,test/broken_small/011.png,2.991223
patchcore_r18_1,bottle,1,gate,test,broken_small,test/broken_small/012.png,3.475239
patchcore_r18_1,bottle,1,gate,test,broken_small,test/broken_small/013.png,2.887858
patchcore_r18_1,bottle,1,gate,test,broken_small,test/broken_small/014.png,2.889706
patchcore_r18_1,bottle,1,gate,test,broken_small,test/broken_small/015.png,3.017481
patchcore_r18_1,bottle,1,gate,test,broken_small,test/broken_small/016.png,3.416675
patchcore_r18_1,bottle,1,gate,test,broken_small,test/broken_small/017.png,3.793262
patchcore_r18_1,bottle,1,gate,test,broken_small,test/broken_small/018.png,3.894791
patchcore_r18_1,bottle,1,gate,test,broken_small,test/broken_small/019.png,3.371814
patchcore_r18_1,bottle,1,gate,test,broken_small,test/broken_small/020.png,3.655527
patchcore_r18_1,bottle,1,gate,test,broken_small,test/broken_small/021.png,3.324594
patchcore_r18_1,bottle,1,gate,test,contamination,test/contamination/000.png,2.885305
patchcore_r18_1,bottle,1,gate,test,contamination,test/contamination/001.png,2.431245
patchcore_r18_1,bottle,1,gate,test,contamination,test/contamination/002.png,3.092567
patchcore_r18_1,bottle,1,gate,test,contamination,test/contamination/003.png,1.901925
patchcore_r18_1,bottle,1,gate,test,contamination,test/contamination/004.png,2.168296
patchcore_r18_1,bottle,1,gate,test,contamination,test/contamination/005.png,3.223640
patchcore_r18_1,bottle,1,gate,test,contamination,test/contamination/006.png,2.934337
patchcore_r18_1,bottle,1,gate,test,contamination,test/contamination/007.png,4.159058
patchcore_r18_1,bottle,1,gate,test,contamination,test/contamination/008.png,2.969485
patchcore_r18_1,bottle,1,gate,test,contamination,test/contamination/009.png,2.957423
patchcore_r18_1,bottle,1,gate,test,contamination,test/contamination/010.png,3.016923
patchcore_r18_1,bottle,1,gate,test,contamination,test/contamination/011.png,2.604244
patchcore_r18_1,bottle,1,gate,test,contamination,test/contamination/012.png,2.219779
patchcore_r18_1,bottle,1,gate,test,contamination,test/contamination/013.png,3.338390
patchcore_r18_1,bottle,1,gate,test,contamination,test/contamination/014.png,2.285139
patchcore_r18_1,bottle,1,gate,test,contamination,test/contamination/015.png,3.134329
patchcore_r18_1,bottle,1,gate,test,contamination,test/contamination/016.png,2.501724
patchcore_r18_1,bottle,1,gate,test,contamination,test/contamination/017.png,3.953907
patchcore_r18_1,bottle,1,gate,test,contamination,test/contamination/018.png,3.550431
patchcore_r18_1,bottle,1,gate,test,contamination,test/contamination/019.png,2.008135
patchcore_r18_1,bottle,1,gate,test,contamination,test/contamination/020.png,2.377285
patchcore_r18_1,bottle,1,gate,test,good,test/good/000.png,1.420114
patchcore_r18_1,bottle,1,gate,test,good,test/good/001.png,1.598433
patchcore_r18_1,bottle,1,gate,test,good,test/good/002.png,1.605383
patchcore_r18_1,bottle,1,gate,test,good,test/good/003.png,1.413316
patchcore_r18_1,bottle,1,gate,test,good,test/good/004.png,1.374416
patchcore_r18_1,bottle,1,gate,test,good,test/good/005.png,1.414718
patchcore_r18_1,bottle,1,gate,test,good,test/good/006.png,1.632350
patchcore_r18_1,bottle,1,gate,test,good,test/good/007.png,1.554946
patchcore_r18_1,bottle,1,gate,test,good,test/good/008.png,1.523622
patchcore_r18_1,bottle,1,gate,test,good,test/good/009.png,1.439578
patchcore_r18_1,bottle,1,gate,test,good,test/good/010.png,1.502946
patchcore_r18_1,bottle,1,gate,test,good,test/good/011.png,1.469421
patchcore_r18_1,bottle,1,gate,test,good,test/good/012.png,1.442733
patchcore_r18_1,bottle,1,gate,test,good,test/good/013.png,1.435733
patchcore_r18_1,bottle,1,gate,test,good,test/good/014.png,1.453826
patchcore_r18_1,bottle,1,gate,test,good,test/good/015.png,1.563620
patchcore_r18_1,bottle,1,gate,test,good,test/good/016.png,1.452390
patchcore_r18_1,bottle,1,gate,test,good,test/good/017.png,1.453734
patchcore_r18_1,bottle,1,gate,test,good,test/good/018.png,1.480716
patchcore_r18_1,bottle,1,gate,test,good,test/good/019.png,1.581452
patchcore_r18_1,bottle,2,full,test,broken_large,test/broken_large/000.png,3.336436
patchcore_r18_1,bottle,2,full,test,broken_large,test/broken_large/001.png,3.605797
patchcore_r18_1,bottle,2,full,test,broken_large,test/broken_large/002.png,3.015995
patchcore_r18_1,bottle,2,full,test,broken_large,test/broken_large/003.png,3.511533
patchcore_r18_1,bottle,2,full,test,broken_large,test/broken_large/004.png,3.673351
patchcore_r18_1,bottle,2,full,test,broken_large,test/broken_large/005.png,3.249905
patchcore_r18_1,bottle,2,full,test,broken_large,test/broken_large/006.png,3.786786
patchcore_r18_1,bottle,2,full,test,broken_large,test/broken_large/007.png,3.032578
patchcore_r18_1,bottle,2,full,test,broken_large,test/broken_large/008.png,3.423721
patchcore_r18_1,bottle,2,full,test,broken_large,test/broken_large/009.png,2.934933
patchcore_r18_1,bottle,2,full,test,broken_large,test/broken_large/010.png,3.328312
patchcore_r18_1,bottle,2,full,test,broken_large,test/broken_large/011.png,2.997784
patchcore_r18_1,bottle,2,full,test,broken_large,test/broken_large/012.png,3.517948
patchcore_r18_1,bottle,2,full,test,broken_large,test/broken_large/013.png,3.067676
patchcore_r18_1,bottle,2,full,test,broken_large,test/broken_large/014.png,3.385860
patchcore_r18_1,bottle,2,full,test,broken_large,test/broken_large/015.png,3.244814
patchcore_r18_1,bottle,2,full,test,broken_large,test/broken_large/016.png,3.272785
patchcore_r18_1,bottle,2,full,test,broken_large,test/broken_large/017.png,3.448761
patchcore_r18_1,bottle,2,full,test,broken_large,test/broken_large/018.png,3.306560
patchcore_r18_1,bottle,2,full,test,broken_large,test/broken_large/019.png,3.391021
patchcore_r18_1,bottle,2,full,test,broken_small,test/broken_small/000.png,2.532816
patchcore_r18_1,bottle,2,full,test,broken_small,test/broken_small/001.png,3.253422
patchcore_r18_1,bottle,2,full,test,broken_small,test/broken_small/002.png,3.345544
patchcore_r18_1,bottle,2,full,test,broken_small,test/broken_small/003.png,3.532664
patchcore_r18_1,bottle,2,full,test,broken_small,test/broken_small/004.png,3.783679
patchcore_r18_1,bottle,2,full,test,broken_small,test/broken_small/005.png,3.168756
patchcore_r18_1,bottle,2,full,test,broken_small,test/broken_small/006.png,3.175172
patchcore_r18_1,bottle,2,full,test,broken_small,test/broken_small/007.png,2.713129
patchcore_r18_1,bottle,2,full,test,broken_small,test/broken_small/008.png,2.823233
patchcore_r18_1,bottle,2,full,test,broken_small,test/broken_small/009.png,3.378452
patchcore_r18_1,bottle,2,full,test,broken_small,test/broken_small/010.png,3.498773
patchcore_r18_1,bottle,2,full,test,broken_small,test/broken_small/011.png,2.942621
patchcore_r18_1,bottle,2,full,test,broken_small,test/broken_small/012.png,3.475239
patchcore_r18_1,bottle,2,full,test,broken_small,test/broken_small/013.png,2.928330
patchcore_r18_1,bottle,2,full,test,broken_small,test/broken_small/014.png,2.911418
patchcore_r18_1,bottle,2,full,test,broken_small,test/broken_small/015.png,3.017481
patchcore_r18_1,bottle,2,full,test,broken_small,test/broken_small/016.png,3.435653
patchcore_r18_1,bottle,2,full,test,broken_small,test/broken_small/017.png,3.797479
patchcore_r18_1,bottle,2,full,test,broken_small,test/broken_small/018.png,3.911353
patchcore_r18_1,bottle,2,full,test,broken_small,test/broken_small/019.png,3.358738
patchcore_r18_1,bottle,2,full,test,broken_small,test/broken_small/020.png,3.693252
patchcore_r18_1,bottle,2,full,test,broken_small,test/broken_small/021.png,3.439289
patchcore_r18_1,bottle,2,full,test,contamination,test/contamination/000.png,2.836144
patchcore_r18_1,bottle,2,full,test,contamination,test/contamination/001.png,2.408119
patchcore_r18_1,bottle,2,full,test,contamination,test/contamination/002.png,3.040856
patchcore_r18_1,bottle,2,full,test,contamination,test/contamination/003.png,1.891026
patchcore_r18_1,bottle,2,full,test,contamination,test/contamination/004.png,2.154949
patchcore_r18_1,bottle,2,full,test,contamination,test/contamination/005.png,3.215017
patchcore_r18_1,bottle,2,full,test,contamination,test/contamination/006.png,2.785702
patchcore_r18_1,bottle,2,full,test,contamination,test/contamination/007.png,4.074357
patchcore_r18_1,bottle,2,full,test,contamination,test/contamination/008.png,2.970905
patchcore_r18_1,bottle,2,full,test,contamination,test/contamination/009.png,2.937977
patchcore_r18_1,bottle,2,full,test,contamination,test/contamination/010.png,3.016923
patchcore_r18_1,bottle,2,full,test,contamination,test/contamination/011.png,2.525314
patchcore_r18_1,bottle,2,full,test,contamination,test/contamination/012.png,2.309345
patchcore_r18_1,bottle,2,full,test,contamination,test/contamination/013.png,3.330499
patchcore_r18_1,bottle,2,full,test,contamination,test/contamination/014.png,2.285139
patchcore_r18_1,bottle,2,full,test,contamination,test/contamination/015.png,3.151178
patchcore_r18_1,bottle,2,full,test,contamination,test/contamination/016.png,2.491266
patchcore_r18_1,bottle,2,full,test,contamination,test/contamination/017.png,3.814637
patchcore_r18_1,bottle,2,full,test,contamination,test/contamination/018.png,3.500808
patchcore_r18_1,bottle,2,full,test,contamination,test/contamination/019.png,2.155008
patchcore_r18_1,bottle,2,full,test,contamination,test/contamination/020.png,2.216775
patchcore_r18_1,bottle,2,full,test,good,test/good/000.png,1.538768
patchcore_r18_1,bottle,2,full,test,good,test/good/001.png,1.610972
patchcore_r18_1,bottle,2,full,test,good,test/good/002.png,1.585696
patchcore_r18_1,bottle,2,full,test,good,test/good/003.png,1.355766
patchcore_r18_1,bottle,2,full,test,good,test/good/004.png,1.394359
patchcore_r18_1,bottle,2,full,test,good,test/good/005.png,1.361454
patchcore_r18_1,bottle,2,full,test,good,test/good/006.png,1.527583
patchcore_r18_1,bottle,2,full,test,good,test/good/007.png,1.434719
patchcore_r18_1,bottle,2,full,test,good,test/good/008.png,1.478877
patchcore_r18_1,bottle,2,full,test,good,test/good/009.png,1.481933
patchcore_r18_1,bottle,2,full,test,good,test/good/010.png,1.448158
patchcore_r18_1,bottle,2,full,test,good,test/good/011.png,1.384005
patchcore_r18_1,bottle,2,full,test,good,test/good/012.png,1.395995
patchcore_r18_1,bottle,2,full,test,good,test/good/013.png,1.385651
patchcore_r18_1,bottle,2,full,test,good,test/good/014.png,1.493807
patchcore_r18_1,bottle,2,full,test,good,test/good/015.png,1.719200
patchcore_r18_1,bottle,2,full,test,good,test/good/016.png,1.553310
patchcore_r18_1,bottle,2,full,test,good,test/good/017.png,1.365204
patchcore_r18_1,bottle,2,full,test,good,test/good/018.png,1.433341
patchcore_r18_1,bottle,2,full,test,good,test/good/019.png,1.489118
patchcore_r18_1,bottle,2,gate,calibration,good,train/good/000.png,1.449761
patchcore_r18_1,bottle,2,gate,calibration,good,train/good/011.png,1.429026
patchcore_r18_1,bottle,2,gate,calibration,good,train/good/026.png,1.488499
patchcore_r18_1,bottle,2,gate,calibration,good,train/good/032.png,1.500997
patchcore_r18_1,bottle,2,gate,calibration,good,train/good/038.png,1.704542
patchcore_r18_1,bottle,2,gate,calibration,good,train/good/039.png,1.560225
patchcore_r18_1,bottle,2,gate,calibration,good,train/good/042.png,1.862364
patchcore_r18_1,bottle,2,gate,calibration,good,train/good/045.png,1.468560
patchcore_r18_1,bottle,2,gate,calibration,good,train/good/053.png,1.496355
patchcore_r18_1,bottle,2,gate,calibration,good,train/good/059.png,1.520377
patchcore_r18_1,bottle,2,gate,calibration,good,train/good/066.png,1.378789
patchcore_r18_1,bottle,2,gate,calibration,good,train/good/067.png,1.412817
patchcore_r18_1,bottle,2,gate,calibration,good,train/good/071.png,1.500436
patchcore_r18_1,bottle,2,gate,calibration,good,train/good/075.png,1.427334
patchcore_r18_1,bottle,2,gate,calibration,good,train/good/081.png,1.488348
patchcore_r18_1,bottle,2,gate,calibration,good,train/good/093.png,1.409395
patchcore_r18_1,bottle,2,gate,calibration,good,train/good/096.png,1.390069
patchcore_r18_1,bottle,2,gate,calibration,good,train/good/098.png,1.459115
patchcore_r18_1,bottle,2,gate,calibration,good,train/good/104.png,1.463555
patchcore_r18_1,bottle,2,gate,calibration,good,train/good/126.png,1.408436
patchcore_r18_1,bottle,2,gate,calibration,good,train/good/132.png,1.896563
patchcore_r18_1,bottle,2,gate,calibration,good,train/good/135.png,1.843560
patchcore_r18_1,bottle,2,gate,calibration,good,train/good/136.png,1.375219
patchcore_r18_1,bottle,2,gate,calibration,good,train/good/140.png,1.748539
patchcore_r18_1,bottle,2,gate,calibration,good,train/good/146.png,1.436090
patchcore_r18_1,bottle,2,gate,calibration,good,train/good/148.png,1.579449
patchcore_r18_1,bottle,2,gate,calibration,good,train/good/150.png,1.547464
patchcore_r18_1,bottle,2,gate,calibration,good,train/good/151.png,1.399110
patchcore_r18_1,bottle,2,gate,calibration,good,train/good/155.png,1.518205
patchcore_r18_1,bottle,2,gate,calibration,good,train/good/161.png,1.478185
patchcore_r18_1,bottle,2,gate,calibration,good,train/good/162.png,1.405403
patchcore_r18_1,bottle,2,gate,calibration,good,train/good/163.png,1.426263
patchcore_r18_1,bottle,2,gate,calibration,good,train/good/168.png,1.380939
patchcore_r18_1,bottle,2,gate,calibration,good,train/good/170.png,1.463434
patchcore_r18_1,bottle,2,gate,calibration,good,train/good/176.png,1.398376
patchcore_r18_1,bottle,2,gate,calibration,good,train/good/182.png,1.517146
patchcore_r18_1,bottle,2,gate,calibration,good,train/good/186.png,1.461144
patchcore_r18_1,bottle,2,gate,calibration,good,train/good/189.png,1.394020
patchcore_r18_1,bottle,2,gate,calibration,good,train/good/200.png,1.481990
patchcore_r18_1,bottle,2,gate,calibration,good,train/good/203.png,1.475737
patchcore_r18_1,bottle,2,gate,calibration,good,train/good/206.png,1.495964
patchcore_r18_1,bottle,2,gate,calibration,good,train/good/208.png,1.440829
patchcore_r18_1,bottle,2,gate,test,broken_large,test/broken_large/000.png,3.311191
patchcore_r18_1,bottle,2,gate,test,broken_large,test/broken_large/001.png,3.671574
patchcore_r18_1,bottle,2,gate,test,broken_large,test/broken_large/002.png,3.076839
patchcore_r18_1,bottle,2,gate,test,broken_large,test/broken_large/003.png,3.605130
patchcore_r18_1,bottle,2,gate,test,broken_large,test/broken_large/004.png,3.753843
patchcore_r18_1,bottle,2,gate,test,broken_large,test/broken_large/005.png,3.249820
patchcore_r18_1,bottle,2,gate,test,broken_large,test/broken_large/006.png,3.758028
patchcore_r18_1,bottle,2,gate,test,broken_large,test/broken_large/007.png,3.212587
patchcore_r18_1,bottle,2,gate,test,broken_large,test/broken_large/008.png,3.401373
patchcore_r18_1,bottle,2,gate,test,broken_large,test/broken_large/009.png,3.258930
patchcore_r18_1,bottle,2,gate,test,broken_large,test/broken_large/010.png,3.308127
patchcore_r18_1,bottle,2,gate,test,broken_large,test/broken_large/011.png,3.143148
patchcore_r18_1,bottle,2,gate,test,broken_large,test/broken_large/012.png,3.609076
patchcore_r18_1,bottle,2,gate,test,broken_large,test/broken_large/013.png,3.064873
patchcore_r18_1,bottle,2,gate,test,broken_large,test/broken_large/014.png,3.371594
patchcore_r18_1,bottle,2,gate,test,broken_large,test/broken_large/015.png,3.328525
patchcore_r18_1,bottle,2,gate,test,broken_large,test/broken_large/016.png,3.311520
patchcore_r18_1,bottle,2,gate,test,broken_large,test/broken_large/017.png,3.489849
patchcore_r18_1,bottle,2,gate,test,broken_large,test/broken_large/018.png,3.350401
patchcore_r18_1,bottle,2,gate,test,broken_large,test/broken_large/019.png,3.368871
patchcore_r18_1,bottle,2,gate,test,broken_small,test/broken_small/000.png,2.577411
patchcore_r18_1,bottle,2,gate,test,broken_small,test/broken_small/001.png,3.343540
patchcore_r18_1,bottle,2,gate,test,broken_small,test/broken_small/002.png,3.331779
patchcore_r18_1,bottle,2,gate,test,broken_small,test/broken_small/003.png,3.559731
patchcore_r18_1,bottle,2,gate,test,broken_small,test/broken_small/004.png,3.800525
patchcore_r18_1,bottle,2,gate,test,broken_small,test/broken_small/005.png,3.189098
patchcore_r18_1,bottle,2,gate,test,broken_small,test/broken_small/006.png,3.167620
patchcore_r18_1,bottle,2,gate,test,broken_small,test/broken_small/007.png,2.753359
patchcore_r18_1,bottle,2,gate,test,broken_small,test/broken_small/008.png,2.909415
patchcore_r18_1,bottle,2,gate,test,broken_small,test/broken_small/009.png,3.432341
patchcore_r18_1,bottle,2,gate,test,broken_small,test/broken_small/010.png,3.508442
patchcore_r18_1,bottle,2,gate,test,broken_small,test/broken_small/011.png,2.875121
patchcore_r18_1,bottle,2,gate,test,broken_small,test/broken_small/012.png,3.587382
patchcore_r18_1,bottle,2,gate,test,broken_small,test/broken_small/013.png,2.798804
patchcore_r18_1,bottle,2,gate,test,broken_small,test/broken_small/014.png,2.890746
patchcore_r18_1,bottle,2,gate,test,broken_small,test/broken_small/015.png,3.031991
patchcore_r18_1,bottle,2,gate,test,broken_small,test/broken_small/016.png,3.456063
patchcore_r18_1,bottle,2,gate,test,broken_small,test/broken_small/017.png,3.784748
patchcore_r18_1,bottle,2,gate,test,broken_small,test/broken_small/018.png,3.894791
patchcore_r18_1,bottle,2,gate,test,broken_small,test/broken_small/019.png,3.320380
patchcore_r18_1,bottle,2,gate,test,broken_small,test/broken_small/020.png,3.743680
patchcore_r18_1,bottle,2,gate,test,broken_small,test/broken_small/021.png,3.449264
patchcore_r18_1,bottle,2,gate,test,contamination,test/contamination/000.png,2.908575
patchcore_r18_1,bottle,2,gate,test,contamination,test/contamination/001.png,2.419677
patchcore_r18_1,bottle,2,gate,test,contamination,test/contamination/002.png,3.037182
patchcore_r18_1,bottle,2,gate,test,contamination,test/contamination/003.png,1.999053
patchcore_r18_1,bottle,2,gate,test,contamination,test/contamination/004.png,2.154949
patchcore_r18_1,bottle,2,gate,test,contamination,test/contamination/005.png,3.228914
patchcore_r18_1,bottle,2,gate,test,contamination,test/contamination/006.png,2.833373
patchcore_r18_1,bottle,2,gate,test,contamination,test/contamination/007.png,4.074612
patchcore_r18_1,bottle,2,gate,test,contamination,test/contamination/008.png,2.969485
patchcore_r18_1,bottle,2,gate,test,contamination,test/contamination/009.png,3.119927
patchcore_r18_1,bottle,2,gate,test,contamination,test/contamination/010.png,3.140878
patchcore_r18_1,bottle,2,gate,test,contamination,test/contamination/011.png,2.602520
patchcore_r18_1,bottle,2,gate,test,contamination,test/contamination/012.png,2.215253
patchcore_r18_1,bottle,2,gate,test,contamination,test/contamination/013.png,3.324000
patchcore_r18_1,bottle,2,gate,test,contamination,test/contamination/014.png,2.310190
patchcore_r18_1,bottle,2,gate,test,contamination,test/contamination/015.png,3.216676
patchcore_r18_1,bottle,2,gate,test,contamination,test/contamination/016.png,2.512733
patchcore_r18_1,bottle,2,gate,test,contamination,test/contamination/017.png,3.814637
patchcore_r18_1,bottle,2,gate,test,contamination,test/contamination/018.png,3.662452
patchcore_r18_1,bottle,2,gate,test,contamination,test/contamination/019.png,2.155008
patchcore_r18_1,bottle,2,gate,test,contamination,test/contamination/020.png,2.271385
patchcore_r18_1,bottle,2,gate,test,good,test/good/000.png,1.438201
patchcore_r18_1,bottle,2,gate,test,good,test/good/001.png,1.738494
patchcore_r18_1,bottle,2,gate,test,good,test/good/002.png,1.650883
patchcore_r18_1,bottle,2,gate,test,good,test/good/003.png,1.392252
patchcore_r18_1,bottle,2,gate,test,good,test/good/004.png,1.437463
patchcore_r18_1,bottle,2,gate,test,good,test/good/005.png,1.420384
patchcore_r18_1,bottle,2,gate,test,good,test/good/006.png,1.535924
patchcore_r18_1,bottle,2,gate,test,good,test/good/007.png,1.596816
patchcore_r18_1,bottle,2,gate,test,good,test/good/008.png,1.420319
patchcore_r18_1,bottle,2,gate,test,good,test/good/009.png,1.535630
patchcore_r18_1,bottle,2,gate,test,good,test/good/010.png,1.545954
patchcore_r18_1,bottle,2,gate,test,good,test/good/011.png,1.397301
patchcore_r18_1,bottle,2,gate,test,good,test/good/012.png,1.493617
patchcore_r18_1,bottle,2,gate,test,good,test/good/013.png,1.418778
patchcore_r18_1,bottle,2,gate,test,good,test/good/014.png,1.516811
patchcore_r18_1,bottle,2,gate,test,good,test/good/015.png,1.653814
patchcore_r18_1,bottle,2,gate,test,good,test/good/016.png,1.529084
patchcore_r18_1,bottle,2,gate,test,good,test/good/017.png,1.461183
patchcore_r18_1,bottle,2,gate,test,good,test/good/018.png,1.553153
patchcore_r18_1,bottle,2,gate,test,good,test/good/019.png,1.663445
patchcore_r18_1,grid,0,full,test,bent,test/bent/000.png,1.992700
patchcore_r18_1,grid,0,full,test,bent,test/bent/001.png,2.264133
patchcore_r18_1,grid,0,full,test,bent,test/bent/002.png,1.981235
patchcore_r18_1,grid,0,full,test,bent,test/bent/003.png,2.264049
patchcore_r18_1,grid,0,full,test,bent,test/bent/004.png,1.906655
patchcore_r18_1,grid,0,full,test,bent,test/bent/005.png,1.950438
patchcore_r18_1,grid,0,full,test,bent,test/bent/006.png,1.923599
patchcore_r18_1,grid,0,full,test,bent,test/bent/007.png,1.938926
patchcore_r18_1,grid,0,full,test,bent,test/bent/008.png,1.860891
patchcore_r18_1,grid,0,full,test,bent,test/bent/009.png,2.109311
patchcore_r18_1,grid,0,full,test,bent,test/bent/010.png,2.366415
patchcore_r18_1,grid,0,full,test,bent,test/bent/011.png,2.196625
patchcore_r18_1,grid,0,full,test,broken,test/broken/000.png,2.027057
patchcore_r18_1,grid,0,full,test,broken,test/broken/001.png,2.391350
patchcore_r18_1,grid,0,full,test,broken,test/broken/002.png,2.242482
patchcore_r18_1,grid,0,full,test,broken,test/broken/003.png,2.395172
patchcore_r18_1,grid,0,full,test,broken,test/broken/004.png,2.292354
patchcore_r18_1,grid,0,full,test,broken,test/broken/005.png,2.082971
patchcore_r18_1,grid,0,full,test,broken,test/broken/006.png,2.132868
patchcore_r18_1,grid,0,full,test,broken,test/broken/007.png,2.088155
patchcore_r18_1,grid,0,full,test,broken,test/broken/008.png,2.023026
patchcore_r18_1,grid,0,full,test,broken,test/broken/009.png,2.486804
patchcore_r18_1,grid,0,full,test,broken,test/broken/010.png,2.277451
patchcore_r18_1,grid,0,full,test,broken,test/broken/011.png,2.004728
patchcore_r18_1,grid,0,full,test,glue,test/glue/000.png,1.671032
patchcore_r18_1,grid,0,full,test,glue,test/glue/001.png,1.714035
patchcore_r18_1,grid,0,full,test,glue,test/glue/002.png,2.095225
patchcore_r18_1,grid,0,full,test,glue,test/glue/003.png,1.627731
patchcore_r18_1,grid,0,full,test,glue,test/glue/004.png,2.123353
patchcore_r18_1,grid,0,full,test,glue,test/glue/005.png,2.255542
patchcore_r18_1,grid,0,full,test,glue,test/glue/006.png,1.638325
patchcore_r18_1,grid,0,full,test,glue,test/glue/007.png,1.733339
patchcore_r18_1,grid,0,full,test,glue,test/glue/008.png,1.525914
patchcore_r18_1,grid,0,full,test,glue,test/glue/009.png,1.748532
patchcore_r18_1,grid,0,full,test,glue,test/glue/010.png,2.237761
patchcore_r18_1,grid,0,full,test,good,test/good/000.png,1.574562
patchcore_r18_1,grid,0,full,test,good,test/good/001.png,1.687495
patchcore_r18_1,grid,0,full,test,good,test/good/002.png,1.621088
patchcore_r18_1,grid,0,full,test,good,test/good/003.png,1.662460
patchcore_r18_1,grid,0,full,test,good,test/good/004.png,1.513323
patchcore_r18_1,grid,0,full,test,good,test/good/005.png,1.636744
patchcore_r18_1,grid,0,full,test,good,test/good/006.png,1.751609
patchcore_r18_1,grid,0,full,test,good,test/good/007.png,1.607138
patchcore_r18_1,grid,0,full,test,good,test/good/008.png,1.594634
patchcore_r18_1,grid,0,full,test,good,test/good/009.png,1.588150
patchcore_r18_1,grid,0,full,test,good,test/good/010.png,1.616514
patchcore_r18_1,grid,0,full,test,good,test/good/011.png,1.645024
patchcore_r18_1,grid,0,full,test,good,test/good/012.png,1.673559
patchcore_r18_1,grid,0,full,test,good,test/good/013.png,1.538826
patchcore_r18_1,grid,0,full,test,good,test/good/014.png,1.643695
patchcore_r18_1,grid,0,full,test,good,test/good/015.png,1.515977
patchcore_r18_1,grid,0,full,test,good,test/good/016.png,1.682522
patchcore_r18_1,grid,0,full,test,good,test/good/017.png,1.616784
patchcore_r18_1,grid,0,full,test,good,test/good/018.png,1.737360
patchcore_r18_1,grid,0,full,test,good,test/good/019.png,1.662287
patchcore_r18_1,grid,0,full,test,good,test/good/020.png,1.734510
patchcore_r18_1,grid,0,full,test,metal_contamination,test/metal_contamination/000.png,2.205319
patchcore_r18_1,grid,0,full,test,metal_contamination,test/metal_contamination/001.png,2.057276
patchcore_r18_1,grid,0,full,test,metal_contamination,test/metal_contamination/002.png,2.540779
patchcore_r18_1,grid,0,full,test,metal_contamination,test/metal_contamination/003.png,2.239603
patchcore_r18_1,grid,0,full,test,metal_contamination,test/metal_contamination/004.png,2.066102
patchcore_r18_1,grid,0,full,test,metal_contamination,test/metal_contamination/005.png,2.260368
patchcore_r18_1,grid,0,full,test,metal_contamination,test/metal_contamination/006.png,1.851372
patchcore_r18_1,grid,0,full,test,metal_contamination,test/metal_contamination/007.png,1.983063
patchcore_r18_1,grid,0,full,test,metal_contamination,test/metal_contamination/008.png,2.061697
patchcore_r18_1,grid,0,full,test,metal_contamination,test/metal_contamination/009.png,1.734468
patchcore_r18_1,grid,0,full,test,metal_contamination,test/metal_contamination/010.png,2.248229
patchcore_r18_1,grid,0,full,test,thread,test/thread/000.png,2.032913
patchcore_r18_1,grid,0,full,test,thread,test/thread/001.png,2.361805
patchcore_r18_1,grid,0,full,test,thread,test/thread/002.png,1.732291
patchcore_r18_1,grid,0,full,test,thread,test/thread/003.png,1.723090
patchcore_r18_1,grid,0,full,test,thread,test/thread/004.png,2.124780
patchcore_r18_1,grid,0,full,test,thread,test/thread/005.png,2.352113
patchcore_r18_1,grid,0,full,test,thread,test/thread/006.png,1.889933
patchcore_r18_1,grid,0,full,test,thread,test/thread/007.png,1.806911
patchcore_r18_1,grid,0,full,test,thread,test/thread/008.png,1.722686
patchcore_r18_1,grid,0,full,test,thread,test/thread/009.png,1.954126
patchcore_r18_1,grid,0,full,test,thread,test/thread/010.png,2.055186
patchcore_r18_1,grid,0,gate,calibration,good,train/good/000.png,1.583326
patchcore_r18_1,grid,0,gate,calibration,good,train/good/006.png,1.600449
patchcore_r18_1,grid,0,gate,calibration,good,train/good/013.png,1.598529
patchcore_r18_1,grid,0,gate,calibration,good,train/good/017.png,1.861302
patchcore_r18_1,grid,0,gate,calibration,good,train/good/018.png,1.888516
patchcore_r18_1,grid,0,gate,calibration,good,train/good/025.png,1.558251
patchcore_r18_1,grid,0,gate,calibration,good,train/good/033.png,1.715225
patchcore_r18_1,grid,0,gate,calibration,good,train/good/036.png,1.643424
patchcore_r18_1,grid,0,gate,calibration,good,train/good/039.png,1.648806
patchcore_r18_1,grid,0,gate,calibration,good,train/good/041.png,1.848001
patchcore_r18_1,grid,0,gate,calibration,good,train/good/065.png,1.679824
patchcore_r18_1,grid,0,gate,calibration,good,train/good/068.png,1.695892
patchcore_r18_1,grid,0,gate,calibration,good,train/good/070.png,1.710713
patchcore_r18_1,grid,0,gate,calibration,good,train/good/071.png,1.608984
patchcore_r18_1,grid,0,gate,calibration,good,train/good/074.png,1.838696
patchcore_r18_1,grid,0,gate,calibration,good,train/good/075.png,1.580025
patchcore_r18_1,grid,0,gate,calibration,good,train/good/092.png,1.618448
patchcore_r18_1,grid,0,gate,calibration,good,train/good/093.png,1.646741
patchcore_r18_1,grid,0,gate,calibration,good,train/good/094.png,1.560434
patchcore_r18_1,grid,0,gate,calibration,good,train/good/097.png,1.632835
patchcore_r18_1,grid,0,gate,calibration,good,train/good/098.png,1.664404
patchcore_r18_1,grid,0,gate,calibration,good,train/good/103.png,1.597391
patchcore_r18_1,grid,0,gate,calibration,good,train/good/111.png,1.891376
patchcore_r18_1,grid,0,gate,calibration,good,train/good/116.png,1.596518
patchcore_r18_1,grid,0,gate,calibration,good,train/good/123.png,1.684701
patchcore_r18_1,grid,0,gate,calibration,good,train/good/124.png,1.589922
patchcore_r18_1,grid,0,gate,calibration,good,train/good/126.png,1.693643
patchcore_r18_1,grid,0,gate,calibration,good,train/good/130.png,1.672063
patchcore_r18_1,grid,0,gate,calibration,good,train/good/132.png,1.685087
patchcore_r18_1,grid,0,gate,calibration,good,train/good/133.png,1.720054
patchcore_r18_1,grid,0,gate,calibration,good,train/good/138.png,1.698526
patchcore_r18_1,grid,0,gate,calibration,good,train/good/140.png,1.563569
patchcore_r18_1,grid,0,gate,calibration,good,train/good/142.png,1.611478
patchcore_r18_1,grid,0,gate,calibration,good,train/good/148.png,1.669236
patchcore_r18_1,grid,0,gate,calibration,good,train/good/149.png,1.560395
patchcore_r18_1,grid,0,gate,calibration,good,train/good/157.png,1.630296
patchcore_r18_1,grid,0,gate,calibration,good,train/good/160.png,1.617328
patchcore_r18_1,grid,0,gate,calibration,good,train/good/161.png,1.670938
patchcore_r18_1,grid,0,gate,calibration,good,train/good/164.png,1.684956
patchcore_r18_1,grid,0,gate,calibration,good,train/good/165.png,1.667415
patchcore_r18_1,grid,0,gate,calibration,good,train/good/167.png,1.637283
patchcore_r18_1,grid,0,gate,calibration,good,train/good/173.png,1.581149
patchcore_r18_1,grid,0,gate,calibration,good,train/good/194.png,1.651460
patchcore_r18_1,grid,0,gate,calibration,good,train/good/200.png,1.670233
patchcore_r18_1,grid,0,gate,calibration,good,train/good/201.png,1.562599
patchcore_r18_1,grid,0,gate,calibration,good,train/good/214.png,1.673512
patchcore_r18_1,grid,0,gate,calibration,good,train/good/223.png,1.716892
patchcore_r18_1,grid,0,gate,calibration,good,train/good/227.png,1.712704
patchcore_r18_1,grid,0,gate,calibration,good,train/good/229.png,1.676651
patchcore_r18_1,grid,0,gate,calibration,good,train/good/235.png,1.599739
patchcore_r18_1,grid,0,gate,calibration,good,train/good/239.png,1.633512
patchcore_r18_1,grid,0,gate,calibration,good,train/good/246.png,1.808505
patchcore_r18_1,grid,0,gate,calibration,good,train/good/249.png,1.650157
patchcore_r18_1,grid,0,gate,test,bent,test/bent/000.png,1.945581
patchcore_r18_1,grid,0,gate,test,bent,test/bent/001.png,2.343742
patchcore_r18_1,grid,0,gate,test,bent,test/bent/002.png,1.955421
patchcore_r18_1,grid,0,gate,test,bent,test/bent/003.png,2.304211
patchcore_r18_1,grid,0,gate,test,bent,test/bent/004.png,2.023805
patchcore_r18_1,grid,0,gate,test,bent,test/bent/005.png,2.144897
patchcore_r18_1,grid,0,gate,test,bent,test/bent/006.png,1.875414
patchcore_r18_1,grid,0,gate,test,bent,test/bent/007.png,1.809733
patchcore_r18_1,grid,0,gate,test,bent,test/bent/008.png,1.960525
patchcore_r18_1,grid,0,gate,test,bent,test/bent/009.png,2.139415
patchcore_r18_1,grid,0,gate,test,bent,test/bent/010.png,2.407866
patchcore_r18_1,grid,0,gate,test,bent,test/bent/011.png,2.153368
patchcore_r18_1,grid,0,gate,test,broken,test/broken/000.png,2.108830
patchcore_r18_1,grid,0,gate,test,broken,test/broken/001.png,2.350905
patchcore_r18_1,grid,0,gate,test,broken,test/broken/002.png,2.290133
patchcore_r18_1,grid,0,gate,test,broken,test/broken/003.png,2.476284
patchcore_r18_1,grid,0,gate,test,broken,test/broken/004.png,2.298759
patchcore_r18_1,grid,0,gate,test,broken,test/broken/005.png,2.085757
patchcore_r18_1,grid,0,gate,test,broken,test/broken/006.png,2.203535
patchcore_r18_1,grid,0,gate,test,broken,test/broken/007.png,2.111636
patchcore_r18_1,grid,0,gate,test,broken,test/broken/008.png,2.183549
patchcore_r18_1,grid,0,gate,test,broken,test/broken/009.png,2.616507
patchcore_r18_1,grid,0,gate,test,broken,test/broken/010.png,2.225257
patchcore_r18_1,grid,0,gate,test,broken,test/broken/011.png,2.256440
patchcore_r18_1,grid,0,gate,test,glue,test/glue/000.png,1.698699
patchcore_r18_1,grid,0,gate,test,glue,test/glue/001.png,1.758775
patchcore_r18_1,grid,0,gate,test,glue,test/glue/002.png,1.895818
patchcore_r18_1,grid,0,gate,test,glue,test/glue/003.png,1.778708
patchcore_r18_1,grid,0,gate,test,glue,test/glue/004.png,2.079431
patchcore_r18_1,grid,0,gate,test,glue,test/glue/005.png,2.289935
patchcore_r18_1,grid,0,gate,test,glue,test/glue/006.png,1.698078
patchcore_r18_1,grid,0,gate,test,glue,test/glue/007.png,1.766778
patchcore_r18_1,grid,0,gate,test,glue,test/glue/008.png,1.565304
patchcore_r18_1,grid,0,gate,test,glue,test/glue/009.png,1.856550
patchcore_r18_1,grid,0,gate,test,glue,test/glue/010.png,2.310917
patchcore_r18_1,grid,0,gate,test,good,test/good/000.png,1.653326
patchcore_r18_1,grid,0,gate,test,good,test/good/001.png,1.699674
patchcore_r18_1,grid,0,gate,test,good,test/good/002.png,1.610897
patchcore_r18_1,grid,0,gate,test,good,test/good/003.png,1.694967
patchcore_r18_1,grid,0,gate,test,good,test/good/004.png,1.582082
patchcore_r18_1,grid,0,gate,test,good,test/good/005.png,1.761398
patchcore_r18_1,grid,0,gate,test,good,test/good/006.png,1.771468
patchcore_r18_1,grid,0,gate,test,good,test/good/007.png,1.702741
patchcore_r18_1,grid,0,gate,test,good,test/good/008.png,1.626880
patchcore_r18_1,grid,0,gate,test,good,test/good/009.png,1.670398
patchcore_r18_1,grid,0,gate,test,good,test/good/010.png,1.641791
patchcore_r18_1,grid,0,gate,test,good,test/good/011.png,1.629874
patchcore_r18_1,grid,0,gate,test,good,test/good/012.png,1.663728
patchcore_r18_1,grid,0,gate,test,good,test/good/013.png,1.629243
patchcore_r18_1,grid,0,gate,test,good,test/good/014.png,1.727526
patchcore_r18_1,grid,0,gate,test,good,test/good/015.png,1.553083
patchcore_r18_1,grid,0,gate,test,good,test/good/016.png,1.736169
patchcore_r18_1,grid,0,gate,test,good,test/good/017.png,1.704974
patchcore_r18_1,grid,0,gate,test,good,test/good/018.png,1.802415
patchcore_r18_1,grid,0,gate,test,good,test/good/019.png,1.692725
patchcore_r18_1,grid,0,gate,test,good,test/good/020.png,1.742781
patchcore_r18_1,grid,0,gate,test,metal_contamination,test/metal_contamination/000.png,2.302574
patchcore_r18_1,grid,0,gate,test,metal_contamination,test/metal_contamination/001.png,2.267968
patchcore_r18_1,grid,0,gate,test,metal_contamination,test/metal_contamination/002.png,2.496075
patchcore_r18_1,grid,0,gate,test,metal_contamination,test/metal_contamination/003.png,2.350142
patchcore_r18_1,grid,0,gate,test,metal_contamination,test/metal_contamination/004.png,2.057696
patchcore_r18_1,grid,0,gate,test,metal_contamination,test/metal_contamination/005.png,2.295831
patchcore_r18_1,grid,0,gate,test,metal_contamination,test/metal_contamination/006.png,1.820479
patchcore_r18_1,grid,0,gate,test,metal_contamination,test/metal_contamination/007.png,1.869403
patchcore_r18_1,grid,0,gate,test,metal_contamination,test/metal_contamination/008.png,2.151693
patchcore_r18_1,grid,0,gate,test,metal_contamination,test/metal_contamination/009.png,1.763642
patchcore_r18_1,grid,0,gate,test,metal_contamination,test/metal_contamination/010.png,2.104229
patchcore_r18_1,grid,0,gate,test,thread,test/thread/000.png,2.017601
patchcore_r18_1,grid,0,gate,test,thread,test/thread/001.png,2.361805
patchcore_r18_1,grid,0,gate,test,thread,test/thread/002.png,1.889076
patchcore_r18_1,grid,0,gate,test,thread,test/thread/003.png,1.760820
patchcore_r18_1,grid,0,gate,test,thread,test/thread/004.png,2.078815
patchcore_r18_1,grid,0,gate,test,thread,test/thread/005.png,2.452340
patchcore_r18_1,grid,0,gate,test,thread,test/thread/006.png,1.915136
patchcore_r18_1,grid,0,gate,test,thread,test/thread/007.png,2.004257
patchcore_r18_1,grid,0,gate,test,thread,test/thread/008.png,1.850556
patchcore_r18_1,grid,0,gate,test,thread,test/thread/009.png,1.970323
patchcore_r18_1,grid,0,gate,test,thread,test/thread/010.png,2.048160
patchcore_r18_1,grid,1,full,test,bent,test/bent/000.png,1.936926
patchcore_r18_1,grid,1,full,test,bent,test/bent/001.png,2.329097
patchcore_r18_1,grid,1,full,test,bent,test/bent/002.png,1.965045
patchcore_r18_1,grid,1,full,test,bent,test/bent/003.png,2.387237
patchcore_r18_1,grid,1,full,test,bent,test/bent/004.png,2.015273
patchcore_r18_1,grid,1,full,test,bent,test/bent/005.png,2.162621
patchcore_r18_1,grid,1,full,test,bent,test/bent/006.png,1.916290
patchcore_r18_1,grid,1,full,test,bent,test/bent/007.png,1.903495
patchcore_r18_1,grid,1,full,test,bent,test/bent/008.png,1.973550
patchcore_r18_1,grid,1,full,test,bent,test/bent/009.png,2.204002
patchcore_r18_1,grid,1,full,test,bent,test/bent/010.png,2.317066
patchcore_r18_1,grid,1,full,test,bent,test/bent/011.png,2.184437
patchcore_r18_1,grid,1,full,test,broken,test/broken/000.png,2.000434
patchcore_r18_1,grid,1,full,test,broken,test/broken/001.png,2.336082
patchcore_r18_1,grid,1,full,test,broken,test/broken/002.png,2.101342
patchcore_r18_1,grid,1,full,test,broken,test/broken/003.png,2.426272
patchcore_r18_1,grid,1,full,test,broken,test/broken/004.png,2.369577
patchcore_r18_1,grid,1,full,test,broken,test/broken/005.png,2.161185
patchcore_r18_1,grid,1,full,test,broken,test/broken/006.png,2.193193
patchcore_r18_1,grid,1,full,test,broken,test/broken/007.png,2.062487
patchcore_r18_1,grid,1,full,test,broken,test/broken/008.png,2.117209
patchcore_r18_1,grid,1,full,test,broken,test/broken/009.png,2.466155
patchcore_r18_1,grid,1,full,test,broken,test/broken/010.png,2.149139
patchcore_r18_1,grid,1,full,test,broken,test/broken/011.png,2.127566
patchcore_r18_1,grid,1,full,test,glue,test/glue/000.png,1.703687
patchcore_r18_1,grid,1,full,test,glue,test/glue/001.png,1.833618
patchcore_r18_1,grid,1,full,test,glue,test/glue/002.png,2.037292
patchcore_r18_1,grid,1,full,test,glue,test/glue/003.png,1.675399
patchcore_r18_1,grid,1,full,test,glue,test/glue/004.png,2.074095
patchcore_r18_1,grid,1,full,test,glue,test/glue/005.png,2.286067
patchcore_r18_1,grid,1,full,test,glue,test/glue/006.png,1.651467
patchcore_r18_1,grid,1,full,test,glue,test/glue/007.png,1.779304
patchcore_r18_1,grid,1,full,test,glue,test/glue/008.png,1.521513
patchcore_r18_1,grid,1,full,test,glue,test/glue/009.png,1.808980
patchcore_r18_1,grid,1,full,test,glue,test/glue/010.png,2.202191
patchcore_r18_1,grid,1,full,test,good,test/good/000.png,1.660519
patchcore_r18_1,grid,1,full,test,good,test/good/001.png,1.589405
patchcore_r18_1,grid,1,full,test,good,test/good/002.png,1.648372
patchcore_r18_1,grid,1,full,test,good,test/good/003.png,1.712367
patchcore_r18_1,grid,1,full,test,good,test/good/004.png,1.561292
patchcore_r18_1,grid,1,full,test,good,test/good/005.png,1.708330
patchcore_r18_1,grid,1,full,test,good,test/good/006.png,1.803420
patchcore_r18_1,grid,1,full,test,good,test/good/007.png,1.662082
patchcore_r18_1,grid,1,full,test,good,test/good/008.png,1.653740
patchcore_r18_1,grid,1,full,test,good,test/good/009.png,1.592220
patchcore_r18_1,grid,1,full,test,good,test/good/010.png,1.570792
patchcore_r18_1,grid,1,full,test,good,test/good/011.png,1.541955
patchcore_r18_1,grid,1,full,test,good,test/good/012.png,1.699824
patchcore_r18_1,grid,1,full,test,good,test/good/013.png,1.606282
patchcore_r18_1,grid,1,full,test,good,test/good/014.png,1.769970
patchcore_r18_1,grid,1,full,test,good,test/good/015.png,1.490204
patchcore_r18_1,grid,1,full,test,good,test/good/016.png,1.632050
patchcore_r18_1,grid,1,full,test,good,test/good/017.png,1.636199
patchcore_r18_1,grid,1,full,test,good,test/good/018.png,1.779322
patchcore_r18_1,grid,1,full,test,good,test/good/019.png,1.678071
patchcore_r18_1,grid,1,full,test,good,test/good/020.png,1.691031
patchcore_r18_1,grid,1,full,test,metal_contamination,test/metal_contamination/000.png,2.312824
patchcore_r18_1,grid,1,full,test,metal_contamination,test/metal_contamination/001.png,2.184794
patchcore_r18_1,grid,1,full,test,metal_contamination,test/metal_contamination/002.png,2.537662
patchcore_r18_1,grid,1,full,test,metal_contamination,test/metal_contamination/003.png,2.274027
patchcore_r18_1,grid,1,full,test,metal_contamination,test/metal_contamination/004.png,2.140662
patchcore_r18_1,grid,1,full,test,metal_contamination,test/metal_contamination/005.png,2.150205
patchcore_r18_1,grid,1,full,test,metal_contamination,test/metal_contamination/006.png,1.731854
patchcore_r18_1,grid,1,full,test,metal_contamination,test/metal_contamination/007.png,1.836803
patchcore_r18_1,grid,1,full,test,metal_contamination,test/metal_contamination/008.png,2.018497
patchcore_r18_1,grid,1,full,test,metal_contamination,test/metal_contamination/009.png,1.889286
patchcore_r18_1,grid,1,full,test,metal_contamination,test/metal_contamination/010.png,2.065791
patchcore_r18_1,grid,1,full,test,thread,test/thread/000.png,1.995948
patchcore_r18_1,grid,1,full,test,thread,test/thread/001.png,2.295655
patchcore_r18_1,grid,1,full,test,thread,test/thread/002.png,1.758550
patchcore_r18_1,grid,1,full,test,thread,test/thread/003.png,1.686902
patchcore_r18_1,grid,1,full,test,thread,test/thread/004.png,2.052033
patchcore_r18_1,grid,1,full,test,thread,test/thread/005.png,2.458937
patchcore_r18_1,grid,1,full,test,thread,test/thread/006.png,1.920799
patchcore_r18_1,grid,1,full,test,thread,test/thread/007.png,1.961747
patchcore_r18_1,grid,1,full,test,thread,test/thread/008.png,1.806020
patchcore_r18_1,grid,1,full,test,thread,test/thread/009.png,1.878495
patchcore_r18_1,grid,1,full,test,thread,test/thread/010.png,2.033163
patchcore_r18_1,grid,1,gate,calibration,good,train/good/001.png,1.658037
patchcore_r18_1,grid,1,gate,calibration,good,train/good/005.png,1.610855
patchcore_r18_1,grid,1,gate,calibration,good,train/good/006.png,1.579458
patchcore_r18_1,grid,1,gate,calibration,good,train/good/007.png,1.659126
patchcore_r18_1,grid,1,gate,calibration,good,train/good/008.png,1.640139
patchcore_r18_1,grid,1,gate,calibration,good,train/good/013.png,1.642284
patchcore_r18_1,grid,1,gate,calibration,good,train/good/014.png,1.653522
patchcore_r18_1,grid,1,gate,calibration,good,train/good/019.png,1.735285
patchcore_r18_1,grid,1,gate,calibration,good,train/good/021.png,1.674335
patchcore_r18_1,grid,1,gate,calibration,good,train/good/022.png,1.731225
patchcore_r18_1,grid,1,gate,calibration,good,train/good/023.png,1.561911
patchcore_r18_1,grid,1,gate,calibration,good,train/good/024.png,1.851818
patchcore_r18_1,grid,1,gate,calibration,good,train/good/029.png,1.887304
patchcore_r18_1,grid,1,gate,calibration,good,train/good/032.png,1.592237
patchcore_r18_1,grid,1,gate,calibration,good,train/good/043.png,1.678639
patchcore_r18_1,grid,1,gate,calibration,good,train/good/048.png,1.842641
patchcore_r18_1,grid,1,gate,calibration,good,train/good/059.png,1.677645
patchcore_r18_1,grid,1,gate,calibration,good,train/good/063.png,1.674355
patchcore_r18_1,grid,1,gate,calibration,good,train/good/067.png,1.667698
patchcore_r18_1,grid,1,gate,calibration,good,train/good/073.png,1.547854
patchcore_r18_1,grid,1,gate,calibration,good,train/good/078.png,1.708750
patchcore_r18_1,grid,1,gate,calibration,good,train/good/084.png,1.622123
patchcore_r18_1,grid,1,gate,calibration,good,train/good/088.png,1.646093
patchcore_r18_1,grid,1,gate,calibration,good,train/good/096.png,1.617601
patchcore_r18_1,grid,1,gate,calibration,good,train/good/099.png,1.805217
patchcore_r18_1,grid,1,gate,calibration,good,train/good/105.png,1.583853
patchcore_r18_1,grid,1,gate,calibration,good,train/good/106.png,1.596466
patchcore_r18_1,grid,1,gate,calibration,good,train/good/108.png,1.842702
patchcore_r18_1,grid,1,gate,calibration,good,train/good/111.png,1.978567
patchcore_r18_1,grid,1,gate,calibration,good,train/good/123.png,1.677433
patchcore_r18_1,grid,1,gate,calibration,good,train/good/124.png,1.594717
patchcore_r18_1,grid,1,gate,calibration,good,train/good/126.png,1.725549
patchcore_r18_1,grid,1,gate,calibration,good,train/good/133.png,1.627530
patchcore_r18_1,grid,1,gate,calibration,good,train/good/135.png,1.612836
patchcore_r18_1,grid,1,gate,calibration,good,train/good/136.png,1.581467
patchcore_r18_1,grid,1,gate,calibration,good,train/good/145.png,1.682951
patchcore_r18_1,grid,1,gate,calibration,good,train/good/150.png,1.542184
patchcore_r18_1,grid,1,gate,calibration,good,train/good/160.png,1.634759
patchcore_r18_1,grid,1,gate,calibration,good,train/good/171.png,1.592036
patchcore_r18_1,grid,1,gate,calibration,good,train/good/172.png,1.550202
patchcore_r18_1,grid,1,gate,calibration,good,train/good/175.png,1.692213
patchcore_r18_1,grid,1,gate,calibration,good,train/good/180.png,1.619871
patchcore_r18_1,grid,1,gate,calibration,good,train/good/191.png,1.745142
patchcore_r18_1,grid,1,gate,calibration,good,train/good/195.png,1.638246
patchcore_r18_1,grid,1,gate,calibration,good,train/good/197.png,1.593631
patchcore_r18_1,grid,1,gate,calibration,good,train/good/201.png,1.645600
patchcore_r18_1,grid,1,gate,calibration,good,train/good/214.png,1.624270
patchcore_r18_1,grid,1,gate,calibration,good,train/good/217.png,1.620578
patchcore_r18_1,grid,1,gate,calibration,good,train/good/229.png,1.635571
patchcore_r18_1,grid,1,gate,calibration,good,train/good/237.png,1.656305
patchcore_r18_1,grid,1,gate,calibration,good,train/good/244.png,1.662150
patchcore_r18_1,grid,1,gate,calibration,good,train/good/258.png,1.760705
patchcore_r18_1,grid,1,gate,calibration,good,train/good/259.png,1.704168
patchcore_r18_1,grid,1,gate,test,bent,test/bent/000.png,1.732739
patchcore_r18_1,grid,1,gate,test,bent,test/bent/001.png,2.283024
patchcore_r18_1,grid,1,gate,test,bent,test/bent/002.png,1.987319
patchcore_r18_1,grid,1,gate,test,bent,test/bent/003.png,2.294282
patchcore_r18_1,grid,1,gate,test,bent,test/bent/004.png,2.010798
patchcore_r18_1,grid,1,gate,test,bent,test/bent/005.png,2.106000
patchcore_r18_1,grid,1,gate,test,bent,test/bent/006.png,1.948823
patchcore_r18_1,grid,1,gate,test,bent,test/bent/007.png,1.937437
patchcore_r18_1,grid,1,gate,test,bent,test/bent/008.png,1.938784
patchcore_r18_1,grid,1,gate,test,bent,test/bent/009.png,2.233238
patchcore_r18_1,grid,1,gate,test,bent,test/bent/010.png,2.255957
patchcore_r18_1,grid,1,gate,test,bent,test/bent/011.png,2.155499
patchcore_r18_1,grid,1,gate,test,broken,test/broken/000.png,1.944494
patchcore_r18_1,grid,1,gate,test,broken,test/broken/001.png,2.342979
patchcore_r18_1,grid,1,gate,test,broken,test/broken/002.png,2.228995
patchcore_r18_1,grid,1,gate,test,broken,test/broken/003.png,2.475193
patchcore_r18_1,grid,1,gate,test,broken,test/broken/004.png,2.264417
patchcore_r18_1,grid,1,gate,test,broken,test/broken/005.png,2.089022
patchcore_r18_1,grid,1,gate,test,broken,test/broken/006.png,2.212770
patchcore_r18_1,grid,1,gate,test,broken,test/broken/007.png,2.109258
patchcore_r18_1,grid,1,gate,test,broken,test/broken/008.png,2.108345
patchcore_r18_1,grid,1,gate,test,broken,test/broken/009.png,2.544279
patchcore_r18_1,grid,1,gate,test,broken,test/broken/010.png,2.236522
patchcore_r18_1,grid,1,gate,test,broken,test/broken/011.png,2.106461
patchcore_r18_1,grid,1,gate,test,glue,test/glue/000.png,1.720749
patchcore_r18_1,grid,1,gate,test,glue,test/glue/001.png,1.803660
patchcore_r18_1,grid,1,gate,test,glue,test/glue/002.png,1.849748
patchcore_r18_1,grid,1,gate,test,glue,test/glue/003.png,1.735607
patchcore_r18_1,grid,1,gate,test,glue,test/glue/004.png,2.104777
patchcore_r18_1,grid,1,gate,test,glue,test/glue/005.png,2.129320
patchcore_r18_1,grid,1,gate,test,glue,test/glue/006.png,1.829678
patchcore_r18_1,grid,1,gate,test,glue,test/glue/007.png,1.861569
patchcore_r18_1,grid,1,gate,test,glue,test/glue/008.png,1.514950
patchcore_r18_1,grid,1,gate,test,glue,test/glue/009.png,1.819446
patchcore_r18_1,grid,1,gate,test,glue,test/glue/010.png,2.280663
patchcore_r18_1,grid,1,gate,test,good,test/good/000.png,1.734471
patchcore_r18_1,grid,1,gate,test,good,test/good/001.png,1.578385
patchcore_r18_1,grid,1,gate,test,good,test/good/002.png,1.688891
patchcore_r18_1,grid,1,gate,test,good,test/good/003.png,1.634090
patchcore_r18_1,grid,1,gate,test,good,test/good/004.png,1.556981
patchcore_r18_1,grid,1,gate,test,good,test/good/005.png,1.667842
patchcore_r18_1,grid,1,gate,test,good,test/good/006.png,1.846991
patchcore_r18_1,grid,1,gate,test,good,test/good/007.png,1.667791
patchcore_r18_1,grid,1,gate,test,good,test/good/008.png,1.648205
patchcore_r18_1,grid,1,gate,test,good,test/good/009.png,1.687416
patchcore_r18_1,grid,1,gate,test,good,test/good/010.png,1.620875
patchcore_r18_1,grid,1,gate,test,good,test/good/011.png,1.601152
patchcore_r18_1,grid,1,gate,test,good,test/good/012.png,1.627619
patchcore_r18_1,grid,1,gate,test,good,test/good/013.png,1.549930
patchcore_r18_1,grid,1,gate,test,good,test/good/014.png,1.763248
patchcore_r18_1,grid,1,gate,test,good,test/good/015.png,1.510830
patchcore_r18_1,grid,1,gate,test,good,test/good/016.png,1.654565
patchcore_r18_1,grid,1,gate,test,good,test/good/017.png,1.588132
patchcore_r18_1,grid,1,gate,test,good,test/good/018.png,1.892306
patchcore_r18_1,grid,1,gate,test,good,test/good/019.png,1.721611
patchcore_r18_1,grid,1,gate,test,good,test/good/020.png,1.688625
patchcore_r18_1,grid,1,gate,test,metal_contamination,test/metal_contamination/000.png,2.282098
patchcore_r18_1,grid,1,gate,test,metal_contamination,test/metal_contamination/001.png,2.291899
patchcore_r18_1,grid,1,gate,test,metal_contamination,test/metal_contamination/002.png,2.434965
patchcore_r18_1,grid,1,gate,test,metal_contamination,test/metal_contamination/003.png,2.290351
patchcore_r18_1,grid,1,gate,test,metal_contamination,test/metal_contamination/004.png,2.104059
patchcore_r18_1,grid,1,gate,test,metal_contamination,test/metal_contamination/005.png,2.339400
patchcore_r18_1,grid,1,gate,test,metal_contamination,test/metal_contamination/006.png,1.797242
patchcore_r18_1,grid,1,gate,test,metal_contamination,test/metal_contamination/007.png,1.889244
patchcore_r18_1,grid,1,gate,test,metal_contamination,test/metal_contamination/008.png,2.088462
patchcore_r18_1,grid,1,gate,test,metal_contamination,test/metal_contamination/009.png,1.732187
patchcore_r18_1,grid,1,gate,test,metal_contamination,test/metal_contamination/010.png,2.156419
patchcore_r18_1,grid,1,gate,test,thread,test/thread/000.png,2.047441
patchcore_r18_1,grid,1,gate,test,thread,test/thread/001.png,2.317771
patchcore_r18_1,grid,1,gate,test,thread,test/thread/002.png,1.979354
patchcore_r18_1,grid,1,gate,test,thread,test/thread/003.png,1.706142
patchcore_r18_1,grid,1,gate,test,thread,test/thread/004.png,1.990166
patchcore_r18_1,grid,1,gate,test,thread,test/thread/005.png,2.499727
patchcore_r18_1,grid,1,gate,test,thread,test/thread/006.png,1.921167
patchcore_r18_1,grid,1,gate,test,thread,test/thread/007.png,1.837465
patchcore_r18_1,grid,1,gate,test,thread,test/thread/008.png,1.820219
patchcore_r18_1,grid,1,gate,test,thread,test/thread/009.png,2.007413
patchcore_r18_1,grid,1,gate,test,thread,test/thread/010.png,2.059182
patchcore_r18_1,grid,2,full,test,bent,test/bent/000.png,1.780297
patchcore_r18_1,grid,2,full,test,bent,test/bent/001.png,2.353092
patchcore_r18_1,grid,2,full,test,bent,test/bent/002.png,1.963935
patchcore_r18_1,grid,2,full,test,bent,test/bent/003.png,2.272529
patchcore_r18_1,grid,2,full,test,bent,test/bent/004.png,1.932970
patchcore_r18_1,grid,2,full,test,bent,test/bent/005.png,2.058929
patchcore_r18_1,grid,2,full,test,bent,test/bent/006.png,1.893427
patchcore_r18_1,grid,2,full,test,bent,test/bent/007.png,1.804121
patchcore_r18_1,grid,2,full,test,bent,test/bent/008.png,1.972126
patchcore_r18_1,grid,2,full,test,bent,test/bent/009.png,2.156028
patchcore_r18_1,grid,2,full,test,bent,test/bent/010.png,2.442160
patchcore_r18_1,grid,2,full,test,bent,test/bent/011.png,2.152352
patchcore_r18_1,grid,2,full,test,broken,test/broken/000.png,1.955051
patchcore_r18_1,grid,2,full,test,broken,test/broken/001.png,2.361161
patchcore_r18_1,grid,2,full,test,broken,test/broken/002.png,2.290577
patchcore_r18_1,grid,2,full,test,broken,test/broken/003.png,2.459243
patchcore_r18_1,grid,2,full,test,broken,test/broken/004.png,2.277312
patchcore_r18_1,grid,2,full,test,broken,test/broken/005.png,2.126149
patchcore_r18_1,grid,2,full,test,broken,test/broken/006.png,2.113871
patchcore_r18_1,grid,2,full,test,broken,test/broken/007.png,2.040035
patchcore_r18_1,grid,2,full,test,broken,test/broken/008.png,2.057159
patchcore_r18_1,grid,2,full,test,broken,test/broken/009.png,2.522008
patchcore_r18_1,grid,2,full,test,broken,test/broken/010.png,2.316649
patchcore_r18_1,grid,2,full,test,broken,test/broken/011.png,1.961541
patchcore_r18_1,grid,2,full,test,glue,test/glue/000.png,1.690988
patchcore_r18_1,grid,2,full,test,glue,test/glue/001.png,1.686278
patchcore_r18_1,grid,2,full,test,glue,test/glue/002.png,1.940774
patchcore_r18_1,grid,2,full,test,glue,test/glue/003.png,1.764154
patchcore_r18_1,grid,2,full,test,glue,test/glue/004.png,1.974494
patchcore_r18_1,grid,2,full,test,glue,test/glue/005.png,2.129320
patchcore_r18_1,grid,2,full,test,glue,test/glue/006.png,1.678479
patchcore_r18_1,grid,2,full,test,glue,test/glue/007.png,1.698349
patchcore_r18_1,grid,2,full,test,glue,test/glue/008.png,1.542155
patchcore_r18_1,grid,2,full,test,glue,test/glue/009.png,1.748532
patchcore_r18_1,grid,2,full,test,glue,test/glue/010.png,2.275743
patchcore_r18_1,grid,2,full,test,good,test/good/000.png,1.646273
patchcore_r18_1,grid,2,full,test,good,test/good/001.png,1.552336
patchcore_r18_1,grid,2,full,test,good,test/good/002.png,1.561949
patchcore_r18_1,grid,2,full,test,good,test/good/003.png,1.669679
patchcore_r18_1,grid,2,full,test,good,test/good/004.png,1.563272
patchcore_r18_1,grid,2,full,test,good,test/good/005.png,1.645763
patchcore_r18_1,grid,2,full,test,good,test/good/006.png,1.771914
patchcore_r18_1,grid,2,full,test,good,test/good/007.png,1.573575
patchcore_r18_1,grid,2,full,test,good,test/good/008.png,1.634036
patchcore_r18_1,grid,2,full,test,good,test/good/009.png,1.691933
patchcore_r18_1,grid,2,full,test,good,test/good/010.png,1.601131
patchcore_r18_1,grid,2,full,test,good,test/good/011.png,1.631455
patchcore_r18_1,grid,2,full,test,good,test/good/012.png,1.684202
patchcore_r18_1,grid,2,full,test,good,test/good/013.png,1.591737
patchcore_r18_1,grid,2,full,test,good,test/good/014.png,1.606912
patchcore_r18_1,grid,2,full,test,good,test/good/015.png,1.524330
patchcore_r18_1,grid,2,full,test,good,test/good/016.png,1.741020
patchcore_r18_1,grid,2,full,test,good,test/good/017.png,1.634047
patchcore_r18_1,grid,2,full,test,good,test/good/018.png,1.693635
patchcore_r18_1,grid,2,full,test,good,test/good/019.png,1.683697
patchcore_r18_1,grid,2,full,test,good,test/good/020.png,1.728145
patchcore_r18_1,grid,2,full,test,metal_contamination,test/metal_contamination/000.png,2.241438
patchcore_r18_1,grid,2,full,test,metal_contamination,test/metal_contamination/001.png,2.179075
patchcore_r18_1,grid,2,full,test,metal_contamination,test/metal_contamination/002.png,2.493027
patchcore_r18_1,grid,2,full,test,metal_contamination,test/metal_contamination/003.png,2.274027
patchcore_r18_1,grid,2,full,test,metal_contamination,test/metal_contamination/004.png,2.038051
patchcore_r18_1,grid,2,full,test,metal_contamination,test/metal_contamination/005.png,2.226961
patchcore_r18_1,grid,2,full,test,metal_contamination,test/metal_contamination/006.png,1.816139
patchcore_r18_1,grid,2,full,test,metal_contamination,test/metal_contamination/007.png,1.821357
patchcore_r18_1,grid,2,full,test,metal_contamination,test/metal_contamination/008.png,2.140584
patchcore_r18_1,grid,2,full,test,metal_contamination,test/metal_contamination/009.png,1.717977
patchcore_r18_1,grid,2,full,test,metal_contamination,test/metal_contamination/010.png,2.274118
patchcore_r18_1,grid,2,full,test,thread,test/thread/000.png,1.991471
patchcore_r18_1,grid,2,full,test,thread,test/thread/001.png,2.317771
patchcore_r18_1,grid,2,full,test,thread,test/thread/002.png,1.894628
patchcore_r18_1,grid,2,full,test,thread,test/thread/003.png,1.702045
patchcore_r18_1,grid,2,full,test,thread,test/thread/004.png,2.094294
patchcore_r18_1,grid,2,full,test,thread,test/thread/005.png,2.476811
patchcore_r18_1,grid,2,full,test,thread,test/thread/006.png,1.893864
patchcore_r18_1,grid,2,full,test,thread,test/thread/007.png,1.984020
patchcore_r18_1,grid,2,full,test,thread,test/thread/008.png,1.821695
patchcore_r18_1,grid,2,full,test,thread,test/thread/009.png,1.961974
patchcore_r18_1,grid,2,full,test,thread,test/thread/010.png,2.092158
patchcore_r18_1,grid,2,gate,calibration,good,train/good/005.png,1.554752
patchcore_r18_1,grid,2,gate,calibration,good,train/good/011.png,1.734367
patchcore_r18_1,grid,2,gate,calibration,good,train/good/026.png,1.660118
patchcore_r18_1,grid,2,gate,calibration,good,train/good/031.png,1.616061
patchcore_r18_1,grid,2,gate,calibration,good,train/good/038.png,1.613872
patchcore_r18_1,grid,2,gate,calibration,good,train/good/039.png,1.633687
patchcore_r18_1,grid,2,gate,calibration,good,train/good/042.png,1.683088
patchcore_r18_1,grid,2,gate,calibration,good,train/good/047.png,1.611526
patchcore_r18_1,grid,2,gate,calibration,good,train/good/048.png,1.743917
patchcore_r18_1,grid,2,gate,calibration,good,train/good/052.png,1.728206
patchcore_r18_1,grid,2,gate,calibration,good,train/good/053.png,1.674241
patchcore_r18_1,grid,2,gate,calibration,good,train/good/067.png,1.564616
patchcore_r18_1,grid,2,gate,calibration,good,train/good/071.png,1.632753
patchcore_r18_1,grid,2,gate,calibration,good,train/good/074.png,1.727375
patchcore_r18_1,grid,2,gate,calibration,good,train/good/078.png,1.740020
patchcore_r18_1,grid,2,gate,calibration,good,train/good/089.png,1.797865
patchcore_r18_1,grid,2,gate,calibration,good,train/good/093.png,1.640475
patchcore_r18_1,grid,2,gate,calibration,good,train/good/097.png,1.608533
patchcore_r18_1,grid,2,gate,calibration,good,train/good/098.png,1.665743
patchcore_r18_1,grid,2,gate,calibration,good,train/good/110.png,1.679303
patchcore_r18_1,grid,2,gate,calibration,good,train/good/112.png,1.668943
patchcore_r18_1,grid,2,gate,calibration,good,train/good/118.png,1.648063
patchcore_r18_1,grid,2,gate,calibration,good,train/good/120.png,1.470343
patchcore_r18_1,grid,2,gate,calibration,good,train/good/129.png,1.587666
patchcore_r18_1,grid,2,gate,calibration,good,train/good/132.png,1.644865
patchcore_r18_1,grid,2,gate,calibration,good,train/good/138.png,1.621684
patchcore_r18_1,grid,2,gate,calibration,good,train/good/139.png,1.662625
patchcore_r18_1,grid,2,gate,calibration,good,train/good/140.png,1.624864
patchcore_r18_1,grid,2,gate,calibration,good,train/good/141.png,1.591839
patchcore_r18_1,grid,2,gate,calibration,good,train/good/146.png,1.638195
patchcore_r18_1,grid,2,gate,calibration,good,train/good/148.png,1.727796
patchcore_r18_1,grid,2,gate,calibration,good,train/good/150.png,1.639636
patchcore_r18_1,grid,2,gate,calibration,good,train/good/151.png,1.598675
patchcore_r18_1,grid,2,gate,calibration,good,train/good/154.png,1.569396
patchcore_r18_1,grid,2,gate,calibration,good,train/good/161.png,1.635024
patchcore_r18_1,grid,2,gate,calibration,good,train/good/171.png,1.696305
patchcore_r18_1,grid,2,gate,calibration,good,train/good/173.png,1.554253
patchcore_r18_1,grid,2,gate,calibration,good,train/good/174.png,1.545119
patchcore_r18_1,grid,2,gate,calibration,good,train/good/204.png,1.577748
patchcore_r18_1,grid,2,gate,calibration,good,train/good/209.png,1.663947
patchcore_r18_1,grid,2,gate,calibration,good,train/good/217.png,1.579746
patchcore_r18_1,grid,2,gate,calibration,good,train/good/222.png,1.578587
patchcore_r18_1,grid,2,gate,calibration,good,train/good/223.png,1.688591
patchcore_r18_1,grid,2,gate,calibration,good,train/good/227.png,1.679491
patchcore_r18_1,grid,2,gate,calibration,good,train/good/233.png,1.579914
patchcore_r18_1,grid,2,gate,calibration,good,train/good/236.png,1.515639
patchcore_r18_1,grid,2,gate,calibration,good,train/good/247.png,1.678077
patchcore_r18_1,grid,2,gate,calibration,good,train/good/249.png,1.643831
patchcore_r18_1,grid,2,gate,calibration,good,train/good/250.png,1.777100
patchcore_r18_1,grid,2,gate,calibration,good,train/good/251.png,1.622143
patchcore_r18_1,grid,2,gate,calibration,good,train/good/257.png,1.684847
patchcore_r18_1,grid,2,gate,calibration,good,train/good/258.png,1.736777
patchcore_r18_1,grid,2,gate,calibration,good,train/good/259.png,1.718467
patchcore_r18_1,grid,2,gate,test,bent,test/bent/000.png,1.888631
patchcore_r18_1,grid,2,gate,test,bent,test/bent/001.png,2.379174
patchcore_r18_1,grid,2,gate,test,bent,test/bent/002.png,1.826077
patchcore_r18_1,grid,2,gate,test,bent,test/bent/003.png,2.328989
patchcore_r18_1,grid,2,gate,test,bent,test/bent/004.png,2.029851
patchcore_r18_1,grid,2,gate,test,bent,test/bent/005.png,2.110068
patchcore_r18_1,grid,2,gate,test,bent,test/bent/006.png,1.947202
patchcore_r18_1,grid,2,gate,test,bent,test/bent/007.png,1.986401
patchcore_r18_1,grid,2,gate,test,bent,test/bent/008.png,1.821946
patchcore_r18_1,grid,2,gate,test,bent,test/bent/009.png,2.092014
patchcore_r18_1,grid,2,gate,test,bent,test/bent/010.png,2.380375
patchcore_r18_1,grid,2,gate,test,bent,test/bent/011.png,2.160654
patchcore_r18_1,grid,2,gate,test,broken,test/broken/000.png,1.928545
patchcore_r18_1,grid,2,gate,test,broken,test/broken/001.png,2.382656
patchcore_r18_1,grid,2,gate,test,broken,test/broken/002.png,2.308862
patchcore_r18_1,grid,2,gate,test,broken,test/broken/003.png,2.441231
patchcore_r18_1,grid,2,gate,test,broken,test/broken/004.png,2.240347
patchcore_r18_1,grid,2,gate,test,broken,test/broken/005.png,2.200925
patchcore_r18_1,grid,2,gate,test,broken,test/broken/006.png,2.141318
patchcore_r18_1,grid,2,gate,test,broken,test/broken/007.png,2.086231
patchcore_r18_1,grid,2,gate,test,broken,test/broken/008.png,1.964430
patchcore_r18_1,grid,2,gate,test,broken,test/broken/009.png,2.556577
patchcore_r18_1,grid,2,gate,test,broken,test/broken/010.png,2.293197
patchcore_r18_1,grid,2,gate,test,broken,test/broken/011.png,2.005608
patchcore_r18_1,grid,2,gate,test,glue,test/glue/000.png,1.654571
patchcore_r18_1,grid,2,gate,test,glue,test/glue/001.png,1.682010
patchcore_r18_1,grid,2,gate,test,glue,test/glue/002.png,2.028549
patchcore_r18_1,grid,2,gate,test,glue,test/glue/003.png,1.625348
patchcore_r18_1,grid,2,gate,test,glue,test/glue/004.png,1.983630
patchcore_r18_1,grid,2,gate,test,glue,test/glue/005.png,2.271421
patchcore_r18_1,grid,2,gate,test,glue,test/glue/006.png,1.705210
patchcore_r18_1,grid,2,gate,test,glue,test/glue/007.png,1.802732
patchcore_r18_1,grid,2,gate,test,glue,test/glue/008.png,1.580603
patchcore_r18_1,grid,2,gate,test,glue,test/glue/009.png,1.775946
patchcore_r18_1,grid,2,gate,test,glue,test/glue/010.png,2.184066
patchcore_r18_1,grid,2,gate,test,good,test/good/000.png,1.660959
patchcore_r18_1,grid,2,gate,test,good,test/good/001.png,1.628175
patchcore_r18_1,grid,2,gate,test,good,test/good/002.png,1.648074
patchcore_r18_1,grid,2,gate,test,good,test/good/003.png,1.643941
patchcore_r18_1,grid,2,gate,test,good,test/good/004.png,1.545065
patchcore_r18_1,grid,2,gate,test,good,test/good/005.png,1.704351
patchcore_r18_1,grid,2,gate,test,good,test/good/006.png,1.882016
patchcore_r18_1,grid,2,gate,test,good,test/good/007.png,1.675735
patchcore_r18_1,grid,2,gate,test,good,test/good/008.png,1.647813
patchcore_r18_1,grid,2,gate,test,good,test/good/009.png,1.618193
patchcore_r18_1,grid,2,gate,test,good,test/good/010.png,1.662189
patchcore_r18_1,grid,2,gate,test,good,test/good/011.png,1.631455
patchcore_r18_1,grid,2,gate,test,good,test/good/012.png,1.576940
patchcore_r18_1,grid,2,gate,test,good,test/good/013.png,1.562094
patchcore_r18_1,grid,2,gate,test,good,test/good/014.png,1.608042
patchcore_r18_1,grid,2,gate,test,good,test/good/015.png,1.565388
patchcore_r18_1,grid,2,gate,test,good,test/good/016.png,1.667070
patchcore_r18_1,grid,2,gate,test,good,test/good/017.png,1.648053
patchcore_r18_1,grid,2,gate,test,good,test/good/018.png,1.793796
patchcore_r18_1,grid,2,gate,test,good,test/good/019.png,1.671810
patchcore_r18_1,grid,2,gate,test,good,test/good/020.png,1.786857
patchcore_r18_1,grid,2,gate,test,metal_contamination,test/metal_contamination/000.png,2.141731
patchcore_r18_1,grid,2,gate,test,metal_contamination,test/metal_contamination/001.png,2.016122
patchcore_r18_1,grid,2,gate,test,metal_contamination,test/metal_contamination/002.png,2.496075
patchcore_r18_1,grid,2,gate,test,metal_contamination,test/metal_contamination/003.png,2.280051
patchcore_r18_1,grid,2,gate,test,metal_contamination,test/metal_contamination/004.png,2.149071
patchcore_r18_1,grid,2,gate,test,metal_contamination,test/metal_contamination/005.png,2.216525
patchcore_r18_1,grid,2,gate,test,metal_contamination,test/metal_contamination/006.png,1.839685
patchcore_r18_1,grid,2,gate,test,metal_contamination,test/metal_contamination/007.png,2.027624
patchcore_r18_1,grid,2,gate,test,metal_contamination,test/metal_contamination/008.png,2.105934
patchcore_r18_1,grid,2,gate,test,metal_contamination,test/metal_contamination/009.png,1.720804
patchcore_r18_1,grid,2,gate,test,metal_contamination,test/metal_contamination/010.png,2.168475
patchcore_r18_1,grid,2,gate,test,thread,test/thread/000.png,2.054240
patchcore_r18_1,grid,2,gate,test,thread,test/thread/001.png,2.251483
patchcore_r18_1,grid,2,gate,test,thread,test/thread/002.png,1.946812
patchcore_r18_1,grid,2,gate,test,thread,test/thread/003.png,1.813985
patchcore_r18_1,grid,2,gate,test,thread,test/thread/004.png,2.058987
patchcore_r18_1,grid,2,gate,test,thread,test/thread/005.png,2.352113
patchcore_r18_1,grid,2,gate,test,thread,test/thread/006.png,2.054871
patchcore_r18_1,grid,2,gate,test,thread,test/thread/007.png,1.883258
patchcore_r18_1,grid,2,gate,test,thread,test/thread/008.png,1.892383
patchcore_r18_1,grid,2,gate,test,thread,test/thread/009.png,1.984357
patchcore_r18_1,grid,2,gate,test,thread,test/thread/010.png,2.150392
patchcore_r18_1,metal_nut,0,full,test,bent,test/bent/000.png,2.969953
patchcore_r18_1,metal_nut,0,full,test,bent,test/bent/001.png,3.022492
patchcore_r18_1,metal_nut,0,full,test,bent,test/bent/002.png,3.214631
patchcore_r18_1,metal_nut,0,full,test,bent,test/bent/003.png,2.614139
patchcore_r18_1,metal_nut,0,full,test,bent,test/bent/004.png,2.961303
patchcore_r18_1,metal_nut,0,full,test,bent,test/bent/005.png,3.038948
patchcore_r18_1,metal_nut,0,full,test,bent,test/bent/006.png,2.807647
patchcore_r18_1,metal_nut,0,full,test,bent,test/bent/007.png,2.587299
patchcore_r18_1,metal_nut,0,full,test,bent,test/bent/008.png,2.829965
patchcore_r18_1,metal_nut,0,full,test,bent,test/bent/009.png,2.939621
patchcore_r18_1,metal_nut,0,full,test,bent,test/bent/010.png,3.014067
patchcore_r18_1,metal_nut,0,full,test,bent,test/bent/011.png,3.305743
patchcore_r18_1,metal_nut,0,full,test,bent,test/bent/012.png,2.825993
patchcore_r18_1,metal_nut,0,full,test,bent,test/bent/013.png,2.757210
patchcore_r18_1,metal_nut,0,full,test,bent,test/bent/014.png,3.037008
patchcore_r18_1,metal_nut,0,full,test,bent,test/bent/015.png,2.565059
patchcore_r18_1,metal_nut,0,full,test,bent,test/bent/016.png,3.051714
patchcore_r18_1,metal_nut,0,full,test,bent,test/bent/017.png,2.967217
patchcore_r18_1,metal_nut,0,full,test,bent,test/bent/018.png,2.794084
patchcore_r18_1,metal_nut,0,full,test,bent,test/bent/019.png,2.856205
patchcore_r18_1,metal_nut,0,full,test,bent,test/bent/020.png,2.855787
patchcore_r18_1,metal_nut,0,full,test,bent,test/bent/021.png,2.954651
patchcore_r18_1,metal_nut,0,full,test,bent,test/bent/022.png,2.630958
patchcore_r18_1,metal_nut,0,full,test,bent,test/bent/023.png,2.713675
patchcore_r18_1,metal_nut,0,full,test,bent,test/bent/024.png,2.963554
patchcore_r18_1,metal_nut,0,full,test,color,test/color/000.png,2.809292
patchcore_r18_1,metal_nut,0,full,test,color,test/color/001.png,2.476675
patchcore_r18_1,metal_nut,0,full,test,color,test/color/002.png,2.887027
patchcore_r18_1,metal_nut,0,full,test,color,test/color/003.png,2.948575
patchcore_r18_1,metal_nut,0,full,test,color,test/color/004.png,2.272550
patchcore_r18_1,metal_nut,0,full,test,color,test/color/005.png,2.556160
patchcore_r18_1,metal_nut,0,full,test,color,test/color/006.png,2.772027
patchcore_r18_1,metal_nut,0,full,test,color,test/color/007.png,3.092679
patchcore_r18_1,metal_nut,0,full,test,color,test/color/008.png,3.045012
patchcore_r18_1,metal_nut,0,full,test,color,test/color/009.png,3.179861
patchcore_r18_1,metal_nut,0,full,test,color,test/color/010.png,2.842709
patchcore_r18_1,metal_nut,0,full,test,color,test/color/011.png,3.047776
patchcore_r18_1,metal_nut,0,full,test,color,test/color/012.png,2.795899
patchcore_r18_1,metal_nut,0,full,test,color,test/color/013.png,2.775659
patchcore_r18_1,metal_nut,0,full,test,color,test/color/014.png,3.167804
patchcore_r18_1,metal_nut,0,full,test,color,test/color/015.png,2.593335
patchcore_r18_1,metal_nut,0,full,test,color,test/color/016.png,2.624512
patchcore_r18_1,metal_nut,0,full,test,color,test/color/017.png,2.516287
patchcore_r18_1,metal_nut,0,full,test,color,test/color/018.png,2.344545
patchcore_r18_1,metal_nut,0,full,test,color,test/color/019.png,2.573809
patchcore_r18_1,metal_nut,0,full,test,color,test/color/020.png,3.036956
patchcore_r18_1,metal_nut,0,full,test,color,test/color/021.png,2.537188
patchcore_r18_1,metal_nut,0,full,test,flip,test/flip/000.png,3.150700
patchcore_r18_1,metal_nut,0,full,test,flip,test/flip/001.png,3.053898
patchcore_r18_1,metal_nut,0,full,test,flip,test/flip/002.png,2.956514
patchcore_r18_1,metal_nut,0,full,test,flip,test/flip/003.png,3.298867
patchcore_r18_1,metal_nut,0,full,test,flip,test/flip/004.png,2.974700
patchcore_r18_1,metal_nut,0,full,test,flip,test/flip/005.png,3.033328
patchcore_r18_1,metal_nut,0,full,test,flip,test/flip/006.png,3.060380
patchcore_r18_1,metal_nut,0,full,test,flip,test/flip/007.png,3.050073
patchcore_r18_1,metal_nut,0,full,test,flip,test/flip/008.png,3.131289
patchcore_r18_1,metal_nut,0,full,test,flip,test/flip/009.png,3.059015
patchcore_r18_1,metal_nut,0,full,test,flip,test/flip/010.png,3.102639
patchcore_r18_1,metal_nut,0,full,test,flip,test/flip/011.png,3.227766
patchcore_r18_1,metal_nut,0,full,test,flip,test/flip/012.png,3.075052
patchcore_r18_1,metal_nut,0,full,test,flip,test/flip/013.png,3.136846
patchcore_r18_1,metal_nut,0,full,test,flip,test/flip/014.png,2.968758
patchcore_r18_1,metal_nut,0,full,test,flip,test/flip/015.png,3.161074
patchcore_r18_1,metal_nut,0,full,test,flip,test/flip/016.png,2.984946
patchcore_r18_1,metal_nut,0,full,test,flip,test/flip/017.png,2.955258
patchcore_r18_1,metal_nut,0,full,test,flip,test/flip/018.png,3.077986
patchcore_r18_1,metal_nut,0,full,test,flip,test/flip/019.png,2.976494
patchcore_r18_1,metal_nut,0,full,test,flip,test/flip/020.png,2.998711
patchcore_r18_1,metal_nut,0,full,test,flip,test/flip/021.png,3.025072
patchcore_r18_1,metal_nut,0,full,test,flip,test/flip/022.png,3.174110
patchcore_r18_1,metal_nut,0,full,test,good,test/good/000.png,2.141661
patchcore_r18_1,metal_nut,0,full,test,good,test/good/001.png,2.073275
patchcore_r18_1,metal_nut,0,full,test,good,test/good/002.png,2.151402
patchcore_r18_1,metal_nut,0,full,test,good,test/good/003.png,2.025387
patchcore_r18_1,metal_nut,0,full,test,good,test/good/004.png,2.144738
patchcore_r18_1,metal_nut,0,full,test,good,test/good/005.png,2.171086
patchcore_r18_1,metal_nut,0,full,test,good,test/good/006.png,2.079853
patchcore_r18_1,metal_nut,0,full,test,good,test/good/007.png,2.259399
patchcore_r18_1,metal_nut,0,full,test,good,test/good/008.png,2.058819
patchcore_r18_1,metal_nut,0,full,test,good,test/good/009.png,2.034499
patchcore_r18_1,metal_nut,0,full,test,good,test/good/010.png,2.228358
patchcore_r18_1,metal_nut,0,full,test,good,test/good/011.png,2.106881
patchcore_r18_1,metal_nut,0,full,test,good,test/good/012.png,2.039460
patchcore_r18_1,metal_nut,0,full,test,good,test/good/013.png,2.114514
patchcore_r18_1,metal_nut,0,full,test,good,test/good/014.png,2.113247
patchcore_r18_1,metal_nut,0,full,test,good,test/good/015.png,2.041870
patchcore_r18_1,metal_nut,0,full,test,good,test/good/016.png,2.356350
patchcore_r18_1,metal_nut,0,full,test,good,test/good/017.png,2.094615
patchcore_r18_1,metal_nut,0,full,test,good,test/good/018.png,2.018851
patchcore_r18_1,metal_nut,0,full,test,good,test/good/019.png,2.073845
patchcore_r18_1,metal_nut,0,full,test,good,test/good/020.png,2.025706
patchcore_r18_1,metal_nut,0,full,test,good,test/good/021.png,2.186723
patchcore_r18_1,metal_nut,0,full,test,scratch,test/scratch/000.png,2.306094
patchcore_r18_1,metal_nut,0,full,test,scratch,test/scratch/001.png,2.451903
patchcore_r18_1,metal_nut,0,full,test,scratch,test/scratch/002.png,2.659367
patchcore_r18_1,metal_nut,0,full,test,scratch,test/scratch/003.png,2.470909
patchcore_r18_1,metal_nut,0,full,test,scratch,test/scratch/004.png,2.913953
patchcore_r18_1,metal_nut,0,full,test,scratch,test/scratch/005.png,2.514697
patchcore_r18_1,metal_nut,0,full,test,scratch,test/scratch/006.png,2.638159
patchcore_r18_1,metal_nut,0,full,test,scratch,test/scratch/007.png,3.090524
patchcore_r18_1,metal_nut,0,full,test,scratch,test/scratch/008.png,3.110074
patchcore_r18_1,metal_nut,0,full,test,scratch,test/scratch/009.png,2.682196
patchcore_r18_1,metal_nut,0,full,test,scratch,test/scratch/010.png,2.529163
patchcore_r18_1,metal_nut,0,full,test,scratch,test/scratch/011.png,2.844651
patchcore_r18_1,metal_nut,0,full,test,scratch,test/scratch/012.png,2.742175
patchcore_r18_1,metal_nut,0,full,test,scratch,test/scratch/013.png,2.785850
patchcore_r18_1,metal_nut,0,full,test,scratch,test/scratch/014.png,2.641318
patchcore_r18_1,metal_nut,0,full,test,scratch,test/scratch/015.png,3.157338
patchcore_r18_1,metal_nut,0,full,test,scratch,test/scratch/016.png,2.563336
patchcore_r18_1,metal_nut,0,full,test,scratch,test/scratch/017.png,2.586879
patchcore_r18_1,metal_nut,0,full,test,scratch,test/scratch/018.png,2.892427
patchcore_r18_1,metal_nut,0,full,test,scratch,test/scratch/019.png,2.471295
patchcore_r18_1,metal_nut,0,full,test,scratch,test/scratch/020.png,2.383941
patchcore_r18_1,metal_nut,0,full,test,scratch,test/scratch/021.png,2.400822
patchcore_r18_1,metal_nut,0,full,test,scratch,test/scratch/022.png,2.305363
patchcore_r18_1,metal_nut,0,gate,calibration,good,train/good/000.png,2.127649
patchcore_r18_1,metal_nut,0,gate,calibration,good,train/good/006.png,2.117242
patchcore_r18_1,metal_nut,0,gate,calibration,good,train/good/013.png,2.065274
patchcore_r18_1,metal_nut,0,gate,calibration,good,train/good/017.png,2.151506
patchcore_r18_1,metal_nut,0,gate,calibration,good,train/good/025.png,2.094957
patchcore_r18_1,metal_nut,0,gate,calibration,good,train/good/036.png,2.075570
patchcore_r18_1,metal_nut,0,gate,calibration,good,train/good/039.png,2.204703
patchcore_r18_1,metal_nut,0,gate,calibration,good,train/good/041.png,2.215332
patchcore_r18_1,metal_nut,0,gate,calibration,good,train/good/054.png,2.265945
patchcore_r18_1,metal_nut,0,gate,calibration,good,train/good/060.png,2.146834
patchcore_r18_1,metal_nut,0,gate,calibration,good,train/good/065.png,2.089040
patchcore_r18_1,metal_nut,0,gate,calibration,good,train/good/070.png,2.090656
patchcore_r18_1,metal_nut,0,gate,calibration,good,train/good/071.png,2.198069
patchcore_r18_1,metal_nut,0,gate,calibration,good,train/good/072.png,2.234783
patchcore_r18_1,metal_nut,0,gate,calibration,good,train/good/074.png,2.079756
patchcore_r18_1,metal_nut,0,gate,calibration,good,train/good/075.png,2.215408
patchcore_r18_1,metal_nut,0,gate,calibration,good,train/good/080.png,2.127625
patchcore_r18_1,metal_nut,0,gate,calibration,good,train/good/090.png,2.103090
patchcore_r18_1,metal_nut,0,gate,calibration,good,train/good/093.png,2.139434
patchcore_r18_1,metal_nut,0,gate,calibration,good,train/good/094.png,2.153812
patchcore_r18_1,metal_nut,0,gate,calibration,good,train/good/097.png,2.068746
patchcore_r18_1,metal_nut,0,gate,calibration,good,train/good/102.png,2.154430
patchcore_r18_1,metal_nut,0,gate,calibration,good,train/good/105.png,2.144274
patchcore_r18_1,metal_nut,0,gate,calibration,good,train/good/106.png,2.060908
patchcore_r18_1,metal_nut,0,gate,calibration,good,train/good/117.png,2.184985
patchcore_r18_1,metal_nut,0,gate,calibration,good,train/good/119.png,2.145325
patchcore_r18_1,metal_nut,0,gate,calibration,good,train/good/122.png,2.057812
patchcore_r18_1,metal_nut,0,gate,calibration,good,train/good/123.png,2.140510
patchcore_r18_1,metal_nut,0,gate,calibration,good,train/good/131.png,2.085671
patchcore_r18_1,metal_nut,0,gate,calibration,good,train/good/149.png,2.132181
patchcore_r18_1,metal_nut,0,gate,calibration,good,train/good/150.png,2.113483
patchcore_r18_1,metal_nut,0,gate,calibration,good,train/good/155.png,2.239929
patchcore_r18_1,metal_nut,0,gate,calibration,good,train/good/159.png,2.291486
patchcore_r18_1,metal_nut,0,gate,calibration,good,train/good/173.png,2.149592
patchcore_r18_1,metal_nut,0,gate,calibration,good,train/good/175.png,2.214655
patchcore_r18_1,metal_nut,0,gate,calibration,good,train/good/178.png,2.189133
patchcore_r18_1,metal_nut,0,gate,calibration,good,train/good/185.png,2.219000
patchcore_r18_1,metal_nut,0,gate,calibration,good,train/good/188.png,2.100884
patchcore_r18_1,metal_nut,0,gate,calibration,good,train/good/194.png,2.089167
patchcore_r18_1,metal_nut,0,gate,calibration,good,train/good/196.png,2.186189
patchcore_r18_1,metal_nut,0,gate,calibration,good,train/good/197.png,2.138053
patchcore_r18_1,metal_nut,0,gate,calibration,good,train/good/210.png,2.186418
patchcore_r18_1,metal_nut,0,gate,calibration,good,train/good/213.png,2.049645
patchcore_r18_1,metal_nut,0,gate,calibration,good,train/good/217.png,2.119372
patchcore_r18_1,metal_nut,0,gate,test,bent,test/bent/000.png,2.992124
patchcore_r18_1,metal_nut,0,gate,test,bent,test/bent/001.png,3.046989
patchcore_r18_1,metal_nut,0,gate,test,bent,test/bent/002.png,3.152223
patchcore_r18_1,metal_nut,0,gate,test,bent,test/bent/003.png,2.655046
patchcore_r18_1,metal_nut,0,gate,test,bent,test/bent/004.png,2.906679
patchcore_r18_1,metal_nut,0,gate,test,bent,test/bent/005.png,3.237419
patchcore_r18_1,metal_nut,0,gate,test,bent,test/bent/006.png,2.779604
patchcore_r18_1,metal_nut,0,gate,test,bent,test/bent/007.png,2.332948
patchcore_r18_1,metal_nut,0,gate,test,bent,test/bent/008.png,2.788857
patchcore_r18_1,metal_nut,0,gate,test,bent,test/bent/009.png,2.887130
patchcore_r18_1,metal_nut,0,gate,test,bent,test/bent/010.png,3.028834
patchcore_r18_1,metal_nut,0,gate,test,bent,test/bent/011.png,3.306596
patchcore_r18_1,metal_nut,0,gate,test,bent,test/bent/012.png,2.837492
patchcore_r18_1,metal_nut,0,gate,test,bent,test/bent/013.png,2.757210
patchcore_r18_1,metal_nut,0,gate,test,bent,test/bent/014.png,3.049607
patchcore_r18_1,metal_nut,0,gate,test,bent,test/bent/015.png,2.721859
patchcore_r18_1,metal_nut,0,gate,test,bent,test/bent/016.png,3.043564
patchcore_r18_1,metal_nut,0,gate,test,bent,test/bent/017.png,3.020801
patchcore_r18_1,metal_nut,0,gate,test,bent,test/bent/018.png,2.794084
patchcore_r18_1,metal_nut,0,gate,test,bent,test/bent/019.png,2.827019
patchcore_r18_1,metal_nut,0,gate,test,bent,test/bent/020.png,2.899915
patchcore_r18_1,metal_nut,0,gate,test,bent,test/bent/021.png,2.983262
patchcore_r18_1,metal_nut,0,gate,test,bent,test/bent/022.png,2.614952
patchcore_r18_1,metal_nut,0,gate,test,bent,test/bent/023.png,2.757622
patchcore_r18_1,metal_nut,0,gate,test,bent,test/bent/024.png,2.942862
patchcore_r18_1,metal_nut,0,gate,test,color,test/color/000.png,2.839799
patchcore_r18_1,metal_nut,0,gate,test,color,test/color/001.png,2.554898
patchcore_r18_1,metal_nut,0,gate,test,color,test/color/002.png,2.950990
patchcore_r18_1,metal_nut,0,gate,test,color,test/color/003.png,2.899082
patchcore_r18_1,metal_nut,0,gate,test,color,test/color/004.png,2.227204
patchcore_r18_1,metal_nut,0,gate,test,color,test/color/005.png,2.717389
patchcore_r18_1,metal_nut,0,gate,test,color,test/color/006.png,2.927351
patchcore_r18_1,metal_nut,0,gate,test,color,test/color/007.png,2.993198
patchcore_r18_1,metal_nut,0,gate,test,color,test/color/008.png,3.059288
patchcore_r18_1,metal_nut,0,gate,test,color,test/color/009.png,3.205929
patchcore_r18_1,metal_nut,0,gate,test,color,test/color/010.png,2.966045
patchcore_r18_1,metal_nut,0,gate,test,color,test/color/011.png,3.049121
patchcore_r18_1,metal_nut,0,gate,test,color,test/color/012.png,2.803384
patchcore_r18_1,metal_nut,0,gate,test,color,test/color/013.png,2.794801
patchcore_r18_1,metal_nut,0,gate,test,color,test/color/014.png,3.167804
patchcore_r18_1,metal_nut,0,gate,test,color,test/color/015.png,2.574354
patchcore_r18_1,metal_nut,0,gate,test,color,test/color/016.png,2.542435
patchcore_r18_1,metal_nut,0,gate,test,color,test/color/017.png,2.599268
patchcore_r18_1,metal_nut,0,gate,test,color,test/color/018.png,2.444355
patchcore_r18_1,metal_nut,0,gate,test,color,test/color/019.png,2.604351
patchcore_r18_1,metal_nut,0,gate,test,color,test/color/020.png,3.170238
patchcore_r18_1,metal_nut,0,gate,test,color,test/color/021.png,2.742452
patchcore_r18_1,metal_nut,0,gate,test,flip,test/flip/000.png,3.170922
patchcore_r18_1,metal_nut,0,gate,test,flip,test/flip/001.png,3.042766
patchcore_r18_1,metal_nut,0,gate,test,flip,test/flip/002.png,3.086510
patchcore_r18_1,metal_nut,0,gate,test,flip,test/flip/003.png,3.280488
patchcore_r18_1,metal_nut,0,gate,test,flip,test/flip/004.png,2.967788
patchcore_r18_1,metal_nut,0,gate,test,flip,test/flip/005.png,3.108531
patchcore_r18_1,metal_nut,0,gate,test,flip,test/flip/006.png,3.051203
patchcore_r18_1,metal_nut,0,gate,test,flip,test/flip/007.png,3.064920
patchcore_r18_1,metal_nut,0,gate,test,flip,test/flip/008.png,3.160567
patchcore_r18_1,metal_nut,0,gate,test,flip,test/flip/009.png,3.067509
patchcore_r18_1,metal_nut,0,gate,test,flip,test/flip/010.png,3.145895
patchcore_r18_1,metal_nut,0,gate,test,flip,test/flip/011.png,3.286250
patchcore_r18_1,metal_nut,0,gate,test,flip,test/flip/012.png,2.996261
patchcore_r18_1,metal_nut,0,gate,test,flip,test/flip/013.png,3.126655
patchcore_r18_1,metal_nut,0,gate,test,flip,test/flip/014.png,2.916357
patchcore_r18_1,metal_nut,0,gate,test,flip,test/flip/015.png,3.160425
patchcore_r18_1,metal_nut,0,gate,test,flip,test/flip/016.png,3.117783
patchcore_r18_1,metal_nut,0,gate,test,flip,test/flip/017.png,2.934345
patchcore_r18_1,metal_nut,0,gate,test,flip,test/flip/018.png,3.037427
patchcore_r18_1,metal_nut,0,gate,test,flip,test/flip/019.png,3.068142
patchcore_r18_1,metal_nut,0,gate,test,flip,test/flip/020.png,3.031118
patchcore_r18_1,metal_nut,0,gate,test,flip,test/flip/021.png,3.102187
patchcore_r18_1,metal_nut,0,gate,test,flip,test/flip/022.png,3.023887
patchcore_r18_1,metal_nut,0,gate,test,good,test/good/000.png,2.158512
patchcore_r18_1,metal_nut,0,gate,test,good,test/good/001.png,2.188725
patchcore_r18_1,metal_nut,0,gate,test,good,test/good/002.png,2.221011
patchcore_r18_1,metal_nut,0,gate,test,good,test/good/003.png,2.081941
patchcore_r18_1,metal_nut,0,gate,test,good,test/good/004.png,2.059307
patchcore_r18_1,metal_nut,0,gate,test,good,test/good/005.png,2.117398
patchcore_r18_1,metal_nut,0,gate,test,good,test/good/006.png,2.163112
patchcore_r18_1,metal_nut,0,gate,test,good,test/good/007.png,2.205487
patchcore_r18_1,metal_nut,0,gate,test,good,test/good/008.png,2.184562
patchcore_r18_1,metal_nut,0,gate,test,good,test/good/009.png,2.104702
patchcore_r18_1,metal_nut,0,gate,test,good,test/good/010.png,2.185942
patchcore_r18_1,metal_nut,0,gate,test,good,test/good/011.png,2.115804
patchcore_r18_1,metal_nut,0,gate,test,good,test/good/012.png,2.172743
patchcore_r18_1,metal_nut,0,gate,test,good,test/good/013.png,2.237589
patchcore_r18_1,metal_nut,0,gate,test,good,test/good/014.png,2.168728
patchcore_r18_1,metal_nut,0,gate,test,good,test/good/015.png,2.085682
patchcore_r18_1,metal_nut,0,gate,test,good,test/good/016.png,2.350803
patchcore_r18_1,metal_nut,0,gate,test,good,test/good/017.png,2.103278
patchcore_r18_1,metal_nut,0,gate,test,good,test/good/018.png,2.151781
patchcore_r18_1,metal_nut,0,gate,test,good,test/good/019.png,2.073733
patchcore_r18_1,metal_nut,0,gate,test,good,test/good/020.png,2.079772
patchcore_r18_1,metal_nut,0,gate,test,good,test/good/021.png,2.133032
patchcore_r18_1,metal_nut,0,gate,test,scratch,test/scratch/000.png,2.377558
patchcore_r18_1,metal_nut,0,gate,test,scratch,test/scratch/001.png,2.455692
patchcore_r18_1,metal_nut,0,gate,test,scratch,test/scratch/002.png,2.697182
patchcore_r18_1,metal_nut,0,gate,test,scratch,test/scratch/003.png,2.489658
patchcore_r18_1,metal_nut,0,gate,test,scratch,test/scratch/004.png,2.859457
patchcore_r18_1,metal_nut,0,gate,test,scratch,test/scratch/005.png,2.597883
patchcore_r18_1,metal_nut,0,gate,test,scratch,test/scratch/006.png,2.501389
patchcore_r18_1,metal_nut,0,gate,test,scratch,test/scratch/007.png,3.082616
patchcore_r18_1,metal_nut,0,gate,test,scratch,test/scratch/008.png,3.106092
patchcore_r18_1,metal_nut,0,gate,test,scratch,test/scratch/009.png,2.568240
patchcore_r18_1,metal_nut,0,gate,test,scratch,test/scratch/010.png,2.541621
patchcore_r18_1,metal_nut,0,gate,test,scratch,test/scratch/011.png,2.739955
patchcore_r18_1,metal_nut,0,gate,test,scratch,test/scratch/012.png,2.766228
patchcore_r18_1,metal_nut,0,gate,test,scratch,test/scratch/013.png,2.814223
patchcore_r18_1,metal_nut,0,gate,test,scratch,test/scratch/014.png,2.688009
patchcore_r18_1,metal_nut,0,gate,test,scratch,test/scratch/015.png,3.222190
patchcore_r18_1,metal_nut,0,gate,test,scratch,test/scratch/016.png,2.608277
patchcore_r18_1,metal_nut,0,gate,test,scratch,test/scratch/017.png,2.790870
patchcore_r18_1,metal_nut,0,gate,test,scratch,test/scratch/018.png,2.890287
patchcore_r18_1,metal_nut,0,gate,test,scratch,test/scratch/019.png,2.520547
patchcore_r18_1,metal_nut,0,gate,test,scratch,test/scratch/020.png,2.424812
patchcore_r18_1,metal_nut,0,gate,test,scratch,test/scratch/021.png,2.436375
patchcore_r18_1,metal_nut,0,gate,test,scratch,test/scratch/022.png,2.272243
patchcore_r18_1,metal_nut,1,full,test,bent,test/bent/000.png,2.992124
patchcore_r18_1,metal_nut,1,full,test,bent,test/bent/001.png,3.006105
patchcore_r18_1,metal_nut,1,full,test,bent,test/bent/002.png,3.115119
patchcore_r18_1,metal_nut,1,full,test,bent,test/bent/003.png,2.732970
patchcore_r18_1,metal_nut,1,full,test,bent,test/bent/004.png,3.051700
patchcore_r18_1,metal_nut,1,full,test,bent,test/bent/005.png,2.976336
patchcore_r18_1,metal_nut,1,full,test,bent,test/bent/006.png,2.734764
patchcore_r18_1,metal_nut,1,full,test,bent,test/bent/007.png,2.447098
patchcore_r18_1,metal_nut,1,full,test,bent,test/bent/008.png,2.893053
patchcore_r18_1,metal_nut,1,full,test,bent,test/bent/009.png,2.920168
patchcore_r18_1,metal_nut,1,full,test,bent,test/bent/010.png,3.035129
patchcore_r18_1,metal_nut,1,full,test,bent,test/bent/011.png,3.327261
patchcore_r18_1,metal_nut,1,full,test,bent,test/bent/012.png,2.935944
patchcore_r18_1,metal_nut,1,full,test,bent,test/bent/013.png,2.775717
patchcore_r18_1,metal_nut,1,full,test,bent,test/bent/014.png,3.218575
patchcore_r18_1,metal_nut,1,full,test,bent,test/bent/015.png,2.695142
patchcore_r18_1,metal_nut,1,full,test,bent,test/bent/016.png,3.081615
patchcore_r18_1,metal_nut,1,full,test,bent,test/bent/017.png,2.996077
patchcore_r18_1,metal_nut,1,full,test,bent,test/bent/018.png,2.835521
patchcore_r18_1,metal_nut,1,full,test,bent,test/bent/019.png,2.851871
patchcore_r18_1,metal_nut,1,full,test,bent,test/bent/020.png,2.933801
patchcore_r18_1,metal_nut,1,full,test,bent,test/bent/021.png,2.968517
patchcore_r18_1,metal_nut,1,full,test,bent,test/bent/022.png,2.614952
patchcore_r18_1,metal_nut,1,full,test,bent,test/bent/023.png,2.712072
patchcore_r18_1,metal_nut,1,full,test,bent,test/bent/024.png,2.891659
patchcore_r18_1,metal_nut,1,full,test,color,test/color/000.png,2.881642
patchcore_r18_1,metal_nut,1,full,test,color,test/color/001.png,2.372051
patchcore_r18_1,metal_nut,1,full,test,color,test/color/002.png,2.887027
patchcore_r18_1,metal_nut,1,full,test,color,test/color/003.png,2.987732
patchcore_r18_1,metal_nut,1,full,test,color,test/color/004.png,2.118406
patchcore_r18_1,metal_nut,1,full,test,color,test/color/005.png,2.574154
patchcore_r18_1,metal_nut,1,full,test,color,test/color/006.png,2.855391
patchcore_r18_1,metal_nut,1,full,test,color,test/color/007.png,3.128134
patchcore_r18_1,metal_nut,1,full,test,color,test/color/008.png,3.050928
patchcore_r18_1,metal_nut,1,full,test,color,test/color/009.png,3.102185
patchcore_r18_1,metal_nut,1,full,test,color,test/color/010.png,2.908113
patchcore_r18_1,metal_nut,1,full,test,color,test/color/011.png,3.103936
patchcore_r18_1,metal_nut,1,full,test,color,test/color/012.png,2.878579
patchcore_r18_1,metal_nut,1,full,test,color,test/color/013.png,2.746914
patchcore_r18_1,metal_nut,1,full,test,color,test/color/014.png,3.242348
patchcore_r18_1,metal_nut,1,full,test,color,test/color/015.png,2.637680
patchcore_r18_1,metal_nut,1,full,test,color,test/color/016.png,2.571250
patchcore_r18_1,metal_nut,1,full,test,color,test/color/017.png,2.508584
patchcore_r18_1,metal_nut,1,full,test,color,test/color/018.png,2.374218
patchcore_r18_1,metal_nut,1,full,test,color,test/color/019.png,2.590281
patchcore_r18_1,metal_nut,1,full,test,color,test/color/020.png,3.086301
patchcore_r18_1,metal_nut,1,full,test,color,test/color/021.png,2.579537
patchcore_r18_1,metal_nut,1,full,test,flip,test/flip/000.png,3.172971
patchcore_r18_1,metal_nut,1,full,test,flip,test/flip/001.png,3.017259
patchcore_r18_1,metal_nut,1,full,test,flip,test/flip/002.png,2.963874
patchcore_r18_1,metal_nut,1,full,test,flip,test/flip/003.png,3.251911
patchcore_r18_1,metal_nut,1,full,test,flip,test/flip/004.png,2.991017
patchcore_r18_1,metal_nut,1,full,test,flip,test/flip/005.png,3.084251
patchcore_r18_1,metal_nut,1,full,test,flip,test/flip/006.png,3.081159
patchcore_r18_1,metal_nut,1,full,test,flip,test/flip/007.png,3.023798
patchcore_r18_1,metal_nut,1,full,test,flip,test/flip/008.png,3.179156
patchcore_r18_1,metal_nut,1,full,test,flip,test/flip/009.png,3.168930
patchcore_r18_1,metal_nut,1,full,test,flip,test/flip/010.png,3.167644
patchcore_r18_1,metal_nut,1,full,test,flip,test/flip/011.png,3.372228
patchcore_r18_1,metal_nut,1,full,test,flip,test/flip/012.png,3.085133
patchcore_r18_1,metal_nut,1,full,test,flip,test/flip/013.png,3.244212
patchcore_r18_1,metal_nut,1,full,test,flip,test/flip/014.png,3.050913
patchcore_r18_1,metal_nut,1,full,test,flip,test/flip/015.png,3.176179
patchcore_r18_1,metal_nut,1,full,test,flip,test/flip/016.png,3.001549
patchcore_r18_1,metal_nut,1,full,test,flip,test/flip/017.png,2.991967
patchcore_r18_1,metal_nut,1,full,test,flip,test/flip/018.png,3.121548
patchcore_r18_1,metal_nut,1,full,test,flip,test/flip/019.png,3.008036
patchcore_r18_1,metal_nut,1,full,test,flip,test/flip/020.png,3.032236
patchcore_r18_1,metal_nut,1,full,test,flip,test/flip/021.png,3.055664
patchcore_r18_1,metal_nut,1,full,test,flip,test/flip/022.png,3.097467
patchcore_r18_1,metal_nut,1,full,test,good,test/good/000.png,2.132914
patchcore_r18_1,metal_nut,1,full,test,good,test/good/001.png,2.112379
patchcore_r18_1,metal_nut,1,full,test,good,test/good/002.png,2.079968
patchcore_r18_1,metal_nut,1,full,test,good,test/good/003.png,2.119966
patchcore_r18_1,metal_nut,1,full,test,good,test/good/004.png,2.054113
patchcore_r18_1,metal_nut,1,full,test,good,test/good/005.png,2.140512
patchcore_r18_1,metal_nut,1,full,test,good,test/good/006.png,2.107814
patchcore_r18_1,metal_nut,1,full,test,good,test/good/007.png,2.343293
patchcore_r18_1,metal_nut,1,full,test,good,test/good/008.png,2.096431
patchcore_r18_1,metal_nut,1,full,test,good,test/good/009.png,2.064028
patchcore_r18_1,metal_nut,1,full,test,good,test/good/010.png,2.234444
patchcore_r18_1,metal_nut,1,full,test,good,test/good/011.png,2.037498
patchcore_r18_1,metal_nut,1,full,test,good,test/good/012.png,2.116397
patchcore_r18_1,metal_nut,1,full,test,good,test/good/013.png,2.162646
patchcore_r18_1,metal_nut,1,full,test,good,test/good/014.png,2.105059
patchcore_r18_1,metal_nut,1,full,test,good,test/good/015.png,2.104304
patchcore_r18_1,metal_nut,1,full,test,good,test/good/016.png,2.290182
patchcore_r18_1,metal_nut,1,full,test,good,test/good/017.png,2.062553
patchcore_r18_1,metal_nut,1,full,test,good,test/good/018.png,2.095630
patchcore_r18_1,metal_nut,1,full,test,good,test/good/019.png,2.041155
patchcore_r18_1,metal_nut,1,full,test,good,test/good/020.png,2.045568
patchcore_r18_1,metal_nut,1,full,test,good,test/good/021.png,2.129931
patchcore_r18_1,metal_nut,1,full,test,scratch,test/scratch/000.png,2.341071
patchcore_r18_1,metal_nut,1,full,test,scratch,test/scratch/001.png,2.407865
patchcore_r18_1,metal_nut,1,full,test,scratch,test/scratch/002.png,2.645902
patchcore_r18_1,metal_nut,1,full,test,scratch,test/scratch/003.png,2.452613
patchcore_r18_1,metal_nut,1,full,test,scratch,test/scratch/004.png,2.825134
patchcore_r18_1,metal_nut,1,full,test,scratch,test/scratch/005.png,2.458646
patchcore_r18_1,metal_nut,1,full,test,scratch,test/scratch/006.png,2.543570
patchcore_r18_1,metal_nut,1,full,test,scratch,test/scratch/007.png,2.942690
patchcore_r18_1,metal_nut,1,full,test,scratch,test/scratch/008.png,3.149367
patchcore_r18_1,metal_nut,1,full,test,scratch,test/scratch/009.png,2.621925
patchcore_r18_1,metal_nut,1,full,test,scratch,test/scratch/010.png,2.524632
patchcore_r18_1,metal_nut,1,full,test,scratch,test/scratch/011.png,2.860328
patchcore_r18_1,metal_nut,1,full,test,scratch,test/scratch/012.png,2.725316
patchcore_r18_1,metal_nut,1,full,test,scratch,test/scratch/013.png,2.752923
patchcore_r18_1,metal_nut,1,full,test,scratch,test/scratch/014.png,2.725122
patchcore_r18_1,metal_nut,1,full,test,scratch,test/scratch/015.png,3.095461
patchcore_r18_1,metal_nut,1,full,test,scratch,test/scratch/016.png,2.584092
patchcore_r18_1,metal_nut,1,full,test,scratch,test/scratch/017.png,2.761302
patchcore_r18_1,metal_nut,1,full,test,scratch,test/scratch/018.png,2.958458
patchcore_r18_1,metal_nut,1,full,test,scratch,test/scratch/019.png,2.446596
patchcore_r18_1,metal_nut,1,full,test,scratch,test/scratch/020.png,2.400645
patchcore_r18_1,metal_nut,1,full,test,scratch,test/scratch/021.png,2.454269
patchcore_r18_1,metal_nut,1,full,test,scratch,test/scratch/022.png,2.263184
patchcore_r18_1,metal_nut,1,gate,calibration,good,train/good/001.png,2.167166
patchcore_r18_1,metal_nut,1,gate,calibration,good,train/good/005.png,2.077692
patchcore_r18_1,metal_nut,1,gate,calibration,good,train/good/007.png,2.096198
patchcore_r18_1,metal_nut,1,gate,calibration,good,train/good/013.png,2.079296
patchcore_r18_1,metal_nut,1,gate,calibration,good,train/good/014.png,2.109444
patchcore_r18_1,metal_nut,1,gate,calibration,good,train/good/019.png,2.139713
patchcore_r18_1,metal_nut,1,gate,calibration,good,train/good/020.png,2.144751
patchcore_r18_1,metal_nut,1,gate,calibration,good,train/good/021.png,2.342283
patchcore_r18_1,metal_nut,1,gate,calibration,good,train/good/024.png,2.054216
patchcore_r18_1,metal_nut,1,gate,calibration,good,train/good/029.png,2.168876
patchcore_r18_1,metal_nut,1,gate,calibration,good,train/good/031.png,2.217507
patchcore_r18_1,metal_nut,1,gate,calibration,good,train/good/043.png,2.111060
patchcore_r18_1,metal_nut,1,gate,calibration,good,train/good/052.png,2.180388
patchcore_r18_1,metal_nut,1,gate,calibration,good,train/good/059.png,2.121906
patchcore_r18_1,metal_nut,1,gate,calibration,good,train/good/063.png,2.116769
patchcore_r18_1,metal_nut,1,gate,calibration,good,train/good/070.png,2.152674
patchcore_r18_1,metal_nut,1,gate,calibration,good,train/good/079.png,2.098517
patchcore_r18_1,metal_nut,1,gate,calibration,good,train/good/080.png,2.135103
patchcore_r18_1,metal_nut,1,gate,calibration,good,train/good/088.png,2.160604
patchcore_r18_1,metal_nut,1,gate,calibration,good,train/good/097.png,2.030966
patchcore_r18_1,metal_nut,1,gate,calibration,good,train/good/099.png,2.215343
patchcore_r18_1,metal_nut,1,gate,calibration,good,train/good/105.png,2.181766
patchcore_r18_1,metal_nut,1,gate,calibration,good,train/good/107.png,2.113700
patchcore_r18_1,metal_nut,1,gate,calibration,good,train/good/108.png,2.134109
patchcore_r18_1,metal_nut,1,gate,calibration,good,train/good/117.png,2.190221
patchcore_r18_1,metal_nut,1,gate,calibration,good,train/good/121.png,2.129374
patchcore_r18_1,metal_nut,1,gate,calibration,good,train/good/124.png,2.087234
patchcore_r18_1,metal_nut,1,gate,calibration,good,train/good/126.png,2.141901
patchcore_r18_1,metal_nut,1,gate,calibration,good,train/good/130.png,2.085177
patchcore_r18_1,metal_nut,1,gate,calibration,good,train/good/138.png,2.006837
patchcore_r18_1,metal_nut,1,gate,calibration,good,train/good/139.png,2.114540
patchcore_r18_1,metal_nut,1,gate,calibration,good,train/good/140.png,2.108975
patchcore_r18_1,metal_nut,1,gate,calibration,good,train/good/142.png,2.086505
patchcore_r18_1,metal_nut,1,gate,calibration,good,train/good/149.png,2.082063
patchcore_r18_1,metal_nut,1,gate,calibration,good,train/good/150.png,2.101735
patchcore_r18_1,metal_nut,1,gate,calibration,good,train/good/152.png,2.121789
patchcore_r18_1,metal_nut,1,gate,calibration,good,train/good/156.png,2.216485
patchcore_r18_1,metal_nut,1,gate,calibration,good,train/good/172.png,2.140221
patchcore_r18_1,metal_nut,1,gate,calibration,good,train/good/173.png,2.205945
patchcore_r18_1,metal_nut,1,gate,calibration,good,train/good/175.png,2.115858
patchcore_r18_1,metal_nut,1,gate,calibration,good,train/good/185.png,2.220729
patchcore_r18_1,metal_nut,1,gate,calibration,good,train/good/193.png,2.070599
patchcore_r18_1,metal_nut,1,gate,calibration,good,train/good/209.png,2.149835
patchcore_r18_1,metal_nut,1,gate,calibration,good,train/good/218.png,2.144819
patchcore_r18_1,metal_nut,1,gate,test,bent,test/bent/000.png,3.058076
patchcore_r18_1,metal_nut,1,gate,test,bent,test/bent/001.png,3.032426
patchcore_r18_1,metal_nut,1,gate,test,bent,test/bent/002.png,3.225236
patchcore_r18_1,metal_nut,1,gate,test,bent,test/bent/003.png,2.709573
patchcore_r18_1,metal_nut,1,gate,test,bent,test/bent/004.png,2.889172
patchcore_r18_1,metal_nut,1,gate,test,bent,test/bent/005.png,3.206957
patchcore_r18_1,metal_nut,1,gate,test,bent,test/bent/006.png,2.734764
patchcore_r18_1,metal_nut,1,gate,test,bent,test/bent/007.png,2.560870
patchcore_r18_1,metal_nut,1,gate,test,bent,test/bent/008.png,2.775803
patchcore_r18_1,metal_nut,1,gate,test,bent,test/bent/009.png,2.922735
patchcore_r18_1,metal_nut,1,gate,test,bent,test/bent/010.png,3.038799
patchcore_r18_1,metal_nut,1,gate,test,bent,test/bent/011.png,3.262189
patchcore_r18_1,metal_nut,1,gate,test,bent,test/bent/012.png,2.859078
patchcore_r18_1,metal_nut,1,gate,test,bent,test/bent/013.png,2.961284
patchcore_r18_1,metal_nut,1,gate,test,bent,test/bent/014.png,2.965986
patchcore_r18_1,metal_nut,1,gate,test,bent,test/bent/015.png,2.723004
patchcore_r18_1,metal_nut,1,gate,test,bent,test/bent/016.png,3.013108
patchcore_r18_1,metal_nut,1,gate,test,bent,test/bent/017.png,2.967217
patchcore_r18_1,metal_nut,1,gate,test,bent,test/bent/018.png,2.809046
patchcore_r18_1,metal_nut,1,gate,test,bent,test/bent/019.png,2.819160
patchcore_r18_1,metal_nut,1,gate,test,bent,test/bent/020.png,2.855787
patchcore_r18_1,metal_nut,1,gate,test,bent,test/bent/021.png,2.965892
patchcore_r18_1,metal_nut,1,gate,test,bent,test/bent/022.png,2.630958
patchcore_r18_1,metal_nut,1,gate,test,bent,test/bent/023.png,2.716964
patchcore_r18_1,metal_nut,1,gate,test,bent,test/bent/024.png,2.820489
patchcore_r18_1,metal_nut,1,gate,test,color,test/color/000.png,2.848151
patchcore_r18_1,metal_nut,1,gate,test,color,test/color/001.png,2.417583
patchcore_r18_1,metal_nut,1,gate,test,color,test/color/002.png,2.855840
patchcore_r18_1,metal_nut,1,gate,test,color,test/color/003.png,2.924500
patchcore_r18_1,metal_nut,1,gate,test,color,test/color/004.png,2.175046
patchcore_r18_1,metal_nut,1,gate,test,color,test/color/005.png,2.705420
patchcore_r18_1,metal_nut,1,gate,test,color,test/color/006.png,2.886383
patchcore_r18_1,metal_nut,1,gate,test,color,test/color/007.png,3.072196
patchcore_r18_1,metal_nut,1,gate,test,color,test/color/008.png,3.130368
patchcore_r18_1,metal_nut,1,gate,test,color,test/color/009.png,3.110320
patchcore_r18_1,metal_nut,1,gate,test,color,test/color/010.png,2.842709
patchcore_r18_1,metal_nut,1,gate,test,color,test/color/011.png,3.020312
patchcore_r18_1,metal_nut,1,gate,test,color,test/color/012.png,2.869985
patchcore_r18_1,metal_nut,1,gate,test,color,test/color/013.png,2.773902
patchcore_r18_1,metal_nut,1,gate,test,color,test/color/014.png,3.278060
patchcore_r18_1,metal_nut,1,gate,test,color,test/color/015.png,2.523034
patchcore_r18_1,metal_nut,1,gate,test,color,test/color/016.png,2.610878
patchcore_r18_1,metal_nut,1,gate,test,color,test/color/017.png,2.594203
patchcore_r18_1,metal_nut,1,gate,test,color,test/color/018.png,2.454104
patchcore_r18_1,metal_nut,1,gate,test,color,test/color/019.png,2.455919
patchcore_r18_1,metal_nut,1,gate,test,color,test/color/020.png,3.145407
patchcore_r18_1,metal_nut,1,gate,test,color,test/color/021.png,2.554834
patchcore_r18_1,metal_nut,1,gate,test,flip,test/flip/000.png,3.253895
patchcore_r18_1,metal_nut,1,gate,test,flip,test/flip/001.png,3.010740
patchcore_r18_1,metal_nut,1,gate,test,flip,test/flip/002.png,2.973908
patchcore_r18_1,metal_nut,1,gate,test,flip,test/flip/003.png,3.205742
patchcore_r18_1,metal_nut,1,gate,test,flip,test/flip/004.png,3.018303
patchcore_r18_1,metal_nut,1,gate,test,flip,test/flip/005.png,3.106147
patchcore_r18_1,metal_nut,1,gate,test,flip,test/flip/006.png,3.040855
patchcore_r18_1,metal_nut,1,gate,test,flip,test/flip/007.png,3.082283
patchcore_r18_1,metal_nut,1,gate,test,flip,test/flip/008.png,3.235044
patchcore_r18_1,metal_nut,1,gate,test,flip,test/flip/009.png,3.181274
patchcore_r18_1,metal_nut,1,gate,test,flip,test/flip/010.png,3.068811
patchcore_r18_1,metal_nut,1,gate,test,flip,test/flip/011.png,3.293484
patchcore_r18_1,metal_nut,1,gate,test,flip,test/flip/012.png,3.004164
patchcore_r18_1,metal_nut,1,gate,test,flip,test/flip/013.png,3.188462
patchcore_r18_1,metal_nut,1,gate,test,flip,test/flip/014.png,3.100130
patchcore_r18_1,metal_nut,1,gate,test,flip,test/flip/015.png,3.246191
patchcore_r18_1,metal_nut,1,gate,test,flip,test/flip/016.png,3.068435
patchcore_r18_1,metal_nut,1,gate,test,flip,test/flip/017.png,2.914713
patchcore_r18_1,metal_nut,1,gate,test,flip,test/flip/018.png,3.079270
patchcore_r18_1,metal_nut,1,gate,test,flip,test/flip/019.png,3.005982
patchcore_r18_1,metal_nut,1,gate,test,flip,test/flip/020.png,3.079353
patchcore_r18_1,metal_nut,1,gate,test,flip,test/flip/021.png,3.089123
patchcore_r18_1,metal_nut,1,gate,test,flip,test/flip/022.png,3.075692
patchcore_r18_1,metal_nut,1,gate,test,good,test/good/000.png,2.131280
patchcore_r18_1,metal_nut,1,gate,test,good,test/good/001.png,2.115132
patchcore_r18_1,metal_nut,1,gate,test,good,test/good/002.png,2.113832
patchcore_r18_1,metal_nut,1,gate,test,good,test/good/003.png,2.034509
patchcore_r18_1,metal_nut,1,gate,test,good,test/good/004.png,2.108459
patchcore_r18_1,metal_nut,1,gate,test,good,test/good/005.png,2.138080
patchcore_r18_1,metal_nut,1,gate,test,good,test/good/006.png,2.107464
patchcore_r18_1,metal_nut,1,gate,test,good,test/good/007.png,2.215915
patchcore_r18_1,metal_nut,1,gate,test,good,test/good/008.png,2.148009
patchcore_r18_1,metal_nut,1,gate,test,good,test/good/009.png,2.113358
patchcore_r18_1,metal_nut,1,gate,test,good,test/good/010.png,2.331852
patchcore_r18_1,metal_nut,1,gate,test,good,test/good/011.png,2.196358
patchcore_r18_1,metal_nut,1,gate,test,good,test/good/012.png,2.248960
patchcore_r18_1,metal_nut,1,gate,test,good,test/good/013.png,2.190429
patchcore_r18_1,metal_nut,1,gate,test,good,test/good/014.png,2.123223
patchcore_r18_1,metal_nut,1,gate,test,good,test/good/015.png,2.153871
patchcore_r18_1,metal_nut,1,gate,test,good,test/good/016.png,2.360759
patchcore_r18_1,metal_nut,1,gate,test,good,test/good/017.png,2.068794
patchcore_r18_1,metal_nut,1,gate,test,good,test/good/018.png,2.125410
patchcore_r18_1,metal_nut,1,gate,test,good,test/good/019.png,2.061100
patchcore_r18_1,metal_nut,1,gate,test,good,test/good/020.png,2.120843
patchcore_r18_1,metal_nut,1,gate,test,good,test/good/021.png,2.106712
patchcore_r18_1,metal_nut,1,gate,test,scratch,test/scratch/000.png,2.430793
patchcore_r18_1,metal_nut,1,gate,test,scratch,test/scratch/001.png,2.532213
patchcore_r18_1,metal_nut,1,gate,test,scratch,test/scratch/002.png,2.737943
patchcore_r18_1,metal_nut,1,gate,test,scratch,test/scratch/003.png,2.472332
patchcore_r18_1,metal_nut,1,gate,test,scratch,test/scratch/004.png,2.784525
patchcore_r18_1,metal_nut,1,gate,test,scratch,test/scratch/005.png,2.516029
patchcore_r18_1,metal_nut,1,gate,test,scratch,test/scratch/006.png,2.511807
patchcore_r18_1,metal_nut,1,gate,test,scratch,test/scratch/007.png,3.028111
patchcore_r18_1,metal_nut,1,gate,test,scratch,test/scratch/008.png,3.063147
patchcore_r18_1,metal_nut,1,gate,test,scratch,test/scratch/009.png,2.606680
patchcore_r18_1,metal_nut,1,gate,test,scratch,test/scratch/010.png,2.537024
patchcore_r18_1,metal_nut,1,gate,test,scratch,test/scratch/011.png,2.795908
patchcore_r18_1,metal_nut,1,gate,test,scratch,test/scratch/012.png,2.717677
patchcore_r18_1,metal_nut,1,gate,test,scratch,test/scratch/013.png,2.768167
patchcore_r18_1,metal_nut,1,gate,test,scratch,test/scratch/014.png,2.670762
patchcore_r18_1,metal_nut,1,gate,test,scratch,test/scratch/015.png,3.130005
patchcore_r18_1,metal_nut,1,gate,test,scratch,test/scratch/016.png,2.596316
patchcore_r18_1,metal_nut,1,gate,test,scratch,test/scratch/017.png,2.673712
patchcore_r18_1,metal_nut,1,gate,test,scratch,test/scratch/018.png,2.977211
patchcore_r18_1,metal_nut,1,gate,test,scratch,test/scratch/019.png,2.458768
patchcore_r18_1,metal_nut,1,gate,test,scratch,test/scratch/020.png,2.517026
patchcore_r18_1,metal_nut,1,gate,test,scratch,test/scratch/021.png,2.481899
patchcore_r18_1,metal_nut,1,gate,test,scratch,test/scratch/022.png,2.333410
patchcore_r18_1,metal_nut,2,full,test,bent,test/bent/000.png,2.977455
patchcore_r18_1,metal_nut,2,full,test,bent,test/bent/001.png,3.007930
patchcore_r18_1,metal_nut,2,full,test,bent,test/bent/002.png,3.197598
patchcore_r18_1,metal_nut,2,full,test,bent,test/bent/003.png,2.753862
patchcore_r18_1,metal_nut,2,full,test,bent,test/bent/004.png,2.887730
patchcore_r18_1,metal_nut,2,full,test,bent,test/bent/005.png,3.148077
patchcore_r18_1,metal_nut,2,full,test,bent,test/bent/006.png,2.769813
patchcore_r18_1,metal_nut,2,full,test,bent,test/bent/007.png,2.530621
patchcore_r18_1,metal_nut,2,full,test,bent,test/bent/008.png,2.870732
patchcore_r18_1,metal_nut,2,full,test,bent,test/bent/009.png,2.941475
patchcore_r18_1,metal_nut,2,full,test,bent,test/bent/010.png,2.980526
patchcore_r18_1,metal_nut,2,full,test,bent,test/bent/011.png,3.324132
patchcore_r18_1,metal_nut,2,full,test,bent,test/bent/012.png,2.960302
patchcore_r18_1,metal_nut,2,full,test,bent,test/bent/013.png,2.936082
patchcore_r18_1,metal_nut,2,full,test,bent,test/bent/014.png,3.039812
patchcore_r18_1,metal_nut,2,full,test,bent,test/bent/015.png,2.515186
patchcore_r18_1,metal_nut,2,full,test,bent,test/bent/016.png,3.081615
patchcore_r18_1,metal_nut,2,full,test,bent,test/bent/017.png,2.995839
patchcore_r18_1,metal_nut,2,full,test,bent,test/bent/018.png,2.832306
patchcore_r18_1,metal_nut,2,full,test,bent,test/bent/019.png,2.768630
patchcore_r18_1,metal_nut,2,full,test,bent,test/bent/020.png,2.959664
patchcore_r18_1,metal_nut,2,full,test,bent,test/bent/021.png,2.974574
patchcore_r18_1,metal_nut,2,full,test,bent,test/bent/022.png,2.567556
patchcore_r18_1,metal_nut,2,full,test,bent,test/bent/023.png,2.759107
patchcore_r18_1,metal_nut,2,full,test,bent,test/bent/024.png,2.878538
patchcore_r18_1,metal_nut,2,full,test,color,test/color/000.png,2.758182
patchcore_r18_1,metal_nut,2,full,test,color,test/color/001.png,2.540011
patchcore_r18_1,metal_nut,2,full,test,color,test/color/002.png,2.849271
patchcore_r18_1,metal_nut,2,full,test,color,test/color/003.png,3.006784
patchcore_r18_1,metal_nut,2,full,test,color,test/color/004.png,2.183200
patchcore_r18_1,metal_nut,2,full,test,color,test/color/005.png,2.527200
patchcore_r18_1,metal_nut,2,full,test,color,test/color/006.png,2.848543
patchcore_r18_1,metal_nut,2,full,test,color,test/color/007.png,3.065825
patchcore_r18_1,metal_nut,2,full,test,color,test/color/008.png,3.084858
patchcore_r18_1,metal_nut,2,full,test,color,test/color/009.png,3.132626
patchcore_r18_1,metal_nut,2,full,test,color,test/color/010.png,2.974562
patchcore_r18_1,metal_nut,2,full,test,color,test/color/011.png,3.062625
patchcore_r18_1,metal_nut,2,full,test,color,test/color/012.png,2.837164
patchcore_r18_1,metal_nut,2,full,test,color,test/color/013.png,2.661256
patchcore_r18_1,metal_nut,2,full,test,color,test/color/014.png,3.167798
patchcore_r18_1,metal_nut,2,full,test,color,test/color/015.png,2.528526
patchcore_r18_1,metal_nut,2,full,test,color,test/color/016.png,2.554473
patchcore_r18_1,metal_nut,2,full,test,color,test/color/017.png,2.523983
patchcore_r18_1,metal_nut,2,full,test,color,test/color/018.png,2.461739
patchcore_r18_1,metal_nut,2,full,test,color,test/color/019.png,2.472555
patchcore_r18_1,metal_nut,2,full,test,color,test/color/020.png,3.097409
patchcore_r18_1,metal_nut,2,full,test,color,test/color/021.png,2.564624
patchcore_r18_1,metal_nut,2,full,test,flip,test/flip/000.png,3.223523
patchcore_r18_1,metal_nut,2,full,test,flip,test/flip/001.png,2.998448
patchcore_r18_1,metal_nut,2,full,test,flip,test/flip/002.png,2.961148
patchcore_r18_1,metal_nut,2,full,test,flip,test/flip/003.png,3.332544
patchcore_r18_1,metal_nut,2,full,test,flip,test/flip/004.png,2.919253
patchcore_r18_1,metal_nut,2,full,test,flip,test/flip/005.png,3.120089
patchcore_r18_1,metal_nut,2,full,test,flip,test/flip/006.png,3.081289
patchcore_r18_1,metal_nut,2,full,test,flip,test/flip/007.png,3.018101
patchcore_r18_1,metal_nut,2,full,test,flip,test/flip/008.png,3.156149
patchcore_r18_1,metal_nut,2,full,test,flip,test/flip/009.png,3.176483
patchcore_r18_1,metal_nut,2,full,test,flip,test/flip/010.png,3.145895
patchcore_r18_1,metal_nut,2,full,test,flip,test/flip/011.png,3.388767
patchcore_r18_1,metal_nut,2,full,test,flip,test/flip/012.png,3.061641
patchcore_r18_1,metal_nut,2,full,test,flip,test/flip/013.png,3.272051
patchcore_r18_1,metal_nut,2,full,test,flip,test/flip/014.png,2.988654
patchcore_r18_1,metal_nut,2,full,test,flip,test/flip/015.png,3.180803
patchcore_r18_1,metal_nut,2,full,test,flip,test/flip/016.png,3.084939
patchcore_r18_1,metal_nut,2,full,test,flip,test/flip/017.png,2.995483
patchcore_r18_1,metal_nut,2,full,test,flip,test/flip/018.png,3.078757
patchcore_r18_1,metal_nut,2,full,test,flip,test/flip/019.png,2.980907
patchcore_r18_1,metal_nut,2,full,test,flip,test/flip/020.png,2.957501
patchcore_r18_1,metal_nut,2,full,test,flip,test/flip/021.png,3.020747
patchcore_r18_1,metal_nut,2,full,test,flip,test/flip/022.png,3.086467
patchcore_r18_1,metal_nut,2,full,test,good,test/good/000.png,2.089708
patchcore_r18_1,metal_nut,2,full,test,good,test/good/001.png,2.014779
patchcore_r18_1,metal_nut,2,full,test,good,test/good/002.png,2.140113
patchcore_r18_1,metal_nut,2,full,test,good,test/good/003.png,2.072387
patchcore_r18_1,metal_nut,2,full,test,good,test/good/004.png,2.105209
patchcore_r18_1,metal_nut,2,full,test,good,test/good/005.png,2.123201
patchcore_r18_1,metal_nut,2,full,test,good,test/good/006.png,2.127878
patchcore_r18_1,metal_nut,2,full,test,good,test/good/007.png,2.189111
patchcore_r18_1,metal_nut,2,full,test,good,test/good/008.png,2.124974
patchcore_r18_1,metal_nut,2,full,test,good,test/good/009.png,2.099422
patchcore_r18_1,metal_nut,2,full,test,good,test/good/010.png,2.186038
patchcore_r18_1,metal_nut,2,full,test,good,test/good/011.png,2.073812
patchcore_r18_1,metal_nut,2,full,test,good,test/good/012.png,2.116178
patchcore_r18_1,metal_nut,2,full,test,good,test/good/013.png,2.121129
patchcore_r18_1,metal_nut,2,full,test,good,test/good/014.png,2.084235
patchcore_r18_1,metal_nut,2,full,test,good,test/good/015.png,2.117051
patchcore_r18_1,metal_nut,2,full,test,good,test/good/016.png,2.302444
patchcore_r18_1,metal_nut,2,full,test,good,test/good/017.png,2.113184
patchcore_r18_1,metal_nut,2,full,test,good,test/good/018.png,2.126143
patchcore_r18_1,metal_nut,2,full,test,good,test/good/019.png,2.037370
patchcore_r18_1,metal_nut,2,full,test,good,test/good/020.png,2.062012
patchcore_r18_1,metal_nut,2,full,test,good,test/good/021.png,2.068410
patchcore_r18_1,metal_nut,2,full,test,scratch,test/scratch/000.png,2.195736
patchcore_r18_1,metal_nut,2,full,test,scratch,test/scratch/001.png,2.440656
patchcore_r18_1,metal_nut,2,full,test,scratch,test/scratch/002.png,2.567992
patchcore_r18_1,metal_nut,2,full,test,scratch,test/scratch/003.png,2.560494
patchcore_r18_1,metal_nut,2,full,test,scratch,test/scratch/004.png,2.831559
patchcore_r18_1,metal_nut,2,full,test,scratch,test/scratch/005.png,2.552375
patchcore_r18_1,metal_nut,2,full,test,scratch,test/scratch/006.png,2.593029
patchcore_r18_1,metal_nut,2,full,test,scratch,test/scratch/007.png,3.018626
patchcore_r18_1,metal_nut,2,full,test,scratch,test/scratch/008.png,3.000370
patchcore_r18_1,metal_nut,2,full,test,scratch,test/scratch/009.png,2.592589
patchcore_r18_1,metal_nut,2,full,test,scratch,test/scratch/010.png,2.473476
patchcore_r18_1,metal_nut,2,full,test,scratch,test/scratch/011.png,2.777524
patchcore_r18_1,metal_nut,2,full,test,scratch,test/scratch/012.png,2.670953
patchcore_r18_1,metal_nut,2,full,test,scratch,test/scratch/013.png,2.812893
patchcore_r18_1,metal_nut,2,full,test,scratch,test/scratch/014.png,2.672409
patchcore_r18_1,metal_nut,2,full,test,scratch,test/scratch/015.png,3.123593
patchcore_r18_1,metal_nut,2,full,test,scratch,test/scratch/016.png,2.644250
patchcore_r18_1,metal_nut,2,full,test,scratch,test/scratch/017.png,2.715843
patchcore_r18_1,metal_nut,2,full,test,scratch,test/scratch/018.png,2.921871
patchcore_r18_1,metal_nut,2,full,test,scratch,test/scratch/019.png,2.459283
patchcore_r18_1,metal_nut,2,full,test,scratch,test/scratch/020.png,2.355414
patchcore_r18_1,metal_nut,2,full,test,scratch,test/scratch/021.png,2.453564
patchcore_r18_1,metal_nut,2,full,test,scratch,test/scratch/022.png,2.256166
patchcore_r18_1,metal_nut,2,gate,calibration,good,train/good/000.png,2.058688
patchcore_r18_1,metal_nut,2,gate,calibration,good,train/good/011.png,2.076425
patchcore_r18_1,metal_nut,2,gate,calibration,good,train/good/026.png,2.097402
patchcore_r18_1,metal_nut,2,gate,calibration,good,train/good/032.png,2.111330
patchcore_r18_1,metal_nut,2,gate,calibration,good,train/good/038.png,2.098482
patchcore_r18_1,metal_nut,2,gate,calibration,good,train/good/039.png,2.161262
patchcore_r18_1,metal_nut,2,gate,calibration,good,train/good/042.png,2.122443
patchcore_r18_1,metal_nut,2,gate,calibration,good,train/good/045.png,2.063238
patchcore_r18_1,metal_nut,2,gate,calibration,good,train/good/048.png,2.248559
patchcore_r18_1,metal_nut,2,gate,calibration,good,train/good/052.png,2.064194
patchcore_r18_1,metal_nut,2,gate,calibration,good,train/good/061.png,2.253675
patchcore_r18_1,metal_nut,2,gate,calibration,good,train/good/067.png,2.252247
patchcore_r18_1,metal_nut,2,gate,calibration,good,train/good/069.png,2.164857
patchcore_r18_1,metal_nut,2,gate,calibration,good,train/good/071.png,2.105310
patchcore_r18_1,metal_nut,2,gate,calibration,good,train/good/074.png,2.084109
patchcore_r18_1,metal_nut,2,gate,calibration,good,train/good/078.png,2.230730
patchcore_r18_1,metal_nut,2,gate,calibration,good,train/good/081.png,2.093489
patchcore_r18_1,metal_nut,2,gate,calibration,good,train/good/086.png,2.114486
patchcore_r18_1,metal_nut,2,gate,calibration,good,train/good/089.png,2.239676
patchcore_r18_1,metal_nut,2,gate,calibration,good,train/good/093.png,2.042727
patchcore_r18_1,metal_nut,2,gate,calibration,good,train/good/104.png,2.095170
patchcore_r18_1,metal_nut,2,gate,calibration,good,train/good/107.png,2.127075
patchcore_r18_1,metal_nut,2,gate,calibration,good,train/good/108.png,2.119669
patchcore_r18_1,metal_nut,2,gate,calibration,good,train/good/114.png,2.146739
patchcore_r18_1,metal_nut,2,gate,calibration,good,train/good/118.png,2.114853
patchcore_r18_1,metal_nut,2,gate,calibration,good,train/good/119.png,2.087246
patchcore_r18_1,metal_nut,2,gate,calibration,good,train/good/123.png,2.106340
patchcore_r18_1,metal_nut,2,gate,calibration,good,train/good/126.png,2.114017
patchcore_r18_1,metal_nut,2,gate,calibration,good,train/good/129.png,2.063020
patchcore_r18_1,metal_nut,2,gate,calibration,good,train/good/141.png,2.181571
patchcore_r18_1,metal_nut,2,gate,calibration,good,train/good/145.png,2.124044
patchcore_r18_1,metal_nut,2,gate,calibration,good,train/good/147.png,2.113631
patchcore_r18_1,metal_nut,2,gate,calibration,good,train/good/162.png,2.116115
patchcore_r18_1,metal_nut,2,gate,calibration,good,train/good/170.png,2.118388
patchcore_r18_1,metal_nut,2,gate,calibration,good,train/good/179.png,2.068661
patchcore_r18_1,metal_nut,2,gate,calibration,good,train/good/186.png,2.116508
patchcore_r18_1,metal_nut,2,gate,calibration,good,train/good/190.png,2.110632
patchcore_r18_1,metal_nut,2,gate,calibration,good,train/good/194.png,2.094871
patchcore_r18_1,metal_nut,2,gate,calibration,good,train/good/199.png,2.095263
patchcore_r18_1,metal_nut,2,gate,calibration,good,train/good/206.png,2.049048
patchcore_r18_1,metal_nut,2,gate,calibration,good,train/good/207.png,2.063979
patchcore_r18_1,metal_nut,2,gate,calibration,good,train/good/211.png,2.144628
patchcore_r18_1,metal_nut,2,gate,calibration,good,train/good/214.png,2.083128
patchcore_r18_1,metal_nut,2,gate,calibration,good,train/good/217.png,2.099150
patchcore_r18_1,metal_nut,2,gate,test,bent,test/bent/000.png,3.064568
patchcore_r18_1,metal_nut,2,gate,test,bent,test/bent/001.png,3.028284
patchcore_r18_1,metal_nut,2,gate,test,bent,test/bent/002.png,3.225247
patchcore_r18_1,metal_nut,2,gate,test,bent,test/bent/003.png,2.810072
patchcore_r18_1,metal_nut,2,gate,test,bent,test/bent/004.png,2.968018
patchcore_r18_1,metal_nut,2,gate,test,bent,test/bent/005.png,2.927737
patchcore_r18_1,metal_nut,2,gate,test,bent,test/bent/006.png,2.905807
patchcore_r18_1,metal_nut,2,gate,test,bent,test/bent/007.png,2.549890
patchcore_r18_1,metal_nut,2,gate,test,bent,test/bent/008.png,2.950311
patchcore_r18_1,metal_nut,2,gate,test,bent,test/bent/009.png,2.912337
patchcore_r18_1,metal_nut,2,gate,test,bent,test/bent/010.png,3.079309
patchcore_r18_1,metal_nut,2,gate,test,bent,test/bent/011.png,3.374701
patchcore_r18_1,metal_nut,2,gate,test,bent,test/bent/012.png,2.815860
patchcore_r18_1,metal_nut,2,gate,test,bent,test/bent/013.png,2.952659
patchcore_r18_1,metal_nut,2,gate,test,bent,test/bent/014.png,3.127691
patchcore_r18_1,metal_nut,2,gate,test,bent,test/bent/015.png,2.579654
patchcore_r18_1,metal_nut,2,gate,test,bent,test/bent/016.png,3.165980
patchcore_r18_1,metal_nut,2,gate,test,bent,test/bent/017.png,2.932054
patchcore_r18_1,metal_nut,2,gate,test,bent,test/bent/018.png,2.899348
patchcore_r18_1,metal_nut,2,gate,test,bent,test/bent/019.png,2.821640
patchcore_r18_1,metal_nut,2,gate,test,bent,test/bent/020.png,2.855787
patchcore_r18_1,metal_nut,2,gate,test,bent,test/bent/021.png,3.103062
patchcore_r18_1,metal_nut,2,gate,test,bent,test/bent/022.png,2.608152
patchcore_r18_1,metal_nut,2,gate,test,bent,test/bent/023.png,2.719941
patchcore_r18_1,metal_nut,2,gate,test,bent,test/bent/024.png,2.976776
patchcore_r18_1,metal_nut,2,gate,test,color,test/color/000.png,2.626791
patchcore_r18_1,metal_nut,2,gate,test,color,test/color/001.png,2.518598
patchcore_r18_1,metal_nut,2,gate,test,color,test/color/002.png,2.898457
patchcore_r18_1,metal_nut,2,gate,test,color,test/color/003.png,2.953636
patchcore_r18_1,metal_nut,2,gate,test,color,test/color/004.png,2.278049
patchcore_r18_1,metal_nut,2,gate,test,color,test/color/005.png,2.762739
patchcore_r18_1,metal_nut,2,gate,test,color,test/color/006.png,2.848543
patchcore_r18_1,metal_nut,2,gate,test,color,test/color/007.png,3.114141
patchcore_r18_1,metal_nut,2,gate,test,color,test/color/008.png,3.084858
patchcore_r18_1,metal_nut,2,gate,test,color,test/color/009.png,3.094486
patchcore_r18_1,metal_nut,2,gate,test,color,test/color/010.png,2.842709
patchcore_r18_1,metal_nut,2,gate,test,color,test/color/011.png,3.057647
patchcore_r18_1,metal_nut,2,gate,test,color,test/color/012.png,2.822906
patchcore_r18_1,metal_nut,2,gate,test,color,test/color/013.png,2.739348
patchcore_r18_1,metal_nut,2,gate,test,color,test/color/014.png,3.170958
patchcore_r18_1,metal_nut,2,gate,test,color,test/color/015.png,2.507520
patchcore_r18_1,metal_nut,2,gate,test,color,test/color/016.png,2.624350
patchcore_r18_1,metal_nut,2,gate,test,color,test/color/017.png,2.650281
patchcore_r18_1,metal_nut,2,gate,test,color,test/color/018.png,2.566139
patchcore_r18_1,metal_nut,2,gate,test,color,test/color/019.png,2.550557
patchcore_r18_1,metal_nut,2,gate,test,color,test/color/020.png,3.187665
patchcore_r18_1,metal_nut,2,gate,test,color,test/color/021.png,2.558440
patchcore_r18_1,metal_nut,2,gate,test,flip,test/flip/000.png,3.142108
patchcore_r18_1,metal_nut,2,gate,test,flip,test/flip/001.png,3.103227
patchcore_r18_1,metal_nut,2,gate,test,flip,test/flip/002.png,2.997444
patchcore_r18_1,metal_nut,2,gate,test,flip,test/flip/003.png,3.305734
patchcore_r18_1,metal_nut,2,gate,test,flip,test/flip/004.png,3.047088
patchcore_r18_1,metal_nut,2,gate,test,flip,test/flip/005.png,3.073310
patchcore_r18_1,metal_nut,2,gate,test,flip,test/flip/006.png,3.085520
patchcore_r18_1,metal_nut,2,gate,test,flip,test/flip/007.png,3.128984
patchcore_r18_1,metal_nut,2,gate,test,flip,test/flip/008.png,3.138544
patchcore_r18_1,metal_nut,2,gate,test,flip,test/flip/009.png,3.169901
patchcore_r18_1,metal_nut,2,gate,test,flip,test/flip/010.png,3.133775
patchcore_r18_1,metal_nut,2,gate,test,flip,test/flip/011.png,3.464659
patchcore_r18_1,metal_nut,2,gate,test,flip,test/flip/012.png,3.022372
patchcore_r18_1,metal_nut,2,gate,test,flip,test/flip/013.png,3.152548
patchcore_r18_1,metal_nut,2,gate,test,flip,test/flip/014.png,3.005165
patchcore_r18_1,metal_nut,2,gate,test,flip,test/flip/015.png,3.188747
patchcore_r18_1,metal_nut,2,gate,test,flip,test/flip/016.png,3.044655
patchcore_r18_1,metal_nut,2,gate,test,flip,test/flip/017.png,2.940210
patchcore_r18_1,metal_nut,2,gate,test,flip,test/flip/018.png,3.036852
patchcore_r18_1,metal_nut,2,gate,test,flip,test/flip/019.png,3.032387
patchcore_r18_1,metal_nut,2,gate,test,flip,test/flip/020.png,3.060888
patchcore_r18_1,metal_nut,2,gate,test,flip,test/flip/021.png,3.077816
patchcore_r18_1,metal_nut,2,gate,test,flip,test/flip/022.png,3.041594
patchcore_r18_1,metal_nut,2,gate,test,good,test/good/000.png,2.131280
patchcore_r18_1,metal_nut,2,gate,test,good,test/good/001.png,2.082524
patchcore_r18_1,metal_nut,2,gate,test,good,test/good/002.png,2.210658
patchcore_r18_1,metal_nut,2,gate,test,good,test/good/003.png,2.077032
patchcore_r18_1,metal_nut,2,gate,test,good,test/good/004.png,2.036372
patchcore_r18_1,metal_nut,2,gate,test,good,test/good/005.png,2.157961
patchcore_r18_1,metal_nut,2,gate,test,good,test/good/006.png,2.259424
patchcore_r18_1,metal_nut,2,gate,test,good,test/good/007.png,2.245847
patchcore_r18_1,metal_nut,2,gate,test,good,test/good/008.png,2.154552
patchcore_r18_1,metal_nut,2,gate,test,good,test/good/009.png,2.148064
patchcore_r18_1,metal_nut,2,gate,test,good,test/good/010.png,2.179631
patchcore_r18_1,metal_nut,2,gate,test,good,test/good/011.png,2.092678
patchcore_r18_1,metal_nut,2,gate,test,good,test/good/012.png,2.146132
patchcore_r18_1,metal_nut,2,gate,test,good,test/good/013.png,2.196165
patchcore_r18_1,metal_nut,2,gate,test,good,test/good/014.png,2.090757
patchcore_r18_1,metal_nut,2,gate,test,good,test/good/015.png,2.082687
patchcore_r18_1,metal_nut,2,gate,test,good,test/good/016.png,2.328408
patchcore_r18_1,metal_nut,2,gate,test,good,test/good/017.png,2.071700
patchcore_r18_1,metal_nut,2,gate,test,good,test/good/018.png,2.104536
patchcore_r18_1,metal_nut,2,gate,test,good,test/good/019.png,2.063146
patchcore_r18_1,metal_nut,2,gate,test,good,test/good/020.png,2.107941
patchcore_r18_1,metal_nut,2,gate,test,good,test/good/021.png,2.061955
patchcore_r18_1,metal_nut,2,gate,test,scratch,test/scratch/000.png,2.414941
patchcore_r18_1,metal_nut,2,gate,test,scratch,test/scratch/001.png,2.447268
patchcore_r18_1,metal_nut,2,gate,test,scratch,test/scratch/002.png,2.632028
patchcore_r18_1,metal_nut,2,gate,test,scratch,test/scratch/003.png,2.472768
patchcore_r18_1,metal_nut,2,gate,test,scratch,test/scratch/004.png,2.829929
patchcore_r18_1,metal_nut,2,gate,test,scratch,test/scratch/005.png,2.586852
patchcore_r18_1,metal_nut,2,gate,test,scratch,test/scratch/006.png,2.572687
patchcore_r18_1,metal_nut,2,gate,test,scratch,test/scratch/007.png,3.020444
patchcore_r18_1,metal_nut,2,gate,test,scratch,test/scratch/008.png,3.101944
patchcore_r18_1,metal_nut,2,gate,test,scratch,test/scratch/009.png,2.609765
patchcore_r18_1,metal_nut,2,gate,test,scratch,test/scratch/010.png,2.521318
patchcore_r18_1,metal_nut,2,gate,test,scratch,test/scratch/011.png,2.915601
patchcore_r18_1,metal_nut,2,gate,test,scratch,test/scratch/012.png,2.732129
patchcore_r18_1,metal_nut,2,gate,test,scratch,test/scratch/013.png,2.749933
patchcore_r18_1,metal_nut,2,gate,test,scratch,test/scratch/014.png,2.619587
patchcore_r18_1,metal_nut,2,gate,test,scratch,test/scratch/015.png,3.179105
patchcore_r18_1,metal_nut,2,gate,test,scratch,test/scratch/016.png,2.605061
patchcore_r18_1,metal_nut,2,gate,test,scratch,test/scratch/017.png,2.661655
patchcore_r18_1,metal_nut,2,gate,test,scratch,test/scratch/018.png,2.997236
patchcore_r18_1,metal_nut,2,gate,test,scratch,test/scratch/019.png,2.527390
patchcore_r18_1,metal_nut,2,gate,test,scratch,test/scratch/020.png,2.327701
patchcore_r18_1,metal_nut,2,gate,test,scratch,test/scratch/021.png,2.561330
patchcore_r18_1,metal_nut,2,gate,test,scratch,test/scratch/022.png,2.357703
patchcore_r18_1,screw,0,full,test,good,test/good/000.png,1.633317
patchcore_r18_1,screw,0,full,test,good,test/good/001.png,1.801777
patchcore_r18_1,screw,0,full,test,good,test/good/002.png,1.786239
patchcore_r18_1,screw,0,full,test,good,test/good/003.png,1.650495
patchcore_r18_1,screw,0,full,test,good,test/good/004.png,1.736082
patchcore_r18_1,screw,0,full,test,good,test/good/005.png,1.765743
patchcore_r18_1,screw,0,full,test,good,test/good/006.png,1.695269
patchcore_r18_1,screw,0,full,test,good,test/good/007.png,1.713689
patchcore_r18_1,screw,0,full,test,good,test/good/008.png,1.906789
patchcore_r18_1,screw,0,full,test,good,test/good/009.png,1.685829
patchcore_r18_1,screw,0,full,test,good,test/good/010.png,1.740058
patchcore_r18_1,screw,0,full,test,good,test/good/011.png,1.764541
patchcore_r18_1,screw,0,full,test,good,test/good/012.png,1.774531
patchcore_r18_1,screw,0,full,test,good,test/good/013.png,1.703486
patchcore_r18_1,screw,0,full,test,good,test/good/014.png,1.877681
patchcore_r18_1,screw,0,full,test,good,test/good/015.png,1.708173
patchcore_r18_1,screw,0,full,test,good,test/good/016.png,1.690103
patchcore_r18_1,screw,0,full,test,good,test/good/017.png,1.646174
patchcore_r18_1,screw,0,full,test,good,test/good/018.png,1.789074
patchcore_r18_1,screw,0,full,test,good,test/good/019.png,1.790105
patchcore_r18_1,screw,0,full,test,good,test/good/020.png,1.654719
patchcore_r18_1,screw,0,full,test,good,test/good/021.png,1.699395
patchcore_r18_1,screw,0,full,test,good,test/good/022.png,1.861156
patchcore_r18_1,screw,0,full,test,good,test/good/023.png,1.748585
patchcore_r18_1,screw,0,full,test,good,test/good/024.png,1.830848
patchcore_r18_1,screw,0,full,test,good,test/good/025.png,1.720402
patchcore_r18_1,screw,0,full,test,good,test/good/026.png,1.745650
patchcore_r18_1,screw,0,full,test,good,test/good/027.png,1.667721
patchcore_r18_1,screw,0,full,test,good,test/good/028.png,1.727851
patchcore_r18_1,screw,0,full,test,good,test/good/029.png,1.726358
patchcore_r18_1,screw,0,full,test,good,test/good/030.png,1.643936
patchcore_r18_1,screw,0,full,test,good,test/good/031.png,1.748502
patchcore_r18_1,screw,0,full,test,good,test/good/032.png,1.734048
patchcore_r18_1,screw,0,full,test,good,test/good/033.png,1.670793
patchcore_r18_1,screw,0,full,test,good,test/good/034.png,1.698472
patchcore_r18_1,screw,0,full,test,good,test/good/035.png,1.669482
patchcore_r18_1,screw,0,full,test,good,test/good/036.png,1.674349
patchcore_r18_1,screw,0,full,test,good,test/good/037.png,1.816995
patchcore_r18_1,screw,0,full,test,good,test/good/038.png,1.799101
patchcore_r18_1,screw,0,full,test,good,test/good/039.png,1.710050
patchcore_r18_1,screw,0,full,test,good,test/good/040.png,1.666311
patchcore_r18_1,screw,0,full,test,manipulated_front,test/manipulated_front/000.png,1.882878
patchcore_r18_1,screw,0,full,test,manipulated_front,test/manipulated_front/001.png,1.958966
patchcore_r18_1,screw,0,full,test,manipulated_front,test/manipulated_front/002.png,2.128177
patchcore_r18_1,screw,0,full,test,manipulated_front,test/manipulated_front/003.png,2.107522
patchcore_r18_1,screw,0,full,test,manipulated_front,test/manipulated_front/004.png,2.061437
patchcore_r18_1,screw,0,full,test,manipulated_front,test/manipulated_front/005.png,2.237527
patchcore_r18_1,screw,0,full,test,manipulated_front,test/manipulated_front/006.png,1.912408
patchcore_r18_1,screw,0,full,test,manipulated_front,test/manipulated_front/007.png,2.053074
patchcore_r18_1,screw,0,full,test,manipulated_front,test/manipulated_front/008.png,1.880781
patchcore_r18_1,screw,0,full,test,manipulated_front,test/manipulated_front/009.png,1.903697
patchcore_r18_1,screw,0,full,test,manipulated_front,test/manipulated_front/010.png,2.282686
patchcore_r18_1,screw,0,full,test,manipulated_front,test/manipulated_front/011.png,1.893116
patchcore_r18_1,screw,0,full,test,manipulated_front,test/manipulated_front/012.png,2.061558
patchcore_r18_1,screw,0,full,test,manipulated_front,test/manipulated_front/013.png,1.867962
patchcore_r18_1,screw,0,full,test,manipulated_front,test/manipulated_front/014.png,2.075081
patchcore_r18_1,screw,0,full,test,manipulated_front,test/manipulated_front/015.png,2.061738
patchcore_r18_1,screw,0,full,test,manipulated_front,test/manipulated_front/016.png,2.160373
patchcore_r18_1,screw,0,full,test,manipulated_front,test/manipulated_front/017.png,1.860061
patchcore_r18_1,screw,0,full,test,manipulated_front,test/manipulated_front/018.png,1.963221
patchcore_r18_1,screw,0,full,test,manipulated_front,test/manipulated_front/019.png,1.933180
patchcore_r18_1,screw,0,full,test,manipulated_front,test/manipulated_front/020.png,1.791620
patchcore_r18_1,screw,0,full,test,manipulated_front,test/manipulated_front/021.png,1.762757
patchcore_r18_1,screw,0,full,test,manipulated_front,test/manipulated_front/022.png,1.824448
patchcore_r18_1,screw,0,full,test,manipulated_front,test/manipulated_front/023.png,1.926209
patchcore_r18_1,screw,0,full,test,scratch_head,test/scratch_head/000.png,2.137187
patchcore_r18_1,screw,0,full,test,scratch_head,test/scratch_head/001.png,2.151635
patchcore_r18_1,screw,0,full,test,scratch_head,test/scratch_head/002.png,1.909441
patchcore_r18_1,screw,0,full,test,scratch_head,test/scratch_head/003.png,1.929107
patchcore_r18_1,screw,0,full,test,scratch_head,test/scratch_head/004.png,1.886353
patchcore_r18_1,screw,0,full,test,scratch_head,test/scratch_head/005.png,1.810465
patchcore_r18_1,screw,0,full,test,scratch_head,test/scratch_head/006.png,2.029727
patchcore_r18_1,screw,0,full,test,scratch_head,test/scratch_head/007.png,2.014679
patchcore_r18_1,screw,0,full,test,scratch_head,test/scratch_head/008.png,1.817159
patchcore_r18_1,screw,0,full,test,scratch_head,test/scratch_head/009.png,1.914658
patchcore_r18_1,screw,0,full,test,scratch_head,test/scratch_head/010.png,1.946747
patchcore_r18_1,screw,0,full,test,scratch_head,test/scratch_head/011.png,2.225612
patchcore_r18_1,screw,0,full,test,scratch_head,test/scratch_head/012.png,2.264801
patchcore_r18_1,screw,0,full,test,scratch_head,test/scratch_head/013.png,2.138499
patchcore_r18_1,screw,0,full,test,scratch_head,test/scratch_head/014.png,1.832441
patchcore_r18_1,screw,0,full,test,scratch_head,test/scratch_head/015.png,2.351923
patchcore_r18_1,screw,0,full,test,scratch_head,test/scratch_head/016.png,1.945575
patchcore_r18_1,screw,0,full,test,scratch_head,test/scratch_head/017.png,1.886774
patchcore_r18_1,screw,0,full,test,scratch_head,test/scratch_head/018.png,1.906494
patchcore_r18_1,screw,0,full,test,scratch_head,test/scratch_head/019.png,2.242814
patchcore_r18_1,screw,0,full,test,scratch_head,test/scratch_head/020.png,1.854535
patchcore_r18_1,screw,0,full,test,scratch_head,test/scratch_head/021.png,1.882354
patchcore_r18_1,screw,0,full,test,scratch_head,test/scratch_head/022.png,1.964232
patchcore_r18_1,screw,0,full,test,scratch_head,test/scratch_head/023.png,2.177744
patchcore_r18_1,screw,0,full,test,scratch_neck,test/scratch_neck/000.png,1.986931
patchcore_r18_1,screw,0,full,test,scratch_neck,test/scratch_neck/001.png,2.745889
patchcore_r18_1,screw,0,full,test,scratch_neck,test/scratch_neck/002.png,1.860661
patchcore_r18_1,screw,0,full,test,scratch_neck,test/scratch_neck/003.png,2.415693
patchcore_r18_1,screw,0,full,test,scratch_neck,test/scratch_neck/004.png,2.477952
patchcore_r18_1,screw,0,full,test,scratch_neck,test/scratch_neck/005.png,1.990675
patchcore_r18_1,screw,0,full,test,scratch_neck,test/scratch_neck/006.png,1.956811
patchcore_r18_1,screw,0,full,test,scratch_neck,test/scratch_neck/007.png,2.373787
patchcore_r18_1,screw,0,full,test,scratch_neck,test/scratch_neck/008.png,2.778015
patchcore_r18_1,screw,0,full,test,scratch_neck,test/scratch_neck/009.png,2.811432
patchcore_r18_1,screw,0,full,test,scratch_neck,test/scratch_neck/010.png,2.271998
patchcore_r18_1,screw,0,full,test,scratch_neck,test/scratch_neck/011.png,1.857754
patchcore_r18_1,screw,0,full,test,scratch_neck,test/scratch_neck/012.png,2.118676
patchcore_r18_1,screw,0,full,test,scratch_neck,test/scratch_neck/013.png,2.291312
patchcore_r18_1,screw,0,full,test,scratch_neck,test/scratch_neck/014.png,2.263737
patchcore_r18_1,screw,0,full,test,scratch_neck,test/scratch_neck/015.png,2.198883
patchcore_r18_1,screw,0,full,test,scratch_neck,test/scratch_neck/016.png,2.332710
patchcore_r18_1,screw,0,full,test,scratch_neck,test/scratch_neck/017.png,2.037344
patchcore_r18_1,screw,0,full,test,scratch_neck,test/scratch_neck/018.png,2.178635
patchcore_r18_1,screw,0,full,test,scratch_neck,test/scratch_neck/019.png,2.203587
patchcore_r18_1,screw,0,full,test,scratch_neck,test/scratch_neck/020.png,2.629986
patchcore_r18_1,screw,0,full,test,scratch_neck,test/scratch_neck/021.png,1.959883
patchcore_r18_1,screw,0,full,test,scratch_neck,test/scratch_neck/022.png,2.206863
patchcore_r18_1,screw,0,full,test,scratch_neck,test/scratch_neck/023.png,2.017800
patchcore_r18_1,screw,0,full,test,scratch_neck,test/scratch_neck/024.png,2.517544
patchcore_r18_1,screw,0,full,test,thread_side,test/thread_side/000.png,1.796992
patchcore_r18_1,screw,0,full,test,thread_side,test/thread_side/001.png,1.856127
patchcore_r18_1,screw,0,full,test,thread_side,test/thread_side/002.png,1.868450
patchcore_r18_1,screw,0,full,test,thread_side,test/thread_side/003.png,1.847926
patchcore_r18_1,screw,0,full,test,thread_side,test/thread_side/004.png,1.880211
patchcore_r18_1,screw,0,full,test,thread_side,test/thread_side/005.png,2.170557
patchcore_r18_1,screw,0,full,test,thread_side,test/thread_side/006.png,2.016964
patchcore_r18_1,screw,0,full,test,thread_side,test/thread_side/007.png,1.982345
patchcore_r18_1,screw,0,full,test,thread_side,test/thread_side/008.png,1.835082
patchcore_r18_1,screw,0,full,test,thread_side,test/thread_side/009.png,1.898871
patchcore_r18_1,screw,0,full,test,thread_side,test/thread_side/010.png,1.827227
patchcore_r18_1,screw,0,full,test,thread_side,test/thread_side/011.png,1.844272
patchcore_r18_1,screw,0,full,test,thread_side,test/thread_side/012.png,1.614157
patchcore_r18_1,screw,0,full,test,thread_side,test/thread_side/013.png,1.983085
patchcore_r18_1,screw,0,full,test,thread_side,test/thread_side/014.png,1.824823
patchcore_r18_1,screw,0,full,test,thread_side,test/thread_side/015.png,1.771865
patchcore_r18_1,screw,0,full,test,thread_side,test/thread_side/016.png,2.067528
patchcore_r18_1,screw,0,full,test,thread_side,test/thread_side/017.png,2.053808
patchcore_r18_1,screw,0,full,test,thread_side,test/thread_side/018.png,1.823126
patchcore_r18_1,screw,0,full,test,thread_side,test/thread_side/019.png,1.955671
patchcore_r18_1,screw,0,full,test,thread_side,test/thread_side/020.png,1.803281
patchcore_r18_1,screw,0,full,test,thread_side,test/thread_side/021.png,1.941787
patchcore_r18_1,screw,0,full,test,thread_side,test/thread_side/022.png,1.850881
patchcore_r18_1,screw,0,full,test,thread_top,test/thread_top/000.png,2.073937
patchcore_r18_1,screw,0,full,test,thread_top,test/thread_top/001.png,2.114303
patchcore_r18_1,screw,0,full,test,thread_top,test/thread_top/002.png,2.127729
patchcore_r18_1,screw,0,full,test,thread_top,test/thread_top/003.png,1.654802
patchcore_r18_1,screw,0,full,test,thread_top,test/thread_top/004.png,1.747199
patchcore_r18_1,screw,0,full,test,thread_top,test/thread_top/005.png,2.217735
patchcore_r18_1,screw,0,full,test,thread_top,test/thread_top/006.png,2.179110
patchcore_r18_1,screw,0,full,test,thread_top,test/thread_top/007.png,2.328208
patchcore_r18_1,screw,0,full,test,thread_top,test/thread_top/008.png,1.787218
patchcore_r18_1,screw,0,full,test,thread_top,test/thread_top/009.png,2.123493
patchcore_r18_1,screw,0,full,test,thread_top,test/thread_top/010.png,2.059954
patchcore_r18_1,screw,0,full,test,thread_top,test/thread_top/011.png,2.212824
patchcore_r18_1,screw,0,full,test,thread_top,test/thread_top/012.png,1.899197
patchcore_r18_1,screw,0,full,test,thread_top,test/thread_top/013.png,2.102519
patchcore_r18_1,screw,0,full,test,thread_top,test/thread_top/014.png,1.758302
patchcore_r18_1,screw,0,full,test,thread_top,test/thread_top/015.png,1.908642
patchcore_r18_1,screw,0,full,test,thread_top,test/thread_top/016.png,1.955446
patchcore_r18_1,screw,0,full,test,thread_top,test/thread_top/017.png,1.995126
patchcore_r18_1,screw,0,full,test,thread_top,test/thread_top/018.png,1.932802
patchcore_r18_1,screw,0,full,test,thread_top,test/thread_top/019.png,2.360941
patchcore_r18_1,screw,0,full,test,thread_top,test/thread_top/020.png,2.076045
patchcore_r18_1,screw,0,full,test,thread_top,test/thread_top/021.png,2.143490
patchcore_r18_1,screw,0,full,test,thread_top,test/thread_top/022.png,2.121114
patchcore_r18_1,screw,0,gate,calibration,good,train/good/000.png,1.732190
patchcore_r18_1,screw,0,gate,calibration,good,train/good/005.png,1.757722
patchcore_r18_1,screw,0,gate,calibration,good,train/good/010.png,1.803016
patchcore_r18_1,screw,0,gate,calibration,good,train/good/018.png,1.802075
patchcore_r18_1,screw,0,gate,calibration,good,train/good/031.png,1.813506
patchcore_r18_1,screw,0,gate,calibration,good,train/good/033.png,1.734305
patchcore_r18_1,screw,0,gate,calibration,good,train/good/036.png,1.841924
patchcore_r18_1,screw,0,gate,calibration,good,train/good/039.png,1.702981
patchcore_r18_1,screw,0,gate,calibration,good,train/good/041.png,1.855897
patchcore_r18_1,screw,0,gate,calibration,good,train/good/044.png,1.652847
patchcore_r18_1,screw,0,gate,calibration,good,train/good/045.png,1.691033
patchcore_r18_1,screw,0,gate,calibration,good,train/good/047.png,1.859273
patchcore_r18_1,screw,0,gate,calibration,good,train/good/063.png,1.683324
patchcore_r18_1,screw,0,gate,calibration,good,train/good/070.png,1.802261
patchcore_r18_1,screw,0,gate,calibration,good,train/good/071.png,1.801897
patchcore_r18_1,screw,0,gate,calibration,good,train/good/075.png,1.857954
patchcore_r18_1,screw,0,gate,calibration,good,train/good/084.png,1.769504
patchcore_r18_1,screw,0,gate,calibration,good,train/good/090.png,1.792867
patchcore_r18_1,screw,0,gate,calibration,good,train/good/093.png,1.757471
patchcore_r18_1,screw,0,gate,calibration,good,train/good/098.png,1.767475
patchcore_r18_1,screw,0,gate,calibration,good,train/good/111.png,1.788704
patchcore_r18_1,screw,0,gate,calibration,good,train/good/116.png,1.715148
patchcore_r18_1,screw,0,gate,calibration,good,train/good/117.png,1.793162
patchcore_r18_1,screw,0,gate,calibration,good,train/good/121.png,1.758239
patchcore_r18_1,screw,0,gate,calibration,good,train/good/124.png,1.833603
patchcore_r18_1,screw,0,gate,calibration,good,train/good/133.png,1.678851
patchcore_r18_1,screw,0,gate,calibration,good,train/good/144.png,1.668229
patchcore_r18_1,screw,0,gate,calibration,good,train/good/145.png,1.748903
patchcore_r18_1,screw,0,gate,calibration,good,train/good/147.png,1.914954
patchcore_r18_1,screw,0,gate,calibration,good,train/good/148.png,1.691396
patchcore_r18_1,screw,0,gate,calibration,good,train/good/149.png,1.731601
patchcore_r18_1,screw,0,gate,calibration,good,train/good/150.png,1.744891
patchcore_r18_1,screw,0,gate,calibration,good,train/good/159.png,1.804973
patchcore_r18_1,screw,0,gate,calibration,good,train/good/161.png,1.703893
patchcore_r18_1,screw,0,gate,calibration,good,train/good/162.png,1.790721
patchcore_r18_1,screw,0,gate,calibration,good,train/good/167.png,1.880964
patchcore_r18_1,screw,0,gate,calibration,good,train/good/168.png,1.700102
patchcore_r18_1,screw,0,gate,calibration,good,train/good/174.png,1.845582
patchcore_r18_1,screw,0,gate,calibration,good,train/good/189.png,1.788705
patchcore_r18_1,screw,0,gate,calibration,good,train/good/197.png,1.811516
patchcore_r18_1,screw,0,gate,calibration,good,train/good/203.png,1.720968
patchcore_r18_1,screw,0,gate,calibration,good,train/good/205.png,1.721606
patchcore_r18_1,screw,0,gate,calibration,good,train/good/208.png,1.831942
patchcore_r18_1,screw,0,gate,calibration,good,train/good/219.png,1.764440
patchcore_r18_1,screw,0,gate,calibration,good,train/good/223.png,1.851859
patchcore_r18_1,screw,0,gate,calibration,good,train/good/229.png,1.737221
patchcore_r18_1,screw,0,gate,calibration,good,train/good/230.png,1.798363
patchcore_r18_1,screw,0,gate,calibration,good,train/good/233.png,1.765026
patchcore_r18_1,screw,0,gate,calibration,good,train/good/234.png,1.724686
patchcore_r18_1,screw,0,gate,calibration,good,train/good/247.png,1.970016
patchcore_r18_1,screw,0,gate,calibration,good,train/good/252.png,1.866858
patchcore_r18_1,screw,0,gate,calibration,good,train/good/257.png,1.772081
patchcore_r18_1,screw,0,gate,calibration,good,train/good/279.png,1.676217
patchcore_r18_1,screw,0,gate,calibration,good,train/good/280.png,1.662208
patchcore_r18_1,screw,0,gate,calibration,good,train/good/281.png,1.787358
patchcore_r18_1,screw,0,gate,calibration,good,train/good/284.png,1.780784
patchcore_r18_1,screw,0,gate,calibration,good,train/good/291.png,2.051930
patchcore_r18_1,screw,0,gate,calibration,good,train/good/295.png,1.773467
patchcore_r18_1,screw,0,gate,calibration,good,train/good/301.png,1.798018
patchcore_r18_1,screw,0,gate,calibration,good,train/good/302.png,1.688432
patchcore_r18_1,screw,0,gate,calibration,good,train/good/305.png,1.737857
patchcore_r18_1,screw,0,gate,calibration,good,train/good/309.png,1.832794
patchcore_r18_1,screw,0,gate,calibration,good,train/good/310.png,1.659978
patchcore_r18_1,screw,0,gate,calibration,good,train/good/318.png,1.728143
patchcore_r18_1,screw,0,gate,test,good,test/good/000.png,1.630885
patchcore_r18_1,screw,0,gate,test,good,test/good/001.png,1.896122
patchcore_r18_1,screw,0,gate,test,good,test/good/002.png,1.810678
patchcore_r18_1,screw,0,gate,test,good,test/good/003.png,1.782502
patchcore_r18_1,screw,0,gate,test,good,test/good/004.png,1.850130
patchcore_r18_1,screw,0,gate,test,good,test/good/005.png,1.950844
patchcore_r18_1,screw,0,gate,test,good,test/good/006.png,1.706632
patchcore_r18_1,screw,0,gate,test,good,test/good/007.png,1.755551
patchcore_r18_1,screw,0,gate,test,good,test/good/008.png,1.828491
patchcore_r18_1,screw,0,gate,test,good,test/good/009.png,1.802182
patchcore_r18_1,screw,0,gate,test,good,test/good/010.png,1.769874
patchcore_r18_1,screw,0,gate,test,good,test/good/011.png,1.864990
patchcore_r18_1,screw,0,gate,test,good,test/good/012.png,1.927720
patchcore_r18_1,screw,0,gate,test,good,test/good/013.png,1.820671
patchcore_r18_1,screw,0,gate,test,good,test/good/014.png,1.837616
patchcore_r18_1,screw,0,gate,test,good,test/good/015.png,1.784375
patchcore_r18_1,screw,0,gate,test,good,test/good/016.png,1.785498
patchcore_r18_1,screw,0,gate,test,good,test/good/017.png,1.693678
patchcore_r18_1,screw,0,gate,test,good,test/good/018.png,1.774136
patchcore_r18_1,screw,0,gate,test,good,test/good/019.png,1.795168
patchcore_r18_1,screw,0,gate,test,good,test/good/020.png,1.879552
patchcore_r18_1,screw,0,gate,test,good,test/good/021.png,1.740427
patchcore_r18_1,screw,0,gate,test,good,test/good/022.png,1.926497
patchcore_r18_1,screw,0,gate,test,good,test/good/023.png,1.819132
patchcore_r18_1,screw,0,gate,test,good,test/good/024.png,1.852050
patchcore_r18_1,screw,0,gate,test,good,test/good/025.png,1.714788
patchcore_r18_1,screw,0,gate,test,good,test/good/026.png,1.778743
patchcore_r18_1,screw,0,gate,test,good,test/good/027.png,1.716571
patchcore_r18_1,screw,0,gate,test,good,test/good/028.png,1.838204
patchcore_r18_1,screw,0,gate,test,good,test/good/029.png,1.843121
patchcore_r18_1,screw,0,gate,test,good,test/good/030.png,1.798664
patchcore_r18_1,screw,0,gate,test,good,test/good/031.png,1.721860
patchcore_r18_1,screw,0,gate,test,good,test/good/032.png,1.725663
patchcore_r18_1,screw,0,gate,test,good,test/good/033.png,1.681579
patchcore_r18_1,screw,0,gate,test,good,test/good/034.png,1.653272
patchcore_r18_1,screw,0,gate,test,good,test/good/035.png,1.784713
patchcore_r18_1,screw,0,gate,test,good,test/good/036.png,1.832032
patchcore_r18_1,screw,0,gate,test,good,test/good/037.png,1.815633
patchcore_r18_1,screw,0,gate,test,good,test/good/038.png,1.784560
patchcore_r18_1,screw,0,gate,test,good,test/good/039.png,1.872166
patchcore_r18_1,screw,0,gate,test,good,test/good/040.png,1.751642
patchcore_r18_1,screw,0,gate,test,manipulated_front,test/manipulated_front/000.png,1.985904
patchcore_r18_1,screw,0,gate,test,manipulated_front,test/manipulated_front/001.png,1.976046
patchcore_r18_1,screw,0,gate,test,manipulated_front,test/manipulated_front/002.png,2.101875
patchcore_r18_1,screw,0,gate,test,manipulated_front,test/manipulated_front/003.png,2.233859
patchcore_r18_1,screw,0,gate,test,manipulated_front,test/manipulated_front/004.png,2.027962
patchcore_r18_1,screw,0,gate,test,manipulated_front,test/manipulated_front/005.png,2.112285
patchcore_r18_1,screw,0,gate,test,manipulated_front,test/manipulated_front/006.png,1.999054
patchcore_r18_1,screw,0,gate,test,manipulated_front,test/manipulated_front/007.png,2.150384
patchcore_r18_1,screw,0,gate,test,manipulated_front,test/manipulated_front/008.png,2.217053
patchcore_r18_1,screw,0,gate,test,manipulated_front,test/manipulated_front/009.png,1.866503
patchcore_r18_1,screw,0,gate,test,manipulated_front,test/manipulated_front/010.png,2.282686
patchcore_r18_1,screw,0,gate,test,manipulated_front,test/manipulated_front/011.png,1.824255
patchcore_r18_1,screw,0,gate,test,manipulated_front,test/manipulated_front/012.png,1.994002
patchcore_r18_1,screw,0,gate,test,manipulated_front,test/manipulated_front/013.png,1.904762
patchcore_r18_1,screw,0,gate,test,manipulated_front,test/manipulated_front/014.png,1.993215
patchcore_r18_1,screw,0,gate,test,manipulated_front,test/manipulated_front/015.png,2.060828
patchcore_r18_1,screw,0,gate,test,manipulated_front,test/manipulated_front/016.png,2.160373
patchcore_r18_1,screw,0,gate,test,manipulated_front,test/manipulated_front/017.png,1.862509
patchcore_r18_1,screw,0,gate,test,manipulated_front,test/manipulated_front/018.png,2.034029
patchcore_r18_1,screw,0,gate,test,manipulated_front,test/manipulated_front/019.png,1.864613
patchcore_r18_1,screw,0,gate,test,manipulated_front,test/manipulated_front/020.png,1.797979
patchcore_r18_1,screw,0,gate,test,manipulated_front,test/manipulated_front/021.png,1.862606
patchcore_r18_1,screw,0,gate,test,manipulated_front,test/manipulated_front/022.png,1.932128
patchcore_r18_1,screw,0,gate,test,manipulated_front,test/manipulated_front/023.png,1.944952
patchcore_r18_1,screw,0,gate,test,scratch_head,test/scratch_head/000.png,2.155446
patchcore_r18_1,screw,0,gate,test,scratch_head,test/scratch_head/001.png,2.039227
patchcore_r18_1,screw,0,gate,test,scratch_head,test/scratch_head/002.png,2.048381
patchcore_r18_1,screw,0,gate,test,scratch_head,test/scratch_head/003.png,1.992029
patchcore_r18_1,screw,0,gate,test,scratch_head,test/scratch_head/004.png,2.061819
patchcore_r18_1,screw,0,gate,test,scratch_head,test/scratch_head/005.png,2.000182
patchcore_r18_1,screw,0,gate,test,scratch_head,test/scratch_head/006.png,2.068071
patchcore_r18_1,screw,0,gate,test,scratch_head,test/scratch_head/007.png,2.091986
patchcore_r18_1,screw,0,gate,test,scratch_head,test/scratch_head/008.png,1.839855
patchcore_r18_1,screw,0,gate,test,scratch_head,test/scratch_head/009.png,1.928864
patchcore_r18_1,screw,0,gate,test,scratch_head,test/scratch_head/010.png,2.022328
patchcore_r18_1,screw,0,gate,test,scratch_head,test/scratch_head/011.png,2.194455
patchcore_r18_1,screw,0,gate,test,scratch_head,test/scratch_head/012.png,2.334755
patchcore_r18_1,screw,0,gate,test,scratch_head,test/scratch_head/013.png,2.089504
patchcore_r18_1,screw,0,gate,test,scratch_head,test/scratch_head/014.png,1.914452
patchcore_r18_1,screw,0,gate,test,scratch_head,test/scratch_head/015.png,2.324211
patchcore_r18_1,screw,0,gate,test,scratch_head,test/scratch_head/016.png,2.084911
patchcore_r18_1,screw,0,gate,test,scratch_head,test/scratch_head/017.png,2.013267
patchcore_r18_1,screw,0,gate,test,scratch_head,test/scratch_head/018.png,1.979607
patchcore_r18_1,screw,0,gate,test,scratch_head,test/scratch_head/019.png,2.315621
patchcore_r18_1,screw,0,gate,test,scratch_head,test/scratch_head/020.png,1.994668
patchcore_r18_1,screw,0,gate,test,scratch_head,test/scratch_head/021.png,2.042394
patchcore_r18_1,screw,0,gate,test,scratch_head,test/scratch_head/022.png,1.964695
patchcore_r18_1,screw,0,gate,test,scratch_head,test/scratch_head/023.png,2.186568
patchcore_r18_1,screw,0,gate,test,scratch_neck,test/scratch_neck/000.png,1.991936
patchcore_r18_1,screw,0,gate,test,scratch_neck,test/scratch_neck/001.png,2.626586
patchcore_r18_1,screw,0,gate,test,scratch_neck,test/scratch_neck/002.png,1.944349
patchcore_r18_1,screw,0,gate,test,scratch_neck,test/scratch_neck/003.png,2.487701
patchcore_r18_1,screw,0,gate,test,scratch_neck,test/scratch_neck/004.png,2.444816
patchcore_r18_1,screw,0,gate,test,scratch_neck,test/scratch_neck/005.png,1.911493
patchcore_r18_1,screw,0,gate,test,scratch_neck,test/scratch_neck/006.png,2.105980
patchcore_r18_1,screw,0,gate,test,scratch_neck,test/scratch_neck/007.png,2.359140
patchcore_r18_1,screw,0,gate,test,scratch_neck,test/scratch_neck/008.png,2.846917
patchcore_r18_1,screw,0,gate,test,scratch_neck,test/scratch_neck/009.png,2.811432
patchcore_r18_1,screw,0,gate,test,scratch_neck,test/scratch_neck/010.png,2.317082
patchcore_r18_1,screw,0,gate,test,scratch_neck,test/scratch_neck/011.png,1.914561
patchcore_r18_1,screw,0,gate,test,scratch_neck,test/scratch_neck/012.png,2.118426
patchcore_r18_1,screw,0,gate,test,scratch_neck,test/scratch_neck/013.png,2.245116
patchcore_r18_1,screw,0,gate,test,scratch_neck,test/scratch_neck/014.png,2.242702
patchcore_r18_1,screw,0,gate,test,scratch_neck,test/scratch_neck/015.png,2.204617
patchcore_r18_1,screw,0,gate,test,scratch_neck,test/scratch_neck/016.png,2.386360
patchcore_r18_1,screw,0,gate,test,scratch_neck,test/scratch_neck/017.png,2.008534
patchcore_r18_1,screw,0,gate,test,scratch_neck,test/scratch_neck/018.png,2.258368
patchcore_r18_1,screw,0,gate,test,scratch_neck,test/scratch_neck/019.png,2.360463
patchcore_r18_1,screw,0,gate,test,scratch_neck,test/scratch_neck/020.png,2.704997
patchcore_r18_1,screw,0,gate,test,scratch_neck,test/scratch_neck/021.png,1.948175
patchcore_r18_1,screw,0,gate,test,scratch_neck,test/scratch_neck/022.png,2.355072
patchcore_r18_1,screw,0,gate,test,scratch_neck,test/scratch_neck/023.png,1.899285
patchcore_r18_1,screw,0,gate,test,scratch_neck,test/scratch_neck/024.png,2.431832
patchcore_r18_1,screw,0,gate,test,thread_side,test/thread_side/000.png,1.789139
patchcore_r18_1,screw,0,gate,test,thread_side,test/thread_side/001.png,1.898699
patchcore_r18_1,screw,0,gate,test,thread_side,test/thread_side/002.png,2.096466
patchcore_r18_1,screw,0,gate,test,thread_side,test/thread_side/003.png,1.918053
patchcore_r18_1,screw,0,gate,test,thread_side,test/thread_side/004.png,1.925609
patchcore_r18_1,screw,0,gate,test,thread_side,test/thread_side/005.png,2.134005
patchcore_r18_1,screw,0,gate,test,thread_side,test/thread_side/006.png,1.961239
patchcore_r18_1,screw,0,gate,test,thread_side,test/thread_side/007.png,1.904163
patchcore_r18_1,screw,0,gate,test,thread_side,test/thread_side/008.png,1.962426
patchcore_r18_1,screw,0,gate,test,thread_side,test/thread_side/009.png,1.916757
patchcore_r18_1,screw,0,gate,test,thread_side,test/thread_side/010.png,1.876080
patchcore_r18_1,screw,0,gate,test,thread_side,test/thread_side/011.png,1.870245
patchcore_r18_1,screw,0,gate,test,thread_side,test/thread_side/012.png,1.732801
patchcore_r18_1,screw,0,gate,test,thread_side,test/thread_side/013.png,1.960554
patchcore_r18_1,screw,0,gate,test,thread_side,test/thread_side/014.png,1.967185
patchcore_r18_1,screw,0,gate,test,thread_side,test/thread_side/015.png,1.830051
patchcore_r18_1,screw,0,gate,test,thread_side,test/thread_side/016.png,2.124431
patchcore_r18_1,screw,0,gate,test,thread_side,test/thread_side/017.png,1.998426
patchcore_r18_1,screw,0,gate,test,thread_side,test/thread_side/018.png,1.840268
patchcore_r18_1,screw,0,gate,test,thread_side,test/thread_side/019.png,1.865689
patchcore_r18_1,screw,0,gate,test,thread_side,test/thread_side/020.png,1.883875
patchcore_r18_1,screw,0,gate,test,thread_side,test/thread_side/021.png,1.828757
patchcore_r18_1,screw,0,gate,test,thread_side,test/thread_side/022.png,1.921815
patchcore_r18_1,screw,0,gate,test,thread_top,test/thread_top/000.png,2.244486
patchcore_r18_1,screw,0,gate,test,thread_top,test/thread_top/001.png,2.159124
patchcore_r18_1,screw,0,gate,test,thread_top,test/thread_top/002.png,2.033978
patchcore_r18_1,screw,0,gate,test,thread_top,test/thread_top/003.png,1.813884
patchcore_r18_1,screw,0,gate,test,thread_top,test/thread_top/004.png,1.920169
patchcore_r18_1,screw,0,gate,test,thread_top,test/thread_top/005.png,2.260518
patchcore_r18_1,screw,0,gate,test,thread_top,test/thread_top/006.png,2.231214
patchcore_r18_1,screw,0,gate,test,thread_top,test/thread_top/007.png,2.321379
patchcore_r18_1,screw,0,gate,test,thread_top,test/thread_top/008.png,1.888993
patchcore_r18_1,screw,0,gate,test,thread_top,test/thread_top/009.png,2.097359
patchcore_r18_1,screw,0,gate,test,thread_top,test/thread_top/010.png,2.071145
patchcore_r18_1,screw,0,gate,test,thread_top,test/thread_top/011.png,2.288189
patchcore_r18_1,screw,0,gate,test,thread_top,test/thread_top/012.png,2.005297
patchcore_r18_1,screw,0,gate,test,thread_top,test/thread_top/013.png,2.277537
patchcore_r18_1,screw,0,gate,test,thread_top,test/thread_top/014.png,1.736629
patchcore_r18_1,screw,0,gate,test,thread_top,test/thread_top/015.png,1.900649
patchcore_r18_1,screw,0,gate,test,thread_top,test/thread_top/016.png,2.142755
patchcore_r18_1,screw,0,gate,test,thread_top,test/thread_top/017.png,2.041019
patchcore_r18_1,screw,0,gate,test,thread_top,test/thread_top/018.png,2.142336
patchcore_r18_1,screw,0,gate,test,thread_top,test/thread_top/019.png,2.486188
patchcore_r18_1,screw,0,gate,test,thread_top,test/thread_top/020.png,2.150025
patchcore_r18_1,screw,0,gate,test,thread_top,test/thread_top/021.png,2.134479
patchcore_r18_1,screw,0,gate,test,thread_top,test/thread_top/022.png,1.973612
patchcore_r18_1,screw,1,full,test,good,test/good/000.png,1.656967
patchcore_r18_1,screw,1,full,test,good,test/good/001.png,1.692961
patchcore_r18_1,screw,1,full,test,good,test/good/002.png,1.710896
patchcore_r18_1,screw,1,full,test,good,test/good/003.png,1.769402
patchcore_r18_1,screw,1,full,test,good,test/good/004.png,1.885539
patchcore_r18_1,screw,1,full,test,good,test/good/005.png,1.901965
patchcore_r18_1,screw,1,full,test,good,test/good/006.png,1.699901
patchcore_r18_1,screw,1,full,test,good,test/good/007.png,1.729688
patchcore_r18_1,screw,1,full,test,good,test/good/008.png,1.762827
patchcore_r18_1,screw,1,full,test,good,test/good/009.png,1.781829
patchcore_r18_1,screw,1,full,test,good,test/good/010.png,1.711593
patchcore_r18_1,screw,1,full,test,good,test/good/011.png,1.728217
patchcore_r18_1,screw,1,full,test,good,test/good/012.png,1.754928
patchcore_r18_1,screw,1,full,test,good,test/good/013.png,1.700949
patchcore_r18_1,screw,1,full,test,good,test/good/014.png,1.817997
patchcore_r18_1,screw,1,full,test,good,test/good/015.png,1.721371
patchcore_r18_1,screw,1,full,test,good,test/good/016.png,1.684024
patchcore_r18_1,screw,1,full,test,good,test/good/017.png,1.672243
patchcore_r18_1,screw,1,full,test,good,test/good/018.png,1.754339
patchcore_r18_1,screw,1,full,test,good,test/good/019.png,1.755442
patchcore_r18_1,screw,1,full,test,good,test/good/020.png,1.624998
patchcore_r18_1,screw,1,full,test,good,test/good/021.png,1.692932
patchcore_r18_1,screw,1,full,test,good,test/good/022.png,1.787098
patchcore_r18_1,screw,1,full,test,good,test/good/023.png,1.719713
patchcore_r18_1,screw,1,full,test,good,test/good/024.png,1.750109
patchcore_r18_1,screw,1,full,test,good,test/good/025.png,1.703413
patchcore_r18_1,screw,1,full,test,good,test/good/026.png,1.780195
patchcore_r18_1,screw,1,full,test,good,test/good/027.png,1.724581
patchcore_r18_1,screw,1,full,test,good,test/good/028.png,1.661705
patchcore_r18_1,screw,1,full,test,good,test/good/029.png,1.694034
patchcore_r18_1,screw,1,full,test,good,test/good/030.png,1.775906
patchcore_r18_1,screw,1,full,test,good,test/good/031.png,1.786142
patchcore_r18_1,screw,1,full,test,good,test/good/032.png,1.683644
patchcore_r18_1,screw,1,full,test,good,test/good/033.png,1.667547
patchcore_r18_1,screw,1,full,test,good,test/good/034.png,1.653606
patchcore_r18_1,screw,1,full,test,good,test/good/035.png,1.712232
patchcore_r18_1,screw,1,full,test,good,test/good/036.png,1.624172
patchcore_r18_1,screw,1,full,test,good,test/good/037.png,1.689919
patchcore_r18_1,screw,1,full,test,good,test/good/038.png,1.781551
patchcore_r18_1,screw,1,full,test,good,test/good/039.png,1.660221
patchcore_r18_1,screw,1,full,test,good,test/good/040.png,1.741279
patchcore_r18_1,screw,1,full,test,manipulated_front,test/manipulated_front/000.png,1.931056
patchcore_r18_1,screw,1,full,test,manipulated_front,test/manipulated_front/001.png,1.894324
patchcore_r18_1,screw,1,full,test,manipulated_front,test/manipulated_front/002.png,2.167156
patchcore_r18_1,screw,1,full,test,manipulated_front,test/manipulated_front/003.png,2.078850
patchcore_r18_1,screw,1,full,test,manipulated_front,test/manipulated_front/004.png,2.122625
patchcore_r18_1,screw,1,full,test,manipulated_front,test/manipulated_front/005.png,2.177271
patchcore_r18_1,screw,1,full,test,manipulated_front,test/manipulated_front/006.png,1.966464
patchcore_r18_1,screw,1,full,test,manipulated_front,test/manipulated_front/007.png,2.241688
patchcore_r18_1,screw,1,full,test,manipulated_front,test/manipulated_front/008.png,1.998967
patchcore_r18_1,screw,1,full,test,manipulated_front,test/manipulated_front/009.png,1.937747
patchcore_r18_1,screw,1,full,test,manipulated_front,test/manipulated_front/010.png,2.087839
patchcore_r18_1,screw,1,full,test,manipulated_front,test/manipulated_front/011.png,1.949721
patchcore_r18_1,screw,1,full,test,manipulated_front,test/manipulated_front/012.png,2.025444
patchcore_r18_1,screw,1,full,test,manipulated_front,test/manipulated_front/013.png,1.802475
patchcore_r18_1,screw,1,full,test,manipulated_front,test/manipulated_front/014.png,2.155409
patchcore_r18_1,screw,1,full,test,manipulated_front,test/manipulated_front/015.png,2.094990
patchcore_r18_1,screw,1,full,test,manipulated_front,test/manipulated_front/016.png,1.973353
patchcore_r18_1,screw,1,full,test,manipulated_front,test/manipulated_front/017.png,1.725559
patchcore_r18_1,screw,1,full,test,manipulated_front,test/manipulated_front/018.png,1.932569
patchcore_r18_1,screw,1,full,test,manipulated_front,test/manipulated_front/019.png,1.821853
patchcore_r18_1,screw,1,full,test,manipulated_front,test/manipulated_front/020.png,1.785775
patchcore_r18_1,screw,1,full,test,manipulated_front,test/manipulated_front/021.png,1.706527
patchcore_r18_1,screw,1,full,test,manipulated_front,test/manipulated_front/022.png,1.968526
patchcore_r18_1,screw,1,full,test,manipulated_front,test/manipulated_front/023.png,2.203589
patchcore_r18_1,screw,1,full,test,scratch_head,test/scratch_head/000.png,2.009662
patchcore_r18_1,screw,1,full,test,scratch_head,test/scratch_head/001.png,2.025013
patchcore_r18_1,screw,1,full,test,scratch_head,test/scratch_head/002.png,1.915764
patchcore_r18_1,screw,1,full,test,scratch_head,test/scratch_head/003.png,1.786907
patchcore_r18_1,screw,1,full,test,scratch_head,test/scratch_head/004.png,2.128796
patchcore_r18_1,screw,1,full,test,scratch_head,test/scratch_head/005.png,2.125230
patchcore_r18_1,screw,1,full,test,scratch_head,test/scratch_head/006.png,1.868651
patchcore_r18_1,screw,1,full,test,scratch_head,test/scratch_head/007.png,2.061326
patchcore_r18_1,screw,1,full,test,scratch_head,test/scratch_head/008.png,1.915033
patchcore_r18_1,screw,1,full,test,scratch_head,test/scratch_head/009.png,1.932794
patchcore_r18_1,screw,1,full,test,scratch_head,test/scratch_head/010.png,2.020305
patchcore_r18_1,screw,1,full,test,scratch_head,test/scratch_head/011.png,2.240121
patchcore_r18_1,screw,1,full,test,scratch_head,test/scratch_head/012.png,2.202148
patchcore_r18_1,screw,1,full,test,scratch_head,test/scratch_head/013.png,2.087764
patchcore_r18_1,screw,1,full,test,scratch_head,test/scratch_head/014.png,1.779324
patchcore_r18_1,screw,1,full,test,scratch_head,test/scratch_head/015.png,2.297247
patchcore_r18_1,screw,1,full,test,scratch_head,test/scratch_head/016.png,1.992230
patchcore_r18_1,screw,1,full,test,scratch_head,test/scratch_head/017.png,1.927478
patchcore_r18_1,screw,1,full,test,scratch_head,test/scratch_head/018.png,1.913180
patchcore_r18_1,screw,1,full,test,scratch_head,test/scratch_head/019.png,2.098691
patchcore_r18_1,screw,1,full,test,scratch_head,test/scratch_head/020.png,1.771354
patchcore_r18_1,screw,1,full,test,scratch_head,test/scratch_head/021.png,1.906538
patchcore_r18_1,screw,1,full,test,scratch_head,test/scratch_head/022.png,1.874799
patchcore_r18_1,screw,1,full,test,scratch_head,test/scratch_head/023.png,1.977163
patchcore_r18_1,screw,1,full,test,scratch_neck,test/scratch_neck/000.png,2.019571
patchcore_r18_1,screw,1,full,test,scratch_neck,test/scratch_neck/001.png,2.708749
patchcore_r18_1,screw,1,full,test,scratch_neck,test/scratch_neck/002.png,1.899989
patchcore_r18_1,screw,1,full,test,scratch_neck,test/scratch_neck/003.png,2.686278
patchcore_r18_1,screw,1,full,test,scratch_neck,test/scratch_neck/004.png,2.356839
patchcore_r18_1,screw,1,full,test,scratch_neck,test/scratch_neck/005.png,1.906792
patchcore_r18_1,screw,1,full,test,scratch_neck,test/scratch_neck/006.png,2.077454
patchcore_r18_1,screw,1,full,test,scratch_neck,test/scratch_neck/007.png,2.341979
patchcore_r18_1,screw,1,full,test,scratch_neck,test/scratch_neck/008.png,2.799987
patchcore_r18_1,screw,1,full,test,scratch_neck,test/scratch_neck/009.png,2.701743
patchcore_r18_1,screw,1,full,test,scratch_neck,test/scratch_neck/010.png,2.281021
patchcore_r18_1,screw,1,full,test,scratch_neck,test/scratch_neck/011.png,1.872885
patchcore_r18_1,screw,1,full,test,scratch_neck,test/scratch_neck/012.png,2.141839
patchcore_r18_1,screw,1,full,test,scratch_neck,test/scratch_neck/013.png,2.228923
patchcore_r18_1,screw,1,full,test,scratch_neck,test/scratch_neck/014.png,2.265058
patchcore_r18_1,screw,1,full,test,scratch_neck,test/scratch_neck/015.png,2.188080
patchcore_r18_1,screw,1,full,test,scratch_neck,test/scratch_neck/016.png,2.409036
patchcore_r18_1,screw,1,full,test,scratch_neck,test/scratch_neck/017.png,1.992722
patchcore_r18_1,screw,1,full,test,scratch_neck,test/scratch_neck/018.png,2.221640
patchcore_r18_1,screw,1,full,test,scratch_neck,test/scratch_neck/019.png,2.203587
patchcore_r18_1,screw,1,full,test,scratch_neck,test/scratch_neck/020.png,2.795904
patchcore_r18_1,screw,1,full,test,scratch_neck,test/scratch_neck/021.png,1.915099
patchcore_r18_1,screw,1,full,test,scratch_neck,test/scratch_neck/022.png,2.334573
patchcore_r18_1,screw,1,full,test,scratch_neck,test/scratch_neck/023.png,2.080633
patchcore_r18_1,screw,1,full,test,scratch_neck,test/scratch_neck/024.png,2.486595
patchcore_r18_1,screw,1,full,test,thread_side,test/thread_side/000.png,1.785979
patchcore_r18_1,screw,1,full,test,thread_side,test/thread_side/001.png,1.884820
patchcore_r18_1,screw,1,full,test,thread_side,test/thread_side/002.png,1.949018
patchcore_r18_1,screw,1,full,test,thread_side,test/thread_side/003.png,1.861274
patchcore_r18_1,screw,1,full,test,thread_side,test/thread_side/004.png,1.804765
patchcore_r18_1,screw,1,full,test,thread_side,test/thread_side/005.png,2.014330
patchcore_r18_1,screw,1,full,test,thread_side,test/thread_side/006.png,1.739709
patchcore_r18_1,screw,1,full,test,thread_side,test/thread_side/007.png,1.925784
patchcore_r18_1,screw,1,full,test,thread_side,test/thread_side/008.png,1.975356
patchcore_r18_1,screw,1,full,test,thread_side,test/thread_side/009.png,1.763670
patchcore_r18_1,screw,1,full,test,thread_side,test/thread_side/010.png,1.775183
patchcore_r18_1,screw,1,full,test,thread_side,test/thread_side/011.png,1.816492
patchcore_r18_1,screw,1,full,test,thread_side,test/thread_side/012.png,1.711336
patchcore_r18_1,screw,1,full,test,thread_side,test/thread_side/013.png,1.790891
patchcore_r18_1,screw,1,full,test,thread_side,test/thread_side/014.png,1.792549
patchcore_r18_1,screw,1,full,test,thread_side,test/thread_side/015.png,1.839364
patchcore_r18_1,screw,1,full,test,thread_side,test/thread_side/016.png,2.043744
patchcore_r18_1,screw,1,full,test,thread_side,test/thread_side/017.png,1.963407
patchcore_r18_1,screw,1,full,test,thread_side,test/thread_side/018.png,1.767235
patchcore_r18_1,screw,1,full,test,thread_side,test/thread_side/019.png,1.880023
patchcore_r18_1,screw,1,full,test,thread_side,test/thread_side/020.png,1.776026
patchcore_r18_1,screw,1,full,test,thread_side,test/thread_side/021.png,1.965824
patchcore_r18_1,screw,1,full,test,thread_side,test/thread_side/022.png,1.906565
patchcore_r18_1,screw,1,full,test,thread_top,test/thread_top/000.png,2.248165
patchcore_r18_1,screw,1,full,test,thread_top,test/thread_top/001.png,2.151280
patchcore_r18_1,screw,1,full,test,thread_top,test/thread_top/002.png,2.062864
patchcore_r18_1,screw,1,full,test,thread_top,test/thread_top/003.png,1.810207
patchcore_r18_1,screw,1,full,test,thread_top,test/thread_top/004.png,1.811450
patchcore_r18_1,screw,1,full,test,thread_top,test/thread_top/005.png,2.230170
patchcore_r18_1,screw,1,full,test,thread_top,test/thread_top/006.png,2.108850
patchcore_r18_1,screw,1,full,test,thread_top,test/thread_top/007.png,2.370578
patchcore_r18_1,screw,1,full,test,thread_top,test/thread_top/008.png,1.903922
patchcore_r18_1,screw,1,full,test,thread_top,test/thread_top/009.png,1.957063
patchcore_r18_1,screw,1,full,test,thread_top,test/thread_top/010.png,1.998884
patchcore_r18_1,screw,1,full,test,thread_top,test/thread_top/011.png,2.241060
patchcore_r18_1,screw,1,full,test,thread_top,test/thread_top/012.png,2.035714
patchcore_r18_1,screw,1,full,test,thread_top,test/thread_top/013.png,2.065956
patchcore_r18_1,screw,1,full,test,thread_top,test/thread_top/014.png,1.820160
patchcore_r18_1,screw,1,full,test,thread_top,test/thread_top/015.png,1.850011
patchcore_r18_1,screw,1,full,test,thread_top,test/thread_top/016.png,2.142755
patchcore_r18_1,screw,1,full,test,thread_top,test/thread_top/017.png,2.089344
patchcore_r18_1,screw,1,full,test,thread_top,test/thread_top/018.png,1.997284
patchcore_r18_1,screw,1,full,test,thread_top,test/thread_top/019.png,2.274196
patchcore_r18_1,screw,1,full,test,thread_top,test/thread_top/020.png,2.152010
patchcore_r18_1,screw,1,full,test,thread_top,test/thread_top/021.png,1.985869
patchcore_r18_1,screw,1,full,test,thread_top,test/thread_top/022.png,2.029988
patchcore_r18_1,screw,1,gate,calibration,good,train/good/001.png,1.835243
patchcore_r18_1,screw,1,gate,calibration,good,train/good/005.png,1.723971
patchcore_r18_1,screw,1,gate,calibration,good,train/good/006.png,1.746248
patchcore_r18_1,screw,1,gate,calibration,good,train/good/009.png,1.803826
patchcore_r18_1,screw,1,gate,calibration,good,train/good/010.png,1.749308
patchcore_r18_1,screw,1,gate,calibration,good,train/good/013.png,1.749066
patchcore_r18_1,screw,1,gate,calibration,good,train/good/018.png,1.820636
patchcore_r18_1,screw,1,gate,calibration,good,train/good/021.png,1.807442
patchcore_r18_1,screw,1,gate,calibration,good,train/good/022.png,1.727899
patchcore_r18_1,screw,1,gate,calibration,good,train/good/023.png,1.702779
patchcore_r18_1,screw,1,gate,calibration,good,train/good/024.png,1.696161
patchcore_r18_1,screw,1,gate,calibration,good,train/good/051.png,1.747912
patchcore_r18_1,screw,1,gate,calibration,good,train/good/059.png,1.765631
patchcore_r18_1,screw,1,gate,calibration,good,train/good/078.png,1.750582
patchcore_r18_1,screw,1,gate,calibration,good,train/good/080.png,1.739732
patchcore_r18_1,screw,1,gate,calibration,good,train/good/081.png,1.776938
patchcore_r18_1,screw,1,gate,calibration,good,train/good/082.png,1.871661
patchcore_r18_1,screw,1,gate,calibration,good,train/good/083.png,1.742223
patchcore_r18_1,screw,1,gate,calibration,good,train/good/088.png,1.715947
patchcore_r18_1,screw,1,gate,calibration,good,train/good/093.png,1.874727
patchcore_r18_1,screw,1,gate,calibration,good,train/good/103.png,1.836164
patchcore_r18_1,screw,1,gate,calibration,good,train/good/105.png,1.778387
patchcore_r18_1,screw,1,gate,calibration,good,train/good/107.png,1.851043
patchcore_r18_1,screw,1,gate,calibration,good,train/good/121.png,1.694840
patchcore_r18_1,screw,1,gate,calibration,good,train/good/122.png,1.704389
patchcore_r18_1,screw,1,gate,calibration,good,train/good/131.png,1.805997
patchcore_r18_1,screw,1,gate,calibration,good,train/good/136.png,1.781339
patchcore_r18_1,screw,1,gate,calibration,good,train/good/138.png,1.755802
patchcore_r18_1,screw,1,gate,calibration,good,train/good/141.png,1.808629
patchcore_r18_1,screw,1,gate,calibration,good,train/good/147.png,1.838818
patchcore_r18_1,screw,1,gate,calibration,good,train/good/148.png,1.747916
patchcore_r18_1,screw,1,gate,calibration,good,train/good/152.png,1.925704
patchcore_r18_1,screw,1,gate,calibration,good,train/good/163.png,1.740488
patchcore_r18_1,screw,1,gate,calibration,good,train/good/165.png,1.731250
patchcore_r18_1,screw,1,gate,calibration,good,train/good/178.png,1.801980
patchcore_r18_1,screw,1,gate,calibration,good,train/good/181.png,1.807981
patchcore_r18_1,screw,1,gate,calibration,good,train/good/183.png,2.014669
patchcore_r18_1,screw,1,gate,calibration,good,train/good/185.png,1.760109
patchcore_r18_1,screw,1,gate,calibration,good,train/good/188.png,1.683596
patchcore_r18_1,screw,1,gate,calibration,good,train/good/189.png,1.818972
patchcore_r18_1,screw,1,gate,calibration,good,train/good/191.png,1.789477
patchcore_r18_1,screw,1,gate,calibration,good,train/good/196.png,1.795015
patchcore_r18_1,screw,1,gate,calibration,good,train/good/197.png,1.840742
patchcore_r18_1,screw,1,gate,calibration,good,train/good/204.png,1.771200
patchcore_r18_1,screw,1,gate,calibration,good,train/good/206.png,1.783662
patchcore_r18_1,screw,1,gate,calibration,good,train/good/209.png,1.869814
patchcore_r18_1,screw,1,gate,calibration,good,train/good/221.png,1.906090
patchcore_r18_1,screw,1,gate,calibration,good,train/good/223.png,1.818952
patchcore_r18_1,screw,1,gate,calibration,good,train/good/230.png,1.718711
patchcore_r18_1,screw,1,gate,calibration,good,train/good/232.png,1.898163
patchcore_r18_1,screw,1,gate,calibration,good,train/good/239.png,1.789931
patchcore_r18_1,screw,1,gate,calibration,good,train/good/240.png,1.705277
patchcore_r18_1,screw,1,gate,calibration,good,train/good/249.png,1.835051
patchcore_r18_1,screw,1,gate,calibration,good,train/good/258.png,1.848640
patchcore_r18_1,screw,1,gate,calibration,good,train/good/262.png,1.962462
patchcore_r18_1,screw,1,gate,calibration,good,train/good/268.png,1.974198
patchcore_r18_1,screw,1,gate,calibration,good,train/good/272.png,1.745819
patchcore_r18_1,screw,1,gate,calibration,good,train/good/276.png,1.832275
patchcore_r18_1,screw,1,gate,calibration,good,train/good/286.png,1.783204
patchcore_r18_1,screw,1,gate,calibration,good,train/good/291.png,1.882731
patchcore_r18_1,screw,1,gate,calibration,good,train/good/301.png,1.753622
patchcore_r18_1,screw,1,gate,calibration,good,train/good/304.png,1.741488
patchcore_r18_1,screw,1,gate,calibration,good,train/good/308.png,1.640828
patchcore_r18_1,screw,1,gate,calibration,good,train/good/314.png,1.803897
patchcore_r18_1,screw,1,gate,test,good,test/good/000.png,1.731719
patchcore_r18_1,screw,1,gate,test,good,test/good/001.png,1.816987
patchcore_r18_1,screw,1,gate,test,good,test/good/002.png,1.771268
patchcore_r18_1,screw,1,gate,test,good,test/good/003.png,1.705645
patchcore_r18_1,screw,1,gate,test,good,test/good/004.png,1.969500
patchcore_r18_1,screw,1,gate,test,good,test/good/005.png,1.970507
patchcore_r18_1,screw,1,gate,test,good,test/good/006.png,1.685022
patchcore_r18_1,screw,1,gate,test,good,test/good/007.png,1.734835
patchcore_r18_1,screw,1,gate,test,good,test/good/008.png,1.796179
patchcore_r18_1,screw,1,gate,test,good,test/good/009.png,1.765634
patchcore_r18_1,screw,1,gate,test,good,test/good/010.png,1.850006
patchcore_r18_1,screw,1,gate,test,good,test/good/011.png,1.778898
patchcore_r18_1,screw,1,gate,test,good,test/good/012.png,1.792091
patchcore_r18_1,screw,1,gate,test,good,test/good/013.png,1.710048
patchcore_r18_1,screw,1,gate,test,good,test/good/014.png,1.917838
patchcore_r18_1,screw,1,gate,test,good,test/good/015.png,1.845671
patchcore_r18_1,screw,1,gate,test,good,test/good/016.png,1.810466
patchcore_r18_1,screw,1,gate,test,good,test/good/017.png,1.705254
patchcore_r18_1,screw,1,gate,test,good,test/good/018.png,1.804913
patchcore_r18_1,screw,1,gate,test,good,test/good/019.png,1.936044
patchcore_r18_1,screw,1,gate,test,good,test/good/020.png,1.685330
patchcore_r18_1,screw,1,gate,test,good,test/good/021.png,1.725527
patchcore_r18_1,screw,1,gate,test,good,test/good/022.png,1.861156
patchcore_r18_1,screw,1,gate,test,good,test/good/023.png,1.855522
patchcore_r18_1,screw,1,gate,test,good,test/good/024.png,1.862901
patchcore_r18_1,screw,1,gate,test,good,test/good/025.png,1.735992
patchcore_r18_1,screw,1,gate,test,good,test/good/026.png,1.912255
patchcore_r18_1,screw,1,gate,test,good,test/good/027.png,1.827809
patchcore_r18_1,screw,1,gate,test,good,test/good/028.png,1.705222
patchcore_r18_1,screw,1,gate,test,good,test/good/029.png,1.800856
patchcore_r18_1,screw,1,gate,test,good,test/good/030.png,1.790902
patchcore_r18_1,screw,1,gate,test,good,test/good/031.png,1.812732
patchcore_r18_1,screw,1,gate,test,good,test/good/032.png,1.827752
patchcore_r18_1,screw,1,gate,test,good,test/good/033.png,1.790691
patchcore_r18_1,screw,1,gate,test,good,test/good/034.png,1.631942
patchcore_r18_1,screw,1,gate,test,good,test/good/035.png,1.741188
patchcore_r18_1,screw,1,gate,test,good,test/good/036.png,1.757987
patchcore_r18_1,screw,1,gate,test,good,test/good/037.png,1.745586
patchcore_r18_1,screw,1,gate,test,good,test/good/038.png,1.843036
patchcore_r18_1,screw,1,gate,test,good,test/good/039.png,1.758488
patchcore_r18_1,screw,1,gate,test,good,test/good/040.png,1.739460
patchcore_r18_1,screw,1,gate,test,manipulated_front,test/manipulated_front/000.png,2.013306
patchcore_r18_1,screw,1,gate,test,manipulated_front,test/manipulated_front/001.png,1.920714
patchcore_r18_1,screw,1,gate,test,manipulated_front,test/manipulated_front/002.png,2.029804
patchcore_r18_1,screw,1,gate,test,manipulated_front,test/manipulated_front/003.png,2.287535
patchcore_r18_1,screw,1,gate,test,manipulated_front,test/manipulated_front/004.png,2.083133
patchcore_r18_1,screw,1,gate,test,manipulated_front,test/manipulated_front/005.png,2.424156
patchcore_r18_1,screw,1,gate,test,manipulated_front,test/manipulated_front/006.png,2.069665
patchcore_r18_1,screw,1,gate,test,manipulated_front,test/manipulated_front/007.png,2.349482
patchcore_r18_1,screw,1,gate,test,manipulated_front,test/manipulated_front/008.png,2.001248
patchcore_r18_1,screw,1,gate,test,manipulated_front,test/manipulated_front/009.png,1.985214
patchcore_r18_1,screw,1,gate,test,manipulated_front,test/manipulated_front/010.png,2.222684
patchcore_r18_1,screw,1,gate,test,manipulated_front,test/manipulated_front/011.png,1.897108
patchcore_r18_1,screw,1,gate,test,manipulated_front,test/manipulated_front/012.png,2.046261
patchcore_r18_1,screw,1,gate,test,manipulated_front,test/manipulated_front/013.png,1.897855
patchcore_r18_1,screw,1,gate,test,manipulated_front,test/manipulated_front/014.png,2.069064
patchcore_r18_1,screw,1,gate,test,manipulated_front,test/manipulated_front/015.png,2.171338
patchcore_r18_1,screw,1,gate,test,manipulated_front,test/manipulated_front/016.png,2.118575
patchcore_r18_1,screw,1,gate,test,manipulated_front,test/manipulated_front/017.png,2.060227
patchcore_r18_1,screw,1,gate,test,manipulated_front,test/manipulated_front/018.png,2.041402
patchcore_r18_1,screw,1,gate,test,manipulated_front,test/manipulated_front/019.png,1.935399
patchcore_r18_1,screw,1,gate,test,manipulated_front,test/manipulated_front/020.png,1.804084
patchcore_r18_1,screw,1,gate,test,manipulated_front,test/manipulated_front/021.png,1.795193
patchcore_r18_1,screw,1,gate,test,manipulated_front,test/manipulated_front/022.png,1.934795
patchcore_r18_1,screw,1,gate,test,manipulated_front,test/manipulated_front/023.png,2.179862
patchcore_r18_1,screw,1,gate,test,scratch_head,test/scratch_head/000.png,2.138673
patchcore_r18_1,screw,1,gate,test,scratch_head,test/scratch_head/001.png,2.034308
patchcore_r18_1,screw,1,gate,test,scratch_head,test/scratch_head/002.png,1.896061
patchcore_r18_1,screw,1,gate,test,scratch_head,test/scratch_head/003.png,1.930040
patchcore_r18_1,screw,1,gate,test,scratch_head,test/scratch_head/004.png,2.183813
patchcore_r18_1,screw,1,gate,test,scratch_head,test/scratch_head/005.png,1.871969
patchcore_r18_1,screw,1,gate,test,scratch_head,test/scratch_head/006.png,1.908107
patchcore_r18_1,screw,1,gate,test,scratch_head,test/scratch_head/007.png,2.110178
patchcore_r18_1,screw,1,gate,test,scratch_head,test/scratch_head/008.png,1.967112
patchcore_r18_1,screw,1,gate,test,scratch_head,test/scratch_head/009.png,1.907666
patchcore_r18_1,screw,1,gate,test,scratch_head,test/scratch_head/010.png,1.948477
patchcore_r18_1,screw,1,gate,test,scratch_head,test/scratch_head/011.png,2.272305
patchcore_r18_1,screw,1,gate,test,scratch_head,test/scratch_head/012.png,2.117167
patchcore_r18_1,screw,1,gate,test,scratch_head,test/scratch_head/013.png,2.052708
patchcore_r18_1,screw,1,gate,test,scratch_head,test/scratch_head/014.png,1.827438
patchcore_r18_1,screw,1,gate,test,scratch_head,test/scratch_head/015.png,2.433094
patchcore_r18_1,screw,1,gate,test,scratch_head,test/scratch_head/016.png,2.061568
patchcore_r18_1,screw,1,gate,test,scratch_head,test/scratch_head/017.png,1.911641
patchcore_r18_1,screw,1,gate,test,scratch_head,test/scratch_head/018.png,1.947373
patchcore_r18_1,screw,1,gate,test,scratch_head,test/scratch_head/019.png,2.264090
patchcore_r18_1,screw,1,gate,test,scratch_head,test/scratch_head/020.png,1.889774
patchcore_r18_1,screw,1,gate,test,scratch_head,test/scratch_head/021.png,1.885058
patchcore_r18_1,screw,1,gate,test,scratch_head,test/scratch_head/022.png,2.027992
patchcore_r18_1,screw,1,gate,test,scratch_head,test/scratch_head/023.png,1.939725
patchcore_r18_1,screw,1,gate,test,scratch_neck,test/scratch_neck/000.png,2.029422
patchcore_r18_1,screw,1,gate,test,scratch_neck,test/scratch_neck/001.png,2.695956
patchcore_r18_1,screw,1,gate,test,scratch_neck,test/scratch_neck/002.png,1.947436
patchcore_r18_1,screw,1,gate,test,scratch_neck,test/scratch_neck/003.png,2.600538
patchcore_r18_1,screw,1,gate,test,scratch_neck,test/scratch_neck/004.png,2.405695
patchcore_r18_1,screw,1,gate,test,scratch_neck,test/scratch_neck/005.png,2.010302
patchcore_r18_1,screw,1,gate,test,scratch_neck,test/scratch_neck/006.png,2.012192
patchcore_r18_1,screw,1,gate,test,scratch_neck,test/scratch_neck/007.png,2.227585
patchcore_r18_1,screw,1,gate,test,scratch_neck,test/scratch_neck/008.png,2.778015
patchcore_r18_1,screw,1,gate,test,scratch_neck,test/scratch_neck/009.png,2.816157
patchcore_r18_1,screw,1,gate,test,scratch_neck,test/scratch_neck/010.png,2.298476
patchcore_r18_1,screw,1,gate,test,scratch_neck,test/scratch_neck/011.png,1.987516
patchcore_r18_1,screw,1,gate,test,scratch_neck,test/scratch_neck/012.png,2.239993
patchcore_r18_1,screw,1,gate,test,scratch_neck,test/scratch_neck/013.png,2.245116
patchcore_r18_1,screw,1,gate,test,scratch_neck,test/scratch_neck/014.png,2.231823
patchcore_r18_1,screw,1,gate,test,scratch_neck,test/scratch_neck/015.png,2.123451
patchcore_r18_1,screw,1,gate,test,scratch_neck,test/scratch_neck/016.png,2.386360
patchcore_r18_1,screw,1,gate,test,scratch_neck,test/scratch_neck/017.png,2.145221
patchcore_r18_1,screw,1,gate,test,scratch_neck,test/scratch_neck/018.png,2.232612
patchcore_r18_1,screw,1,gate,test,scratch_neck,test/scratch_neck/019.png,2.358040
patchcore_r18_1,screw,1,gate,test,scratch_neck,test/scratch_neck/020.png,2.778639
patchcore_r18_1,screw,1,gate,test,scratch_neck,test/scratch_neck/021.png,1.951382
patchcore_r18_1,screw,1,gate,test,scratch_neck,test/scratch_neck/022.png,2.355072
patchcore_r18_1,screw,1,gate,test,scratch_neck,test/scratch_neck/023.png,2.147751
patchcore_r18_1,screw,1,gate,test,scratch_neck,test/scratch_neck/024.png,2.502325
patchcore_r18_1,screw,1,gate,test,thread_side,test/thread_side/000.png,1.803379
patchcore_r18_1,screw,1,gate,test,thread_side,test/thread_side/001.png,1.847921
patchcore_r18_1,screw,1,gate,test,thread_side,test/thread_side/002.png,2.203042
patchcore_r18_1,screw,1,gate,test,thread_side,test/thread_side/003.png,1.885762
patchcore_r18_1,screw,1,gate,test,thread_side,test/thread_side/004.png,1.776480
patchcore_r18_1,screw,1,gate,test,thread_side,test/thread_side/005.png,2.266185
patchcore_r18_1,screw,1,gate,test,thread_side,test/thread_side/006.png,1.945638
patchcore_r18_1,screw,1,gate,test,thread_side,test/thread_side/007.png,2.004478
patchcore_r18_1,screw,1,gate,test,thread_side,test/thread_side/008.png,2.024207
patchcore_r18_1,screw,1,gate,test,thread_side,test/thread_side/009.png,1.776475
patchcore_r18_1,screw,1,gate,test,thread_side,test/thread_side/010.png,1.843297
patchcore_r18_1,screw,1,gate,test,thread_side,test/thread_side/011.png,1.966088
patchcore_r18_1,screw,1,gate,test,thread_side,test/thread_side/012.png,1.747681
patchcore_r18_1,screw,1,gate,test,thread_side,test/thread_side/013.png,2.044037
patchcore_r18_1,screw,1,gate,test,thread_side,test/thread_side/014.png,1.909710
patchcore_r18_1,screw,1,gate,test,thread_side,test/thread_side/015.png,1.824553
patchcore_r18_1,screw,1,gate,test,thread_side,test/thread_side/016.png,1.992553
patchcore_r18_1,screw,1,gate,test,thread_side,test/thread_side/017.png,2.099839
patchcore_r18_1,screw,1,gate,test,thread_side,test/thread_side/018.png,1.740456
patchcore_r18_1,screw,1,gate,test,thread_side,test/thread_side/019.png,1.805456
patchcore_r18_1,screw,1,gate,test,thread_side,test/thread_side/020.png,1.818568
patchcore_r18_1,screw,1,gate,test,thread_side,test/thread_side/021.png,1.920189
patchcore_r18_1,screw,1,gate,test,thread_side,test/thread_side/022.png,1.836919
patchcore_r18_1,screw,1,gate,test,thread_top,test/thread_top/000.png,2.294904
patchcore_r18_1,screw,1,gate,test,thread_top,test/thread_top/001.png,2.189336
patchcore_r18_1,screw,1,gate,test,thread_top,test/thread_top/002.png,2.114231
patchcore_r18_1,screw,1,gate,test,thread_top,test/thread_top/003.png,1.769514
patchcore_r18_1,screw,1,gate,test,thread_top,test/thread_top/004.png,1.737572
patchcore_r18_1,screw,1,gate,test,thread_top,test/thread_top/005.png,2.182798
patchcore_r18_1,screw,1,gate,test,thread_top,test/thread_top/006.png,2.139747
patchcore_r18_1,screw,1,gate,test,thread_top,test/thread_top/007.png,2.339695
patchcore_r18_1,screw,1,gate,test,thread_top,test/thread_top/008.png,1.849083
patchcore_r18_1,screw,1,gate,test,thread_top,test/thread_top/009.png,2.055795
patchcore_r18_1,screw,1,gate,test,thread_top,test/thread_top/010.png,2.077528
patchcore_r18_1,screw,1,gate,test,thread_top,test/thread_top/011.png,2.378507
patchcore_r18_1,screw,1,gate,test,thread_top,test/thread_top/012.png,1.954867
patchcore_r18_1,screw,1,gate,test,thread_top,test/thread_top/013.png,2.308210
patchcore_r18_1,screw,1,gate,test,thread_top,test/thread_top/014.png,1.758328
patchcore_r18_1,screw,1,gate,test,thread_top,test/thread_top/015.png,2.033526
patchcore_r18_1,screw,1,gate,test,thread_top,test/thread_top/016.png,2.207977
patchcore_r18_1,screw,1,gate,test,thread_top,test/thread_top/017.png,1.829995
patchcore_r18_1,screw,1,gate,test,thread_top,test/thread_top/018.png,2.071080
patchcore_r18_1,screw,1,gate,test,thread_top,test/thread_top/019.png,2.382883
patchcore_r18_1,screw,1,gate,test,thread_top,test/thread_top/020.png,2.219936
patchcore_r18_1,screw,1,gate,test,thread_top,test/thread_top/021.png,2.043684
patchcore_r18_1,screw,1,gate,test,thread_top,test/thread_top/022.png,1.972597
patchcore_r18_1,screw,2,full,test,good,test/good/000.png,1.686105
patchcore_r18_1,screw,2,full,test,good,test/good/001.png,1.779407
patchcore_r18_1,screw,2,full,test,good,test/good/002.png,1.698881
patchcore_r18_1,screw,2,full,test,good,test/good/003.png,1.827850
patchcore_r18_1,screw,2,full,test,good,test/good/004.png,1.850130
patchcore_r18_1,screw,2,full,test,good,test/good/005.png,1.888648
patchcore_r18_1,screw,2,full,test,good,test/good/006.png,1.658427
patchcore_r18_1,screw,2,full,test,good,test/good/007.png,1.729688
patchcore_r18_1,screw,2,full,test,good,test/good/008.png,1.884906
patchcore_r18_1,screw,2,full,test,good,test/good/009.png,1.801071
patchcore_r18_1,screw,2,full,test,good,test/good/010.png,1.677671
patchcore_r18_1,screw,2,full,test,good,test/good/011.png,1.719762
patchcore_r18_1,screw,2,full,test,good,test/good/012.png,1.904659
patchcore_r18_1,screw,2,full,test,good,test/good/013.png,1.728582
patchcore_r18_1,screw,2,full,test,good,test/good/014.png,1.800720
patchcore_r18_1,screw,2,full,test,good,test/good/015.png,1.789205
patchcore_r18_1,screw,2,full,test,good,test/good/016.png,1.704173
patchcore_r18_1,screw,2,full,test,good,test/good/017.png,1.759855
patchcore_r18_1,screw,2,full,test,good,test/good/018.png,1.802961
patchcore_r18_1,screw,2,full,test,good,test/good/019.png,1.751478
patchcore_r18_1,screw,2,full,test,good,test/good/020.png,1.659048
patchcore_r18_1,screw,2,full,test,good,test/good/021.png,1.688080
patchcore_r18_1,screw,2,full,test,good,test/good/022.png,1.754280
patchcore_r18_1,screw,2,full,test,good,test/good/023.png,1.667993
patchcore_r18_1,screw,2,full,test,good,test/good/024.png,1.730711
patchcore_r18_1,screw,2,full,test,good,test/good/025.png,1.818772
patchcore_r18_1,screw,2,full,test,good,test/good/026.png,1.780594
patchcore_r18_1,screw,2,full,test,good,test/good/027.png,1.731225
patchcore_r18_1,screw,2,full,test,good,test/good/028.png,1.782544
patchcore_r18_1,screw,2,full,test,good,test/good/029.png,1.715538
patchcore_r18_1,screw,2,full,test,good,test/good/030.png,1.767039
patchcore_r18_1,screw,2,full,test,good,test/good/031.png,1.752637
patchcore_r18_1,screw,2,full,test,good,test/good/032.png,1.695242
patchcore_r18_1,screw,2,full,test,good,test/good/033.png,1.702804
patchcore_r18_1,screw,2,full,test,good,test/good/034.png,1.663667
patchcore_r18_1,screw,2,full,test,good,test/good/035.png,1.817201
patchcore_r18_1,screw,2,full,test,good,test/good/036.png,1.724881
patchcore_r18_1,screw,2,full,test,good,test/good/037.png,1.787233
patchcore_r18_1,screw,2,full,test,good,test/good/038.png,1.638032
patchcore_r18_1,screw,2,full,test,good,test/good/039.png,1.722102
patchcore_r18_1,screw,2,full,test,good,test/good/040.png,1.698223
patchcore_r18_1,screw,2,full,test,manipulated_front,test/manipulated_front/000.png,1.943737
patchcore_r18_1,screw,2,full,test,manipulated_front,test/manipulated_front/001.png,1.960169
patchcore_r18_1,screw,2,full,test,manipulated_front,test/manipulated_front/002.png,1.913931
patchcore_r18_1,screw,2,full,test,manipulated_front,test/manipulated_front/003.png,2.140694
patchcore_r18_1,screw,2,full,test,manipulated_front,test/manipulated_front/004.png,2.156308
patchcore_r18_1,screw,2,full,test,manipulated_front,test/manipulated_front/005.png,2.209683
patchcore_r18_1,screw,2,full,test,manipulated_front,test/manipulated_front/006.png,2.009093
patchcore_r18_1,screw,2,full,test,manipulated_front,test/manipulated_front/007.png,2.173259
patchcore_r18_1,screw,2,full,test,manipulated_front,test/manipulated_front/008.png,1.953081
patchcore_r18_1,screw,2,full,test,manipulated_front,test/manipulated_front/009.png,2.007014
patchcore_r18_1,screw,2,full,test,manipulated_front,test/manipulated_front/010.png,2.282686
patchcore_r18_1,screw,2,full,test,manipulated_front,test/manipulated_front/011.png,1.792686
patchcore_r18_1,screw,2,full,test,manipulated_front,test/manipulated_front/012.png,1.912741
patchcore_r18_1,screw,2,full,test,manipulated_front,test/manipulated_front/013.png,1.903197
patchcore_r18_1,screw,2,full,test,manipulated_front,test/manipulated_front/014.png,1.930821
patchcore_r18_1,screw,2,full,test,manipulated_front,test/manipulated_front/015.png,2.107969
patchcore_r18_1,screw,2,full,test,manipulated_front,test/manipulated_front/016.png,2.046179
patchcore_r18_1,screw,2,full,test,manipulated_front,test/manipulated_front/017.png,1.697335
patchcore_r18_1,screw,2,full,test,manipulated_front,test/manipulated_front/018.png,2.005063
patchcore_r18_1,screw,2,full,test,manipulated_front,test/manipulated_front/019.png,1.819465
patchcore_r18_1,screw,2,full,test,manipulated_front,test/manipulated_front/020.png,1.779597
patchcore_r18_1,screw,2,full,test,manipulated_front,test/manipulated_front/021.png,1.770995
patchcore_r18_1,screw,2,full,test,manipulated_front,test/manipulated_front/022.png,1.920160
patchcore_r18_1,screw,2,full,test,manipulated_front,test/manipulated_front/023.png,1.976489
patchcore_r18_1,screw,2,full,test,scratch_head,test/scratch_head/000.png,2.123822
patchcore_r18_1,screw,2,full,test,scratch_head,test/scratch_head/001.png,2.043233
patchcore_r18_1,screw,2,full,test,scratch_head,test/scratch_head/002.png,1.883745
patchcore_r18_1,screw,2,full,test,scratch_head,test/scratch_head/003.png,1.848616
patchcore_r18_1,screw,2,full,test,scratch_head,test/scratch_head/004.png,2.118948
patchcore_r18_1,screw,2,full,test,scratch_head,test/scratch_head/005.png,1.972779
patchcore_r18_1,screw,2,full,test,scratch_head,test/scratch_head/006.png,1.992619
patchcore_r18_1,screw,2,full,test,scratch_head,test/scratch_head/007.png,2.011484
patchcore_r18_1,screw,2,full,test,scratch_head,test/scratch_head/008.png,1.921919
patchcore_r18_1,screw,2,full,test,scratch_head,test/scratch_head/009.png,1.826274
patchcore_r18_1,screw,2,full,test,scratch_head,test/scratch_head/010.png,1.989214
patchcore_r18_1,screw,2,full,test,scratch_head,test/scratch_head/011.png,2.225612
patchcore_r18_1,screw,2,full,test,scratch_head,test/scratch_head/012.png,2.163068
patchcore_r18_1,screw,2,full,test,scratch_head,test/scratch_head/013.png,2.050291
patchcore_r18_1,screw,2,full,test,scratch_head,test/scratch_head/014.png,1.969225
patchcore_r18_1,screw,2,full,test,scratch_head,test/scratch_head/015.png,2.266570
patchcore_r18_1,screw,2,full,test,scratch_head,test/scratch_head/016.png,1.996769
patchcore_r18_1,screw,2,full,test,scratch_head,test/scratch_head/017.png,1.973628
patchcore_r18_1,screw,2,full,test,scratch_head,test/scratch_head/018.png,1.856929
patchcore_r18_1,screw,2,full,test,scratch_head,test/scratch_head/019.png,2.343286
patchcore_r18_1,screw,2,full,test,scratch_head,test/scratch_head/020.png,1.829794
patchcore_r18_1,screw,2,full,test,scratch_head,test/scratch_head/021.png,1.883326
patchcore_r18_1,screw,2,full,test,scratch_head,test/scratch_head/022.png,1.999900
patchcore_r18_1,screw,2,full,test,scratch_head,test/scratch_head/023.png,1.992750
patchcore_r18_1,screw,2,full,test,scratch_neck,test/scratch_neck/000.png,1.945994
patchcore_r18_1,screw,2,full,test,scratch_neck,test/scratch_neck/001.png,2.652156
patchcore_r18_1,screw,2,full,test,scratch_neck,test/scratch_neck/002.png,1.890765
patchcore_r18_1,screw,2,full,test,scratch_neck,test/scratch_neck/003.png,2.497811
patchcore_r18_1,screw,2,full,test,scratch_neck,test/scratch_neck/004.png,2.308537
patchcore_r18_1,screw,2,full,test,scratch_neck,test/scratch_neck/005.png,1.873431
patchcore_r18_1,screw,2,full,test,scratch_neck,test/scratch_neck/006.png,2.090569
patchcore_r18_1,screw,2,full,test,scratch_neck,test/scratch_neck/007.png,2.245027
patchcore_r18_1,screw,2,full,test,scratch_neck,test/scratch_neck/008.png,2.778015
patchcore_r18_1,screw,2,full,test,scratch_neck,test/scratch_neck/009.png,2.760206
patchcore_r18_1,screw,2,full,test,scratch_neck,test/scratch_neck/010.png,2.269863
patchcore_r18_1,screw,2,full,test,scratch_neck,test/scratch_neck/011.png,1.889998
patchcore_r18_1,screw,2,full,test,scratch_neck,test/scratch_neck/012.png,2.095230
patchcore_r18_1,screw,2,full,test,scratch_neck,test/scratch_neck/013.png,2.321486
patchcore_r18_1,screw,2,full,test,scratch_neck,test/scratch_neck/014.png,2.231823
patchcore_r18_1,screw,2,full,test,scratch_neck,test/scratch_neck/015.png,2.220980
patchcore_r18_1,screw,2,full,test,scratch_neck,test/scratch_neck/016.png,2.476456
patchcore_r18_1,screw,2,full,test,scratch_neck,test/scratch_neck/017.png,2.098518
patchcore_r18_1,screw,2,full,test,scratch_neck,test/scratch_neck/018.png,2.241517
patchcore_r18_1,screw,2,full,test,scratch_neck,test/scratch_neck/019.png,2.281414
patchcore_r18_1,screw,2,full,test,scratch_neck,test/scratch_neck/020.png,2.706132
patchcore_r18_1,screw,2,full,test,scratch_neck,test/scratch_neck/021.png,1.981978
patchcore_r18_1,screw,2,full,test,scratch_neck,test/scratch_neck/022.png,2.347629
patchcore_r18_1,screw,2,full,test,scratch_neck,test/scratch_neck/023.png,1.999899
patchcore_r18_1,screw,2,full,test,scratch_neck,test/scratch_neck/024.png,2.547514
patchcore_r18_1,screw,2,full,test,thread_side,test/thread_side/000.png,1.741215
patchcore_r18_1,screw,2,full,test,thread_side,test/thread_side/001.png,1.876138
patchcore_r18_1,screw,2,full,test,thread_side,test/thread_side/002.png,1.953555
patchcore_r18_1,screw,2,full,test,thread_side,test/thread_side/003.png,1.794999
patchcore_r18_1,screw,2,full,test,thread_side,test/thread_side/004.png,1.927238
patchcore_r18_1,screw,2,full,test,thread_side,test/thread_side/005.png,2.210619
patchcore_r18_1,screw,2,full,test,thread_side,test/thread_side/006.png,1.861082
patchcore_r18_1,screw,2,full,test,thread_side,test/thread_side/007.png,1.937456
patchcore_r18_1,screw,2,full,test,thread_side,test/thread_side/008.png,1.820266
patchcore_r18_1,screw,2,full,test,thread_side,test/thread_side/009.png,1.754518
patchcore_r18_1,screw,2,full,test,thread_side,test/thread_side/010.png,1.789965
patchcore_r18_1,screw,2,full,test,thread_side,test/thread_side/011.png,1.770267
patchcore_r18_1,screw,2,full,test,thread_side,test/thread_side/012.png,1.669282
patchcore_r18_1,screw,2,full,test,thread_side,test/thread_side/013.png,1.826549
patchcore_r18_1,screw,2,full,test,thread_side,test/thread_side/014.png,1.917634
patchcore_r18_1,screw,2,full,test,thread_side,test/thread_side/015.png,1.835504
patchcore_r18_1,screw,2,full,test,thread_side,test/thread_side/016.png,1.994325
patchcore_r18_1,screw,2,full,test,thread_side,test/thread_side/017.png,2.018268
patchcore_r18_1,screw,2,full,test,thread_side,test/thread_side/018.png,1.785350
patchcore_r18_1,screw,2,full,test,thread_side,test/thread_side/019.png,1.843729
patchcore_r18_1,screw,2,full,test,thread_side,test/thread_side/020.png,1.805713
patchcore_r18_1,screw,2,full,test,thread_side,test/thread_side/021.png,1.974003
patchcore_r18_1,screw,2,full,test,thread_side,test/thread_side/022.png,1.828046
patchcore_r18_1,screw,2,full,test,thread_top,test/thread_top/000.png,2.060929
patchcore_r18_1,screw,2,full,test,thread_top,test/thread_top/001.png,2.147848
patchcore_r18_1,screw,2,full,test,thread_top,test/thread_top/002.png,2.138141
patchcore_r18_1,screw,2,full,test,thread_top,test/thread_top/003.png,1.797582
patchcore_r18_1,screw,2,full,test,thread_top,test/thread_top/004.png,1.946309
patchcore_r18_1,screw,2,full,test,thread_top,test/thread_top/005.png,2.369536
patchcore_r18_1,screw,2,full,test,thread_top,test/thread_top/006.png,2.204086
patchcore_r18_1,screw,2,full,test,thread_top,test/thread_top/007.png,2.366938
patchcore_r18_1,screw,2,full,test,thread_top,test/thread_top/008.png,1.869672
patchcore_r18_1,screw,2,full,test,thread_top,test/thread_top/009.png,2.055795
patchcore_r18_1,screw,2,full,test,thread_top,test/thread_top/010.png,2.057360
patchcore_r18_1,screw,2,full,test,thread_top,test/thread_top/011.png,2.198443
patchcore_r18_1,screw,2,full,test,thread_top,test/thread_top/012.png,1.900918
patchcore_r18_1,screw,2,full,test,thread_top,test/thread_top/013.png,2.102519
patchcore_r18_1,screw,2,full,test,thread_top,test/thread_top/014.png,1.790675
patchcore_r18_1,screw,2,full,test,thread_top,test/thread_top/015.png,1.916445
patchcore_r18_1,screw,2,full,test,thread_top,test/thread_top/016.png,2.125233
patchcore_r18_1,screw,2,full,test,thread_top,test/thread_top/017.png,1.931203
patchcore_r18_1,screw,2,full,test,thread_top,test/thread_top/018.png,2.118780
patchcore_r18_1,screw,2,full,test,thread_top,test/thread_top/019.png,2.449326
patchcore_r18_1,screw,2,full,test,thread_top,test/thread_top/020.png,2.109787
patchcore_r18_1,screw,2,full,test,thread_top,test/thread_top/021.png,2.043884
patchcore_r18_1,screw,2,full,test,thread_top,test/thread_top/022.png,1.924161
patchcore_r18_1,screw,2,gate,calibration,good,train/good/011.png,1.850509
patchcore_r18_1,screw,2,gate,calibration,good,train/good/012.png,1.742833
patchcore_r18_1,screw,2,gate,calibration,good,train/good/023.png,1.773345
patchcore_r18_1,screw,2,gate,calibration,good,train/good/026.png,1.737348
patchcore_r18_1,screw,2,gate,calibration,good,train/good/031.png,1.796574
patchcore_r18_1,screw,2,gate,calibration,good,train/good/032.png,1.787931
patchcore_r18_1,screw,2,gate,calibration,good,train/good/048.png,1.708632
patchcore_r18_1,screw,2,gate,calibration,good,train/good/050.png,1.743621
patchcore_r18_1,screw,2,gate,calibration,good,train/good/052.png,1.894244
patchcore_r18_1,screw,2,gate,calibration,good,train/good/053.png,1.747654
patchcore_r18_1,screw,2,gate,calibration,good,train/good/067.png,1.697625
patchcore_r18_1,screw,2,gate,calibration,good,train/good/071.png,1.788332
patchcore_r18_1,screw,2,gate,calibration,good,train/good/078.png,1.735658
patchcore_r18_1,screw,2,gate,calibration,good,train/good/079.png,1.846866
patchcore_r18_1,screw,2,gate,calibration,good,train/good/081.png,1.769817
patchcore_r18_1,screw,2,gate,calibration,good,train/good/082.png,1.763829
patchcore_r18_1,screw,2,gate,calibration,good,train/good/090.png,1.889823
patchcore_r18_1,screw,2,gate,calibration,good,train/good/098.png,1.880506
patchcore_r18_1,screw,2,gate,calibration,good,train/good/113.png,1.773050
patchcore_r18_1,screw,2,gate,calibration,good,train/good/114.png,2.080010
patchcore_r18_1,screw,2,gate,calibration,good,train/good/118.png,1.855783
patchcore_r18_1,screw,2,gate,calibration,good,train/good/126.png,1.802679
patchcore_r18_1,screw,2,gate,calibration,good,train/good/127.png,1.869117
patchcore_r18_1,screw,2,gate,calibration,good,train/good/130.png,1.776382
patchcore_r18_1,screw,2,gate,calibration,good,train/good/134.png,1.950027
patchcore_r18_1,screw,2,gate,calibration,good,train/good/135.png,1.757809
patchcore_r18_1,screw,2,gate,calibration,good,train/good/154.png,1.802340
patchcore_r18_1,screw,2,gate,calibration,good,train/good/155.png,1.810944
patchcore_r18_1,screw,2,gate,calibration,good,train/good/157.png,1.808161
patchcore_r18_1,screw,2,gate,calibration,good,train/good/166.png,1.796196
patchcore_r18_1,screw,2,gate,calibration,good,train/good/168.png,1.814001
patchcore_r18_1,screw,2,gate,calibration,good,train/good/169.png,1.784403
patchcore_r18_1,screw,2,gate,calibration,good,train/good/172.png,1.912557
patchcore_r18_1,screw,2,gate,calibration,good,train/good/179.png,1.687976
patchcore_r18_1,screw,2,gate,calibration,good,train/good/186.png,1.857218
patchcore_r18_1,screw,2,gate,calibration,good,train/good/196.png,1.779852
patchcore_r18_1,screw,2,gate,calibration,good,train/good/200.png,1.798517
patchcore_r18_1,screw,2,gate,calibration,good,train/good/206.png,1.794977
patchcore_r18_1,screw,2,gate,calibration,good,train/good/209.png,1.765097
patchcore_r18_1,screw,2,gate,calibration,good,train/good/210.png,1.836185
patchcore_r18_1,screw,2,gate,calibration,good,train/good/215.png,1.775823
patchcore_r18_1,screw,2,gate,calibration,good,train/good/222.png,1.809238
patchcore_r18_1,screw,2,gate,calibration,good,train/good/229.png,1.774531
patchcore_r18_1,screw,2,gate,calibration,good,train/good/230.png,1.704025
patchcore_r18_1,screw,2,gate,calibration,good,train/good/231.png,1.768137
patchcore_r18_1,screw,2,gate,calibration,good,train/good/238.png,2.017099
patchcore_r18_1,screw,2,gate,calibration,good,train/good/244.png,1.823952
patchcore_r18_1,screw,2,gate,calibration,good,train/good/250.png,1.703622
patchcore_r18_1,screw,2,gate,calibration,good,train/good/263.png,1.948094
patchcore_r18_1,screw,2,gate,calibration,good,train/good/269.png,1.796809
patchcore_r18_1,screw,2,gate,calibration,good,train/good/271.png,1.734688
patchcore_r18_1,screw,2,gate,calibration,good,train/good/272.png,1.905941
patchcore_r18_1,screw,2,gate,calibration,good,train/good/275.png,1.704241
patchcore_r18_1,screw,2,gate,calibration,good,train/good/279.png,1.768652
patchcore_r18_1,screw,2,gate,calibration,good,train/good/282.png,1.805037
patchcore_r18_1,screw,2,gate,calibration,good,train/good/289.png,1.970904
patchcore_r18_1,screw,2,gate,calibration,good,train/good/291.png,1.936793
patchcore_r18_1,screw,2,gate,calibration,good,train/good/292.png,1.784157
patchcore_r18_1,screw,2,gate,calibration,good,train/good/298.png,1.724044
patchcore_r18_1,screw,2,gate,calibration,good,train/good/300.png,1.773461
patchcore_r18_1,screw,2,gate,calibration,good,train/good/305.png,1.726220
patchcore_r18_1,screw,2,gate,calibration,good,train/good/308.png,1.704145
patchcore_r18_1,screw,2,gate,calibration,good,train/good/310.png,1.661060
patchcore_r18_1,screw,2,gate,calibration,good,train/good/313.png,1.778156
patchcore_r18_1,screw,2,gate,test,good,test/good/000.png,1.755737
patchcore_r18_1,screw,2,gate,test,good,test/good/001.png,1.804574
patchcore_r18_1,screw,2,gate,test,good,test/good/002.png,1.719100
patchcore_r18_1,screw,2,gate,test,good,test/good/003.png,1.845798
patchcore_r18_1,screw,2,gate,test,good,test/good/004.png,2.129710
patchcore_r18_1,screw,2,gate,test,good,test/good/005.png,1.871948
patchcore_r18_1,screw,2,gate,test,good,test/good/006.png,1.659124
patchcore_r18_1,screw,2,gate,test,good,test/good/007.png,1.905486
patchcore_r18_1,screw,2,gate,test,good,test/good/008.png,1.810104
patchcore_r18_1,screw,2,gate,test,good,test/good/009.png,1.818793
patchcore_r18_1,screw,2,gate,test,good,test/good/010.png,1.842323
patchcore_r18_1,screw,2,gate,test,good,test/good/011.png,1.834547
patchcore_r18_1,screw,2,gate,test,good,test/good/012.png,1.828586
patchcore_r18_1,screw,2,gate,test,good,test/good/013.png,1.747269
patchcore_r18_1,screw,2,gate,test,good,test/good/014.png,1.798290
patchcore_r18_1,screw,2,gate,test,good,test/good/015.png,1.834019
patchcore_r18_1,screw,2,gate,test,good,test/good/016.png,1.830854
patchcore_r18_1,screw,2,gate,test,good,test/good/017.png,1.773389
patchcore_r18_1,screw,2,gate,test,good,test/good/018.png,1.800932
patchcore_r18_1,screw,2,gate,test,good,test/good/019.png,1.788449
patchcore_r18_1,screw,2,gate,test,good,test/good/020.png,1.714444
patchcore_r18_1,screw,2,gate,test,good,test/good/021.png,1.758682
patchcore_r18_1,screw,2,gate,test,good,test/good/022.png,1.876074
patchcore_r18_1,screw,2,gate,test,good,test/good/023.png,1.796580
patchcore_r18_1,screw,2,gate,test,good,test/good/024.png,1.847034
patchcore_r18_1,screw,2,gate,test,good,test/good/025.png,1.722285
patchcore_r18_1,screw,2,gate,test,good,test/good/026.png,1.829218
patchcore_r18_1,screw,2,gate,test,good,test/good/027.png,1.760141
patchcore_r18_1,screw,2,gate,test,good,test/good/028.png,1.726874
patchcore_r18_1,screw,2,gate,test,good,test/good/029.png,1.766262
patchcore_r18_1,screw,2,gate,test,good,test/good/030.png,1.767039
patchcore_r18_1,screw,2,gate,test,good,test/good/031.png,1.835999
patchcore_r18_1,screw,2,gate,test,good,test/good/032.png,1.822367
patchcore_r18_1,screw,2,gate,test,good,test/good/033.png,1.819337
patchcore_r18_1,screw,2,gate,test,good,test/good/034.png,1.710330
patchcore_r18_1,screw,2,gate,test,good,test/good/035.png,1.712232
patchcore_r18_1,screw,2,gate,test,good,test/good/036.png,1.753457
patchcore_r18_1,screw,2,gate,test,good,test/good/037.png,1.824828
patchcore_r18_1,screw,2,gate,test,good,test/good/038.png,1.779996
patchcore_r18_1,screw,2,gate,test,good,test/good/039.png,1.875354
patchcore_r18_1,screw,2,gate,test,good,test/good/040.png,1.771369
patchcore_r18_1,screw,2,gate,test,manipulated_front,test/manipulated_front/000.png,2.006917
patchcore_r18_1,screw,2,gate,test,manipulated_front,test/manipulated_front/001.png,1.912479
patchcore_r18_1,screw,2,gate,test,manipulated_front,test/manipulated_front/002.png,2.276411
patchcore_r18_1,screw,2,gate,test,manipulated_front,test/manipulated_front/003.png,2.162162
patchcore_r18_1,screw,2,gate,test,manipulated_front,test/manipulated_front/004.png,2.130800
patchcore_r18_1,screw,2,gate,test,manipulated_front,test/manipulated_front/005.png,2.284675
patchcore_r18_1,screw,2,gate,test,manipulated_front,test/manipulated_front/006.png,2.075372
patchcore_r18_1,screw,2,gate,test,manipulated_front,test/manipulated_front/007.png,2.363223
patchcore_r18_1,screw,2,gate,test,manipulated_front,test/manipulated_front/008.png,2.145047
patchcore_r18_1,screw,2,gate,test,manipulated_front,test/manipulated_front/009.png,2.014497
patchcore_r18_1,screw,2,gate,test,manipulated_front,test/manipulated_front/010.png,2.397866
patchcore_r18_1,screw,2,gate,test,manipulated_front,test/manipulated_front/011.png,1.902341
patchcore_r18_1,screw,2,gate,test,manipulated_front,test/manipulated_front/012.png,2.180983
patchcore_r18_1,screw,2,gate,test,manipulated_front,test/manipulated_front/013.png,1.851338
patchcore_r18_1,screw,2,gate,test,manipulated_front,test/manipulated_front/014.png,1.977095
patchcore_r18_1,screw,2,gate,test,manipulated_front,test/manipulated_front/015.png,2.082400
patchcore_r18_1,screw,2,gate,test,manipulated_front,test/manipulated_front/016.png,2.160373
patchcore_r18_1,screw,2,gate,test,manipulated_front,test/manipulated_front/017.png,1.770180
patchcore_r18_1,screw,2,gate,test,manipulated_front,test/manipulated_front/018.png,2.020695
patchcore_r18_1,screw,2,gate,test,manipulated_front,test/manipulated_front/019.png,1.943026
patchcore_r18_1,screw,2,gate,test,manipulated_front,test/manipulated_front/020.png,1.809526
patchcore_r18_1,screw,2,gate,test,manipulated_front,test/manipulated_front/021.png,1.777326
patchcore_r18_1,screw,2,gate,test,manipulated_front,test/manipulated_front/022.png,1.970181
patchcore_r18_1,screw,2,gate,test,manipulated_front,test/manipulated_front/023.png,2.011618
patchcore_r18_1,screw,2,gate,test,scratch_head,test/scratch_head/000.png,2.076681
patchcore_r18_1,screw,2,gate,test,scratch_head,test/scratch_head/001.png,2.241229
patchcore_r18_1,screw,2,gate,test,scratch_head,test/scratch_head/002.png,2.002332
patchcore_r18_1,screw,2,gate,test,scratch_head,test/scratch_head/003.png,1.928517
patchcore_r18_1,screw,2,gate,test,scratch_head,test/scratch_head/004.png,2.057348
patchcore_r18_1,screw,2,gate,test,scratch_head,test/scratch_head/005.png,2.166051
patchcore_r18_1,screw,2,gate,test,scratch_head,test/scratch_head/006.png,1.975327
patchcore_r18_1,screw,2,gate,test,scratch_head,test/scratch_head/007.png,2.104240
patchcore_r18_1,screw,2,gate,test,scratch_head,test/scratch_head/008.png,1.988300
patchcore_r18_1,screw,2,gate,test,scratch_head,test/scratch_head/009.png,1.989123
patchcore_r18_1,screw,2,gate,test,scratch_head,test/scratch_head/010.png,2.047166
patchcore_r18_1,screw,2,gate,test,scratch_head,test/scratch_head/011.png,2.334615
patchcore_r18_1,screw,2,gate,test,scratch_head,test/scratch_head/012.png,2.334755
patchcore_r18_1,screw,2,gate,test,scratch_head,test/scratch_head/013.png,2.052708
patchcore_r18_1,screw,2,gate,test,scratch_head,test/scratch_head/014.png,1.869772
patchcore_r18_1,screw,2,gate,test,scratch_head,test/scratch_head/015.png,2.267009
patchcore_r18_1,screw,2,gate,test,scratch_head,test/scratch_head/016.png,2.193460
patchcore_r18_1,screw,2,gate,test,scratch_head,test/scratch_head/017.png,1.943804
patchcore_r18_1,screw,2,gate,test,scratch_head,test/scratch_head/018.png,1.810581
patchcore_r18_1,screw,2,gate,test,scratch_head,test/scratch_head/019.png,2.308739
patchcore_r18_1,screw,2,gate,test,scratch_head,test/scratch_head/020.png,1.949093
patchcore_r18_1,screw,2,gate,test,scratch_head,test/scratch_head/021.png,1.954926
patchcore_r18_1,screw,2,gate,test,scratch_head,test/scratch_head/022.png,1.944836
patchcore_r18_1,screw,2,gate,test,scratch_head,test/scratch_head/023.png,2.075751
patchcore_r18_1,screw,2,gate,test,scratch_neck,test/scratch_neck/000.png,2.046737
patchcore_r18_1,screw,2,gate,test,scratch_neck,test/scratch_neck/001.png,2.702767
patchcore_r18_1,screw,2,gate,test,scratch_neck,test/scratch_neck/002.png,1.816052
patchcore_r18_1,screw,2,gate,test,scratch_neck,test/scratch_neck/003.png,2.521660
patchcore_r18_1,screw,2,gate,test,scratch_neck,test/scratch_neck/004.png,2.444816
patchcore_r18_1,screw,2,gate,test,scratch_neck,test/scratch_neck/005.png,1.934896
patchcore_r18_1,screw,2,gate,test,scratch_neck,test/scratch_neck/006.png,2.036147
patchcore_r18_1,screw,2,gate,test,scratch_neck,test/scratch_neck/007.png,2.336511
patchcore_r18_1,screw,2,gate,test,scratch_neck,test/scratch_neck/008.png,2.788806
patchcore_r18_1,screw,2,gate,test,scratch_neck,test/scratch_neck/009.png,2.693387
patchcore_r18_1,screw,2,gate,test,scratch_neck,test/scratch_neck/010.png,2.344214
patchcore_r18_1,screw,2,gate,test,scratch_neck,test/scratch_neck/011.png,1.855030
patchcore_r18_1,screw,2,gate,test,scratch_neck,test/scratch_neck/012.png,2.044485
patchcore_r18_1,screw,2,gate,test,scratch_neck,test/scratch_neck/013.png,2.239116
patchcore_r18_1,screw,2,gate,test,scratch_neck,test/scratch_neck/014.png,2.231823
patchcore_r18_1,screw,2,gate,test,scratch_neck,test/scratch_neck/015.png,2.229760
patchcore_r18_1,screw,2,gate,test,scratch_neck,test/scratch_neck/016.png,2.394620
patchcore_r18_1,screw,2,gate,test,scratch_neck,test/scratch_neck/017.png,1.976904
patchcore_r18_1,screw,2,gate,test,scratch_neck,test/scratch_neck/018.png,2.219279
patchcore_r18_1,screw,2,gate,test,scratch_neck,test/scratch_neck/019.png,2.327956
patchcore_r18_1,screw,2,gate,test,scratch_neck,test/scratch_neck/020.png,2.773748
patchcore_r18_1,screw,2,gate,test,scratch_neck,test/scratch_neck/021.png,1.881131
patchcore_r18_1,screw,2,gate,test,scratch_neck,test/scratch_neck/022.png,2.243534
patchcore_r18_1,screw,2,gate,test,scratch_neck,test/scratch_neck/023.png,1.904831
patchcore_r18_1,screw,2,gate,test,scratch_neck,test/scratch_neck/024.png,2.509806
patchcore_r18_1,screw,2,gate,test,thread_side,test/thread_side/000.png,1.846552
patchcore_r18_1,screw,2,gate,test,thread_side,test/thread_side/001.png,1.896443
patchcore_r18_1,screw,2,gate,test,thread_side,test/thread_side/002.png,1.925660
patchcore_r18_1,screw,2,gate,test,thread_side,test/thread_side/003.png,1.966580
patchcore_r18_1,screw,2,gate,test,thread_side,test/thread_side/004.png,1.889144
patchcore_r18_1,screw,2,gate,test,thread_side,test/thread_side/005.png,2.170557
patchcore_r18_1,screw,2,gate,test,thread_side,test/thread_side/006.png,1.921845
patchcore_r18_1,screw,2,gate,test,thread_side,test/thread_side/007.png,1.952141
patchcore_r18_1,screw,2,gate,test,thread_side,test/thread_side/008.png,1.962590
patchcore_r18_1,screw,2,gate,test,thread_side,test/thread_side/009.png,1.877361
patchcore_r18_1,screw,2,gate,test,thread_side,test/thread_side/010.png,1.792683
patchcore_r18_1,screw,2,gate,test,thread_side,test/thread_side/011.png,1.888075
patchcore_r18_1,screw,2,gate,test,thread_side,test/thread_side/012.png,1.738399
patchcore_r18_1,screw,2,gate,test,thread_side,test/thread_side/013.png,1.846485
patchcore_r18_1,screw,2,gate,test,thread_side,test/thread_side/014.png,1.981458
patchcore_r18_1,screw,2,gate,test,thread_side,test/thread_side/015.png,1.926904
patchcore_r18_1,screw,2,gate,test,thread_side,test/thread_side/016.png,2.077750
patchcore_r18_1,screw,2,gate,test,thread_side,test/thread_side/017.png,2.014277
patchcore_r18_1,screw,2,gate,test,thread_side,test/thread_side/018.png,1.825002
patchcore_r18_1,screw,2,gate,test,thread_side,test/thread_side/019.png,1.883532
patchcore_r18_1,screw,2,gate,test,thread_side,test/thread_side/020.png,1.827923
patchcore_r18_1,screw,2,gate,test,thread_side,test/thread_side/021.png,2.075351
patchcore_r18_1,screw,2,gate,test,thread_side,test/thread_side/022.png,2.060274
patchcore_r18_1,screw,2,gate,test,thread_top,test/thread_top/000.png,2.155503
patchcore_r18_1,screw,2,gate,test,thread_top,test/thread_top/001.png,2.217516
patchcore_r18_1,screw,2,gate,test,thread_top,test/thread_top/002.png,2.085195
patchcore_r18_1,screw,2,gate,test,thread_top,test/thread_top/003.png,1.768517
patchcore_r18_1,screw,2,gate,test,thread_top,test/thread_top/004.png,1.946309
patchcore_r18_1,screw,2,gate,test,thread_top,test/thread_top/005.png,2.430400
patchcore_r18_1,screw,2,gate,test,thread_top,test/thread_top/006.png,2.152416
patchcore_r18_1,screw,2,gate,test,thread_top,test/thread_top/007.png,2.413072
patchcore_r18_1,screw,2,gate,test,thread_top,test/thread_top/008.png,1.897916
patchcore_r18_1,screw,2,gate,test,thread_top,test/thread_top/009.png,2.054777
patchcore_r18_1,screw,2,gate,test,thread_top,test/thread_top/010.png,2.062635
patchcore_r18_1,screw,2,gate,test,thread_top,test/thread_top/011.png,2.300409
patchcore_r18_1,screw,2,gate,test,thread_top,test/thread_top/012.png,2.100543
patchcore_r18_1,screw,2,gate,test,thread_top,test/thread_top/013.png,2.087679
patchcore_r18_1,screw,2,gate,test,thread_top,test/thread_top/014.png,1.816729
patchcore_r18_1,screw,2,gate,test,thread_top,test/thread_top/015.png,1.938304
patchcore_r18_1,screw,2,gate,test,thread_top,test/thread_top/016.png,2.125233
patchcore_r18_1,screw,2,gate,test,thread_top,test/thread_top/017.png,1.887073
patchcore_r18_1,screw,2,gate,test,thread_top,test/thread_top/018.png,1.980454
patchcore_r18_1,screw,2,gate,test,thread_top,test/thread_top/019.png,2.468781
patchcore_r18_1,screw,2,gate,test,thread_top,test/thread_top/020.png,2.219936
patchcore_r18_1,screw,2,gate,test,thread_top,test/thread_top/021.png,2.105768
patchcore_r18_1,screw,2,gate,test,thread_top,test/thread_top/022.png,2.069855
patchcore_r18_1,zipper,0,full,test,broken_teeth,test/broken_teeth/000.png,1.647662
patchcore_r18_1,zipper,0,full,test,broken_teeth,test/broken_teeth/001.png,1.830102
patchcore_r18_1,zipper,0,full,test,broken_teeth,test/broken_teeth/002.png,1.561506
patchcore_r18_1,zipper,0,full,test,broken_teeth,test/broken_teeth/003.png,2.069825
patchcore_r18_1,zipper,0,full,test,broken_teeth,test/broken_teeth/004.png,1.732815
patchcore_r18_1,zipper,0,full,test,broken_teeth,test/broken_teeth/005.png,1.704196
patchcore_r18_1,zipper,0,full,test,broken_teeth,test/broken_teeth/006.png,1.841922
patchcore_r18_1,zipper,0,full,test,broken_teeth,test/broken_teeth/007.png,2.147355
patchcore_r18_1,zipper,0,full,test,broken_teeth,test/broken_teeth/008.png,1.838886
patchcore_r18_1,zipper,0,full,test,broken_teeth,test/broken_teeth/009.png,1.396964
patchcore_r18_1,zipper,0,full,test,broken_teeth,test/broken_teeth/010.png,1.848181
patchcore_r18_1,zipper,0,full,test,broken_teeth,test/broken_teeth/011.png,2.093305
patchcore_r18_1,zipper,0,full,test,broken_teeth,test/broken_teeth/012.png,1.819125
patchcore_r18_1,zipper,0,full,test,broken_teeth,test/broken_teeth/013.png,2.156345
patchcore_r18_1,zipper,0,full,test,broken_teeth,test/broken_teeth/014.png,1.692645
patchcore_r18_1,zipper,0,full,test,broken_teeth,test/broken_teeth/015.png,1.648277
patchcore_r18_1,zipper,0,full,test,broken_teeth,test/broken_teeth/016.png,1.507857
patchcore_r18_1,zipper,0,full,test,broken_teeth,test/broken_teeth/017.png,2.302483
patchcore_r18_1,zipper,0,full,test,broken_teeth,test/broken_teeth/018.png,2.119596
patchcore_r18_1,zipper,0,full,test,combined,test/combined/000.png,2.107771
patchcore_r18_1,zipper,0,full,test,combined,test/combined/001.png,1.807573
patchcore_r18_1,zipper,0,full,test,combined,test/combined/002.png,1.679524
patchcore_r18_1,zipper,0,full,test,combined,test/combined/003.png,2.213322
patchcore_r18_1,zipper,0,full,test,combined,test/combined/004.png,1.872155
patchcore_r18_1,zipper,0,full,test,combined,test/combined/005.png,2.240996
patchcore_r18_1,zipper,0,full,test,combined,test/combined/006.png,3.281248
patchcore_r18_1,zipper,0,full,test,combined,test/combined/007.png,1.864611
patchcore_r18_1,zipper,0,full,test,combined,test/combined/008.png,1.898426
patchcore_r18_1,zipper,0,full,test,combined,test/combined/009.png,1.984074
patchcore_r18_1,zipper,0,full,test,combined,test/combined/010.png,2.813819
patchcore_r18_1,zipper,0,full,test,combined,test/combined/011.png,2.547701
patchcore_r18_1,zipper,0,full,test,combined,test/combined/012.png,1.988860
patchcore_r18_1,zipper,0,full,test,combined,test/combined/013.png,2.431625
patchcore_r18_1,zipper,0,full,test,combined,test/combined/014.png,1.710403
patchcore_r18_1,zipper,0,full,test,combined,test/combined/015.png,2.574660
patchcore_r18_1,zipper,0,full,test,fabric_border,test/fabric_border/000.png,2.299981
patchcore_r18_1,zipper,0,full,test,fabric_border,test/fabric_border/001.png,2.837523
patchcore_r18_1,zipper,0,full,test,fabric_border,test/fabric_border/002.png,1.956498
patchcore_r18_1,zipper,0,full,test,fabric_border,test/fabric_border/003.png,2.616107
patchcore_r18_1,zipper,0,full,test,fabric_border,test/fabric_border/004.png,2.705212
patchcore_r18_1,zipper,0,full,test,fabric_border,test/fabric_border/005.png,3.532143
patchcore_r18_1,zipper,0,full,test,fabric_border,test/fabric_border/006.png,2.427310
patchcore_r18_1,zipper,0,full,test,fabric_border,test/fabric_border/007.png,2.380512
patchcore_r18_1,zipper,0,full,test,fabric_border,test/fabric_border/008.png,2.284643
patchcore_r18_1,zipper,0,full,test,fabric_border,test/fabric_border/009.png,2.733735
patchcore_r18_1,zipper,0,full,test,fabric_border,test/fabric_border/010.png,2.647105
patchcore_r18_1,zipper,0,full,test,fabric_border,test/fabric_border/011.png,2.611833
patchcore_r18_1,zipper,0,full,test,fabric_border,test/fabric_border/012.png,2.142702
patchcore_r18_1,zipper,0,full,test,fabric_border,test/fabric_border/013.png,2.409212
patchcore_r18_1,zipper,0,full,test,fabric_border,test/fabric_border/014.png,2.515248
patchcore_r18_1,zipper,0,full,test,fabric_border,test/fabric_border/015.png,2.505708
patchcore_r18_1,zipper,0,full,test,fabric_border,test/fabric_border/016.png,2.657610
patchcore_r18_1,zipper,0,full,test,fabric_interior,test/fabric_interior/000.png,1.796947
patchcore_r18_1,zipper,0,full,test,fabric_interior,test/fabric_interior/001.png,1.482289
patchcore_r18_1,zipper,0,full,test,fabric_interior,test/fabric_interior/002.png,1.801835
patchcore_r18_1,zipper,0,full,test,fabric_interior,test/fabric_interior/003.png,1.715937
patchcore_r18_1,zipper,0,full,test,fabric_interior,test/fabric_interior/004.png,1.946427
patchcore_r18_1,zipper,0,full,test,fabric_interior,test/fabric_interior/005.png,1.640977
patchcore_r18_1,zipper,0,full,test,fabric_interior,test/fabric_interior/006.png,1.910002
patchcore_r18_1,zipper,0,full,test,fabric_interior,test/fabric_interior/007.png,1.235527
patchcore_r18_1,zipper,0,full,test,fabric_interior,test/fabric_interior/008.png,1.829364
patchcore_r18_1,zipper,0,full,test,fabric_interior,test/fabric_interior/009.png,1.601009
patchcore_r18_1,zipper,0,full,test,fabric_interior,test/fabric_interior/010.png,1.517232
patchcore_r18_1,zipper,0,full,test,fabric_interior,test/fabric_interior/011.png,1.719953
patchcore_r18_1,zipper,0,full,test,fabric_interior,test/fabric_interior/012.png,1.520149
patchcore_r18_1,zipper,0,full,test,fabric_interior,test/fabric_interior/013.png,1.783876
patchcore_r18_1,zipper,0,full,test,fabric_interior,test/fabric_interior/014.png,1.790707
patchcore_r18_1,zipper,0,full,test,fabric_interior,test/fabric_interior/015.png,1.630257
patchcore_r18_1,zipper,0,full,test,good,test/good/000.png,1.253956
patchcore_r18_1,zipper,0,full,test,good,test/good/001.png,1.249011
patchcore_r18_1,zipper,0,full,test,good,test/good/002.png,1.292870
patchcore_r18_1,zipper,0,full,test,good,test/good/003.png,1.197345
patchcore_r18_1,zipper,0,full,test,good,test/good/004.png,1.252241
patchcore_r18_1,zipper,0,full,test,good,test/good/005.png,1.166310
patchcore_r18_1,zipper,0,full,test,good,test/good/006.png,1.168193
patchcore_r18_1,zipper,0,full,test,good,test/good/007.png,1.193490
patchcore_r18_1,zipper,0,full,test,good,test/good/008.png,1.239764
patchcore_r18_1,zipper,0,full,test,good,test/good/009.png,1.160721
patchcore_r18_1,zipper,0,full,test,good,test/good/010.png,1.131648
patchcore_r18_1,zipper,0,full,test,good,test/good/011.png,1.236988
patchcore_r18_1,zipper,0,full,test,good,test/good/012.png,1.195479
patchcore_r18_1,zipper,0,full,test,good,test/good/013.png,1.240653
patchcore_r18_1,zipper,0,full,test,good,test/good/014.png,1.161414
patchcore_r18_1,zipper,0,full,test,good,test/good/015.png,1.254765
patchcore_r18_1,zipper,0,full,test,good,test/good/016.png,1.164677
patchcore_r18_1,zipper,0,full,test,good,test/good/017.png,1.385121
patchcore_r18_1,zipper,0,full,test,good,test/good/018.png,1.169796
patchcore_r18_1,zipper,0,full,test,good,test/good/019.png,1.462102
patchcore_r18_1,zipper,0,full,test,good,test/good/020.png,1.197739
patchcore_r18_1,zipper,0,full,test,good,test/good/021.png,1.437145
patchcore_r18_1,zipper,0,full,test,good,test/good/022.png,1.915613
patchcore_r18_1,zipper,0,full,test,good,test/good/023.png,1.192636
patchcore_r18_1,zipper,0,full,test,good,test/good/024.png,1.337744
patchcore_r18_1,zipper,0,full,test,good,test/good/025.png,1.224795
patchcore_r18_1,zipper,0,full,test,good,test/good/026.png,1.273171
patchcore_r18_1,zipper,0,full,test,good,test/good/027.png,1.601323
patchcore_r18_1,zipper,0,full,test,good,test/good/028.png,1.185973
patchcore_r18_1,zipper,0,full,test,good,test/good/029.png,1.316897
patchcore_r18_1,zipper,0,full,test,good,test/good/030.png,1.188231
patchcore_r18_1,zipper,0,full,test,good,test/good/031.png,1.193996
patchcore_r18_1,zipper,0,full,test,rough,test/rough/000.png,1.926973
patchcore_r18_1,zipper,0,full,test,rough,test/rough/001.png,2.147796
patchcore_r18_1,zipper,0,full,test,rough,test/rough/002.png,1.901336
patchcore_r18_1,zipper,0,full,test,rough,test/rough/003.png,2.070943
patchcore_r18_1,zipper,0,full,test,rough,test/rough/004.png,2.071936
patchcore_r18_1,zipper,0,full,test,rough,test/rough/005.png,1.865310
patchcore_r18_1,zipper,0,full,test,rough,test/rough/006.png,2.019735
patchcore_r18_1,zipper,0,full,test,rough,test/rough/007.png,1.813836
patchcore_r18_1,zipper,0,full,test,rough,test/rough/008.png,1.887463
patchcore_r18_1,zipper,0,full,test,rough,test/rough/009.png,2.144817
patchcore_r18_1,zipper,0,full,test,rough,test/rough/010.png,2.071240
patchcore_r18_1,zipper,0,full,test,rough,test/rough/011.png,2.071546
patchcore_r18_1,zipper,0,full,test,rough,test/rough/012.png,1.710788
patchcore_r18_1,zipper,0,full,test,rough,test/rough/013.png,2.048956
patchcore_r18_1,zipper,0,full,test,rough,test/rough/014.png,1.863075
patchcore_r18_1,zipper,0,full,test,rough,test/rough/015.png,1.964721
patchcore_r18_1,zipper,0,full,test,rough,test/rough/016.png,1.897309
patchcore_r18_1,zipper,0,full,test,split_teeth,test/split_teeth/000.png,1.566076
patchcore_r18_1,zipper,0,full,test,split_teeth,test/split_teeth/001.png,1.760959
patchcore_r18_1,zipper,0,full,test,split_teeth,test/split_teeth/002.png,1.885210
patchcore_r18_1,zipper,0,full,test,split_teeth,test/split_teeth/003.png,1.784484
patchcore_r18_1,zipper,0,full,test,split_teeth,test/split_teeth/004.png,1.906116
patchcore_r18_1,zipper,0,full,test,split_teeth,test/split_teeth/005.png,1.817797
patchcore_r18_1,zipper,0,full,test,split_teeth,test/split_teeth/006.png,1.739761
patchcore_r18_1,zipper,0,full,test,split_teeth,test/split_teeth/007.png,1.747157
patchcore_r18_1,zipper,0,full,test,split_teeth,test/split_teeth/008.png,1.675017
patchcore_r18_1,zipper,0,full,test,split_teeth,test/split_teeth/009.png,1.733448
patchcore_r18_1,zipper,0,full,test,split_teeth,test/split_teeth/010.png,1.856380
patchcore_r18_1,zipper,0,full,test,split_teeth,test/split_teeth/011.png,1.874816
patchcore_r18_1,zipper,0,full,test,split_teeth,test/split_teeth/012.png,2.112738
patchcore_r18_1,zipper,0,full,test,split_teeth,test/split_teeth/013.png,1.728581
patchcore_r18_1,zipper,0,full,test,split_teeth,test/split_teeth/014.png,1.950310
patchcore_r18_1,zipper,0,full,test,split_teeth,test/split_teeth/015.png,2.162536
patchcore_r18_1,zipper,0,full,test,split_teeth,test/split_teeth/016.png,1.910840
patchcore_r18_1,zipper,0,full,test,split_teeth,test/split_teeth/017.png,2.105524
patchcore_r18_1,zipper,0,full,test,squeezed_teeth,test/squeezed_teeth/000.png,1.646867
patchcore_r18_1,zipper,0,full,test,squeezed_teeth,test/squeezed_teeth/001.png,1.836662
patchcore_r18_1,zipper,0,full,test,squeezed_teeth,test/squeezed_teeth/002.png,1.924082
patchcore_r18_1,zipper,0,full,test,squeezed_teeth,test/squeezed_teeth/003.png,1.885812
patchcore_r18_1,zipper,0,full,test,squeezed_teeth,test/squeezed_teeth/004.png,1.628968
patchcore_r18_1,zipper,0,full,test,squeezed_teeth,test/squeezed_teeth/005.png,1.489950
patchcore_r18_1,zipper,0,full,test,squeezed_teeth,test/squeezed_teeth/006.png,1.604973
patchcore_r18_1,zipper,0,full,test,squeezed_teeth,test/squeezed_teeth/007.png,1.532967
patchcore_r18_1,zipper,0,full,test,squeezed_teeth,test/squeezed_teeth/008.png,1.335689
patchcore_r18_1,zipper,0,full,test,squeezed_teeth,test/squeezed_teeth/009.png,1.382579
patchcore_r18_1,zipper,0,full,test,squeezed_teeth,test/squeezed_teeth/010.png,1.707241
patchcore_r18_1,zipper,0,full,test,squeezed_teeth,test/squeezed_teeth/011.png,1.684621
patchcore_r18_1,zipper,0,full,test,squeezed_teeth,test/squeezed_teeth/012.png,1.652246
patchcore_r18_1,zipper,0,full,test,squeezed_teeth,test/squeezed_teeth/013.png,1.668232
patchcore_r18_1,zipper,0,full,test,squeezed_teeth,test/squeezed_teeth/014.png,2.048423
patchcore_r18_1,zipper,0,full,test,squeezed_teeth,test/squeezed_teeth/015.png,2.007348
patchcore_r18_1,zipper,0,gate,calibration,good,train/good/000.png,1.225022
patchcore_r18_1,zipper,0,gate,calibration,good,train/good/005.png,1.243060
patchcore_r18_1,zipper,0,gate,calibration,good,train/good/006.png,1.309032
patchcore_r18_1,zipper,0,gate,calibration,good,train/good/013.png,1.226422
patchcore_r18_1,zipper,0,gate,calibration,good,train/good/017.png,1.172293
patchcore_r18_1,zipper,0,gate,calibration,good,train/good/025.png,1.184457
patchcore_r18_1,zipper,0,gate,calibration,good,train/good/036.png,1.292393
patchcore_r18_1,zipper,0,gate,calibration,good,train/good/039.png,1.179513
patchcore_r18_1,zipper,0,gate,calibration,good,train/good/041.png,1.269440
patchcore_r18_1,zipper,0,gate,calibration,good,train/good/054.png,1.247616
patchcore_r18_1,zipper,0,gate,calibration,good,train/good/065.png,1.210440
patchcore_r18_1,zipper,0,gate,calibration,good,train/good/068.png,1.166984
patchcore_r18_1,zipper,0,gate,calibration,good,train/good/071.png,1.223251
patchcore_r18_1,zipper,0,gate,calibration,good,train/good/072.png,1.258579
patchcore_r18_1,zipper,0,gate,calibration,good,train/good/074.png,1.220394
patchcore_r18_1,zipper,0,gate,calibration,good,train/good/084.png,1.213208
patchcore_r18_1,zipper,0,gate,calibration,good,train/good/100.png,1.151696
patchcore_r18_1,zipper,0,gate,calibration,good,train/good/103.png,1.152100
patchcore_r18_1,zipper,0,gate,calibration,good,train/good/106.png,1.241702
patchcore_r18_1,zipper,0,gate,calibration,good,train/good/116.png,1.316674
patchcore_r18_1,zipper,0,gate,calibration,good,train/good/117.png,1.379534
patchcore_r18_1,zipper,0,gate,calibration,good,train/good/118.png,1.223657
patchcore_r18_1,zipper,0,gate,calibration,good,train/good/119.png,1.265339
patchcore_r18_1,zipper,0,gate,calibration,good,train/good/126.png,1.227826
patchcore_r18_1,zipper,0,gate,calibration,good,train/good/131.png,1.277220
patchcore_r18_1,zipper,0,gate,calibration,good,train/good/138.png,1.157840
patchcore_r18_1,zipper,0,gate,calibration,good,train/good/142.png,1.429240
patchcore_r18_1,zipper,0,gate,calibration,good,train/good/147.png,1.245870
patchcore_r18_1,zipper,0,gate,calibration,good,train/good/153.png,1.206601
patchcore_r18_1,zipper,0,gate,calibration,good,train/good/154.png,1.290867
patchcore_r18_1,zipper,0,gate,calibration,good,train/good/164.png,1.233162
patchcore_r18_1,zipper,0,gate,calibration,good,train/good/193.png,1.160151
patchcore_r18_1,zipper,0,gate,calibration,good,train/good/197.png,1.213315
patchcore_r18_1,zipper,0,gate,calibration,good,train/good/199.png,1.188649
patchcore_r18_1,zipper,0,gate,calibration,good,train/good/200.png,1.248737
patchcore_r18_1,zipper,0,gate,calibration,good,train/good/201.png,1.175229
patchcore_r18_1,zipper,0,gate,calibration,good,train/good/202.png,1.211317
patchcore_r18_1,zipper,0,gate,calibration,good,train/good/205.png,1.354016
patchcore_r18_1,zipper,0,gate,calibration,good,train/good/214.png,1.247349
patchcore_r18_1,zipper,0,gate,calibration,good,train/good/215.png,1.283822
patchcore_r18_1,zipper,0,gate,calibration,good,train/good/216.png,1.151990
patchcore_r18_1,zipper,0,gate,calibration,good,train/good/218.png,1.155833
patchcore_r18_1,zipper,0,gate,calibration,good,train/good/225.png,1.255913
patchcore_r18_1,zipper,0,gate,calibration,good,train/good/226.png,1.202394
patchcore_r18_1,zipper,0,gate,calibration,good,train/good/230.png,1.277879
patchcore_r18_1,zipper,0,gate,calibration,good,train/good/231.png,1.366154
patchcore_r18_1,zipper,0,gate,calibration,good,train/good/236.png,1.185923
patchcore_r18_1,zipper,0,gate,calibration,good,train/good/237.png,1.214916
patchcore_r18_1,zipper,0,gate,test,broken_teeth,test/broken_teeth/000.png,1.666962
patchcore_r18_1,zipper,0,gate,test,broken_teeth,test/broken_teeth/001.png,1.849812
patchcore_r18_1,zipper,0,gate,test,broken_teeth,test/broken_teeth/002.png,1.576033
patchcore_r18_1,zipper,0,gate,test,broken_teeth,test/broken_teeth/003.png,2.131065
patchcore_r18_1,zipper,0,gate,test,broken_teeth,test/broken_teeth/004.png,1.770634
patchcore_r18_1,zipper,0,gate,test,broken_teeth,test/broken_teeth/005.png,1.731841
patchcore_r18_1,zipper,0,gate,test,broken_teeth,test/broken_teeth/006.png,1.893371
patchcore_r18_1,zipper,0,gate,test,broken_teeth,test/broken_teeth/007.png,2.070106
patchcore_r18_1,zipper,0,gate,test,broken_teeth,test/broken_teeth/008.png,1.911509
patchcore_r18_1,zipper,0,gate,test,broken_teeth,test/broken_teeth/009.png,1.500474
patchcore_r18_1,zipper,0,gate,test,broken_teeth,test/broken_teeth/010.png,1.913785
patchcore_r18_1,zipper,0,gate,test,broken_teeth,test/broken_teeth/011.png,2.142925
patchcore_r18_1,zipper,0,gate,test,broken_teeth,test/broken_teeth/012.png,1.843971
patchcore_r18_1,zipper,0,gate,test,broken_teeth,test/broken_teeth/013.png,2.147692
patchcore_r18_1,zipper,0,gate,test,broken_teeth,test/broken_teeth/014.png,1.721460
patchcore_r18_1,zipper,0,gate,test,broken_teeth,test/broken_teeth/015.png,1.730464
patchcore_r18_1,zipper,0,gate,test,broken_teeth,test/broken_teeth/016.png,1.530682
patchcore_r18_1,zipper,0,gate,test,broken_teeth,test/broken_teeth/017.png,2.336462
patchcore_r18_1,zipper,0,gate,test,broken_teeth,test/broken_teeth/018.png,2.282768
patchcore_r18_1,zipper,0,gate,test,combined,test/combined/000.png,2.127325
patchcore_r18_1,zipper,0,gate,test,combined,test/combined/001.png,1.907507
patchcore_r18_1,zipper,0,gate,test,combined,test/combined/002.png,1.743744
patchcore_r18_1,zipper,0,gate,test,combined,test/combined/003.png,2.270969
patchcore_r18_1,zipper,0,gate,test,combined,test/combined/004.png,1.832247
patchcore_r18_1,zipper,0,gate,test,combined,test/combined/005.png,2.276958
patchcore_r18_1,zipper,0,gate,test,combined,test/combined/006.png,3.188851
patchcore_r18_1,zipper,0,gate,test,combined,test/combined/007.png,1.829386
patchcore_r18_1,zipper,0,gate,test,combined,test/combined/008.png,1.836103
patchcore_r18_1,zipper,0,gate,test,combined,test/combined/009.png,1.941832
patchcore_r18_1,zipper,0,gate,test,combined,test/combined/010.png,2.813819
patchcore_r18_1,zipper,0,gate,test,combined,test/combined/011.png,2.573519
patchcore_r18_1,zipper,0,gate,test,combined,test/combined/012.png,2.054305
patchcore_r18_1,zipper,0,gate,test,combined,test/combined/013.png,2.465161
patchcore_r18_1,zipper,0,gate,test,combined,test/combined/014.png,1.818826
patchcore_r18_1,zipper,0,gate,test,combined,test/combined/015.png,2.609336
patchcore_r18_1,zipper,0,gate,test,fabric_border,test/fabric_border/000.png,2.299981
patchcore_r18_1,zipper,0,gate,test,fabric_border,test/fabric_border/001.png,2.803087
patchcore_r18_1,zipper,0,gate,test,fabric_border,test/fabric_border/002.png,2.055939
patchcore_r18_1,zipper,0,gate,test,fabric_border,test/fabric_border/003.png,2.616107
patchcore_r18_1,zipper,0,gate,test,fabric_border,test/fabric_border/004.png,2.705212
patchcore_r18_1,zipper,0,gate,test,fabric_border,test/fabric_border/005.png,3.523953
patchcore_r18_1,zipper,0,gate,test,fabric_border,test/fabric_border/006.png,2.346745
patchcore_r18_1,zipper,0,gate,test,fabric_border,test/fabric_border/007.png,2.425744
patchcore_r18_1,zipper,0,gate,test,fabric_border,test/fabric_border/008.png,2.323131
patchcore_r18_1,zipper,0,gate,test,fabric_border,test/fabric_border/009.png,2.707205
patchcore_r18_1,zipper,0,gate,test,fabric_border,test/fabric_border/010.png,2.641981
patchcore_r18_1,zipper,0,gate,test,fabric_border,test/fabric_border/011.png,2.531066
patchcore_r18_1,zipper,0,gate,test,fabric_border,test/fabric_border/012.png,2.138800
patchcore_r18_1,zipper,0,gate,test,fabric_border,test/fabric_border/013.png,2.409212
patchcore_r18_1,zipper,0,gate,test,fabric_border,test/fabric_border/014.png,2.515248
patchcore_r18_1,zipper,0,gate,test,fabric_border,test/fabric_border/015.png,2.532894
patchcore_r18_1,zipper,0,gate,test,fabric_border,test/fabric_border/016.png,2.657610
patchcore_r18_1,zipper,0,gate,test,fabric_interior,test/fabric_interior/000.png,1.755026
patchcore_r18_1,zipper,0,gate,test,fabric_interior,test/fabric_interior/001.png,1.485404
patchcore_r18_1,zipper,0,gate,test,fabric_interior,test/fabric_interior/002.png,1.894858
patchcore_r18_1,zipper,0,gate,test,fabric_interior,test/fabric_interior/003.png,1.715937
patchcore_r18_1,zipper,0,gate,test,fabric_interior,test/fabric_interior/004.png,1.969926
patchcore_r18_1,zipper,0,gate,test,fabric_interior,test/fabric_interior/005.png,1.800411
patchcore_r18_1,zipper,0,gate,test,fabric_interior,test/fabric_interior/006.png,1.870489
patchcore_r18_1,zipper,0,gate,test,fabric_interior,test/fabric_interior/007.png,1.285179
patchcore_r18_1,zipper,0,gate,test,fabric_interior,test/fabric_interior/008.png,1.846695
patchcore_r18_1,zipper,0,gate,test,fabric_interior,test/fabric_interior/009.png,1.626102
patchcore_r18_1,zipper,0,gate,test,fabric_interior,test/fabric_interior/010.png,1.581566
patchcore_r18_1,zipper,0,gate,test,fabric_interior,test/fabric_interior/011.png,1.727659
patchcore_r18_1,zipper,0,gate,test,fabric_interior,test/fabric_interior/012.png,1.534143
patchcore_r18_1,zipper,0,gate,test,fabric_interior,test/fabric_interior/013.png,1.730801
patchcore_r18_1,zipper,0,gate,test,fabric_interior,test/fabric_interior/014.png,1.764840
patchcore_r18_1,zipper,0,gate,test,fabric_interior,test/fabric_interior/015.png,1.607486
patchcore_r18_1,zipper,0,gate,test,good,test/good/000.png,1.225997
patchcore_r18_1,zipper,0,gate,test,good,test/good/001.png,1.221282
patchcore_r18_1,zipper,0,gate,test,good,test/good/002.png,1.242302
patchcore_r18_1,zipper,0,gate,test,good,test/good/003.png,1.245585
patchcore_r18_1,zipper,0,gate,test,good,test/good/004.png,1.318250
patchcore_r18_1,zipper,0,gate,test,good,test/good/005.png,1.166310
patchcore_r18_1,zipper,0,gate,test,good,test/good/006.png,1.142748
patchcore_r18_1,zipper,0,gate,test,good,test/good/007.png,1.289160
patchcore_r18_1,zipper,0,gate,test,good,test/good/008.png,1.229235
patchcore_r18_1,zipper,0,gate,test,good,test/good/009.png,1.240199
patchcore_r18_1,zipper,0,gate,test,good,test/good/010.png,1.155252
patchcore_r18_1,zipper,0,gate,test,good,test/good/011.png,1.261970
patchcore_r18_1,zipper,0,gate,test,good,test/good/012.png,1.185258
patchcore_r18_1,zipper,0,gate,test,good,test/good/013.png,1.191874
patchcore_r18_1,zipper,0,gate,test,good,test/good/014.png,1.216437
patchcore_r18_1,zipper,0,gate,test,good,test/good/015.png,1.258672
patchcore_r18_1,zipper,0,gate,test,good,test/good/016.png,1.247062
patchcore_r18_1,zipper,0,gate,test,good,test/good/017.png,1.351000
patchcore_r18_1,zipper,0,gate,test,good,test/good/018.png,1.220029
patchcore_r18_1,zipper,0,gate,test,good,test/good/019.png,1.297803
patchcore_r18_1,zipper,0,gate,test,good,test/good/020.png,1.200814
patchcore_r18_1,zipper,0,gate,test,good,test/good/021.png,1.437145
patchcore_r18_1,zipper,0,gate,test,good,test/good/022.png,1.729943
patchcore_r18_1,zipper,0,gate,test,good,test/good/023.png,1.218656
patchcore_r18_1,zipper,0,gate,test,good,test/good/024.png,1.352548
patchcore_r18_1,zipper,0,gate,test,good,test/good/025.png,1.251397
patchcore_r18_1,zipper,0,gate,test,good,test/good/026.png,1.324474
patchcore_r18_1,zipper,0,gate,test,good,test/good/027.png,1.527695
patchcore_r18_1,zipper,0,gate,test,good,test/good/028.png,1.257126
patchcore_r18_1,zipper,0,gate,test,good,test/good/029.png,1.416491
patchcore_r18_1,zipper,0,gate,test,good,test/good/030.png,1.210054
patchcore_r18_1,zipper,0,gate,test,good,test/good/031.png,1.212335
patchcore_r18_1,zipper,0,gate,test,rough,test/rough/000.png,1.946874
patchcore_r18_1,zipper,0,gate,test,rough,test/rough/001.png,2.147796
patchcore_r18_1,zipper,0,gate,test,rough,test/rough/002.png,1.978680
patchcore_r18_1,zipper,0,gate,test,rough,test/rough/003.png,2.050584
patchcore_r18_1,zipper,0,gate,test,rough,test/rough/004.png,2.159241
patchcore_r18_1,zipper,0,gate,test,rough,test/rough/005.png,1.923550
patchcore_r18_1,zipper,0,gate,test,rough,test/rough/006.png,1.984617
patchcore_r18_1,zipper,0,gate,test,rough,test/rough/007.png,1.780875
patchcore_r18_1,zipper,0,gate,test,rough,test/rough/008.png,1.798797
patchcore_r18_1,zipper,0,gate,test,rough,test/rough/009.png,2.146227
patchcore_r18_1,zipper,0,gate,test,rough,test/rough/010.png,2.030982
patchcore_r18_1,zipper,0,gate,test,rough,test/rough/011.png,2.110453
patchcore_r18_1,zipper,0,gate,test,rough,test/rough/012.png,1.705102
patchcore_r18_1,zipper,0,gate,test,rough,test/rough/013.png,2.092477
patchcore_r18_1,zipper,0,gate,test,rough,test/rough/014.png,1.850690
patchcore_r18_1,zipper,0,gate,test,rough,test/rough/015.png,2.081250
patchcore_r18_1,zipper,0,gate,test,rough,test/rough/016.png,1.932838
patchcore_r18_1,zipper,0,gate,test,split_teeth,test/split_teeth/000.png,1.541892
patchcore_r18_1,zipper,0,gate,test,split_teeth,test/split_teeth/001.png,1.730579
patchcore_r18_1,zipper,0,gate,test,split_teeth,test/split_teeth/002.png,1.813046
patchcore_r18_1,zipper,0,gate,test,split_teeth,test/split_teeth/003.png,1.723986
patchcore_r18_1,zipper,0,gate,test,split_teeth,test/split_teeth/004.png,1.946194
patchcore_r18_1,zipper,0,gate,test,split_teeth,test/split_teeth/005.png,1.862167
patchcore_r18_1,zipper,0,gate,test,split_teeth,test/split_teeth/006.png,1.763932
patchcore_r18_1,zipper,0,gate,test,split_teeth,test/split_teeth/007.png,1.776201
patchcore_r18_1,zipper,0,gate,test,split_teeth,test/split_teeth/008.png,1.743333
patchcore_r18_1,zipper,0,gate,test,split_teeth,test/split_teeth/009.png,1.826549
patchcore_r18_1,zipper,0,gate,test,split_teeth,test/split_teeth/010.png,1.873977
patchcore_r18_1,zipper,0,gate,test,split_teeth,test/split_teeth/011.png,1.889929
patchcore_r18_1,zipper,0,gate,test,split_teeth,test/split_teeth/012.png,2.114254
patchcore_r18_1,zipper,0,gate,test,split_teeth,test/split_teeth/013.png,1.752902
patchcore_r18_1,zipper,0,gate,test,split_teeth,test/split_teeth/014.png,1.894241
patchcore_r18_1,zipper,0,gate,test,split_teeth,test/split_teeth/015.png,2.145255
patchcore_r18_1,zipper,0,gate,test,split_teeth,test/split_teeth/016.png,2.004711
patchcore_r18_1,zipper,0,gate,test,split_teeth,test/split_teeth/017.png,2.069399
patchcore_r18_1,zipper,0,gate,test,squeezed_teeth,test/squeezed_teeth/000.png,1.642167
patchcore_r18_1,zipper,0,gate,test,squeezed_teeth,test/squeezed_teeth/001.png,1.857785
patchcore_r18_1,zipper,0,gate,test,squeezed_teeth,test/squeezed_teeth/002.png,2.120309
patchcore_r18_1,zipper,0,gate,test,squeezed_teeth,test/squeezed_teeth/003.png,1.903765
patchcore_r18_1,zipper,0,gate,test,squeezed_teeth,test/squeezed_teeth/004.png,1.620906
patchcore_r18_1,zipper,0,gate,test,squeezed_teeth,test/squeezed_teeth/005.png,1.498542
patchcore_r18_1,zipper,0,gate,test,squeezed_teeth,test/squeezed_teeth/006.png,1.586987
patchcore_r18_1,zipper,0,gate,test,squeezed_teeth,test/squeezed_teeth/007.png,1.542909
patchcore_r18_1,zipper,0,gate,test,squeezed_teeth,test/squeezed_teeth/008.png,1.363274
patchcore_r18_1,zipper,0,gate,test,squeezed_teeth,test/squeezed_teeth/009.png,1.405313
patchcore_r18_1,zipper,0,gate,test,squeezed_teeth,test/squeezed_teeth/010.png,1.654032
patchcore_r18_1,zipper,0,gate,test,squeezed_teeth,test/squeezed_teeth/011.png,1.635291
patchcore_r18_1,zipper,0,gate,test,squeezed_teeth,test/squeezed_teeth/012.png,1.713015
patchcore_r18_1,zipper,0,gate,test,squeezed_teeth,test/squeezed_teeth/013.png,1.621040
patchcore_r18_1,zipper,0,gate,test,squeezed_teeth,test/squeezed_teeth/014.png,2.049306
patchcore_r18_1,zipper,0,gate,test,squeezed_teeth,test/squeezed_teeth/015.png,1.898278
patchcore_r18_1,zipper,1,full,test,broken_teeth,test/broken_teeth/000.png,1.715412
patchcore_r18_1,zipper,1,full,test,broken_teeth,test/broken_teeth/001.png,1.830102
patchcore_r18_1,zipper,1,full,test,broken_teeth,test/broken_teeth/002.png,1.552104
patchcore_r18_1,zipper,1,full,test,broken_teeth,test/broken_teeth/003.png,2.069825
patchcore_r18_1,zipper,1,full,test,broken_teeth,test/broken_teeth/004.png,1.741766
patchcore_r18_1,zipper,1,full,test,broken_teeth,test/broken_teeth/005.png,1.719964
patchcore_r18_1,zipper,1,full,test,broken_teeth,test/broken_teeth/006.png,1.871094
patchcore_r18_1,zipper,1,full,test,broken_teeth,test/broken_teeth/007.png,2.067341
patchcore_r18_1,zipper,1,full,test,broken_teeth,test/broken_teeth/008.png,1.851135
patchcore_r18_1,zipper,1,full,test,broken_teeth,test/broken_teeth/009.png,1.405160
patchcore_r18_1,zipper,1,full,test,broken_teeth,test/broken_teeth/010.png,1.846227
patchcore_r18_1,zipper,1,full,test,broken_teeth,test/broken_teeth/011.png,2.059030
patchcore_r18_1,zipper,1,full,test,broken_teeth,test/broken_teeth/012.png,1.806446
patchcore_r18_1,zipper,1,full,test,broken_teeth,test/broken_teeth/013.png,2.147141
patchcore_r18_1,zipper,1,full,test,broken_teeth,test/broken_teeth/014.png,1.810666
patchcore_r18_1,zipper,1,full,test,broken_teeth,test/broken_teeth/015.png,1.729887
patchcore_r18_1,zipper,1,full,test,broken_teeth,test/broken_teeth/016.png,1.565320
patchcore_r18_1,zipper,1,full,test,broken_teeth,test/broken_teeth/017.png,2.270542
patchcore_r18_1,zipper,1,full,test,broken_teeth,test/broken_teeth/018.png,2.114019
patchcore_r18_1,zipper,1,full,test,combined,test/combined/000.png,2.135743
patchcore_r18_1,zipper,1,full,test,combined,test/combined/001.png,1.854675
patchcore_r18_1,zipper,1,full,test,combined,test/combined/002.png,1.696838
patchcore_r18_1,zipper,1,full,test,combined,test/combined/003.png,2.231250
patchcore_r18_1,zipper,1,full,test,combined,test/combined/004.png,1.847232
patchcore_r18_1,zipper,1,full,test,combined,test/combined/005.png,2.320382
patchcore_r18_1,zipper,1,full,test,combined,test/combined/006.png,3.204211
patchcore_r18_1,zipper,1,full,test,combined,test/combined/007.png,1.849239
patchcore_r18_1,zipper,1,full,test,combined,test/combined/008.png,1.888984
patchcore_r18_1,zipper,1,full,test,combined,test/combined/009.png,2.040296
patchcore_r18_1,zipper,1,full,test,combined,test/combined/010.png,2.809028
patchcore_r18_1,zipper,1,full,test,combined,test/combined/011.png,2.691353
patchcore_r18_1,zipper,1,full,test,combined,test/combined/012.png,2.042224
patchcore_r18_1,zipper,1,full,test,combined,test/combined/013.png,2.372076
patchcore_r18_1,zipper,1,full,test,combined,test/combined/014.png,1.726110
patchcore_r18_1,zipper,1,full,test,combined,test/combined/015.png,2.609336
patchcore_r18_1,zipper,1,full,test,fabric_border,test/fabric_border/000.png,2.299981
patchcore_r18_1,zipper,1,full,test,fabric_border,test/fabric_border/001.png,2.761984
patchcore_r18_1,zipper,1,full,test,fabric_border,test/fabric_border/002.png,2.034559
patchcore_r18_1,zipper,1,full,test,fabric_border,test/fabric_border/003.png,2.599770
patchcore_r18_1,zipper,1,full,test,fabric_border,test/fabric_border/004.png,2.626933
patchcore_r18_1,zipper,1,full,test,fabric_border,test/fabric_border/005.png,3.498883
patchcore_r18_1,zipper,1,full,test,fabric_border,test/fabric_border/006.png,2.330538
patchcore_r18_1,zipper,1,full,test,fabric_border,test/fabric_border/007.png,2.387800
patchcore_r18_1,zipper,1,full,test,fabric_border,test/fabric_border/008.png,2.315502
patchcore_r18_1,zipper,1,full,test,fabric_border,test/fabric_border/009.png,2.733735
patchcore_r18_1,zipper,1,full,test,fabric_border,test/fabric_border/010.png,2.640531
patchcore_r18_1,zipper,1,full,test,fabric_border,test/fabric_border/011.png,2.642374
patchcore_r18_1,zipper,1,full,test,fabric_border,test/fabric_border/012.png,2.100108
patchcore_r18_1,zipper,1,full,test,fabric_border,test/fabric_border/013.png,2.409212
patchcore_r18_1,zipper,1,full,test,fabric_border,test/fabric_border/014.png,2.515248
patchcore_r18_1,zipper,1,full,test,fabric_border,test/fabric_border/015.png,2.469322
patchcore_r18_1,zipper,1,full,test,fabric_border,test/fabric_border/016.png,2.647532
patchcore_r18_1,zipper,1,full,test,fabric_interior,test/fabric_interior/000.png,1.736384
patchcore_r18_1,zipper,1,full,test,fabric_interior,test/fabric_interior/001.png,1.389980
patchcore_r18_1,zipper,1,full,test,fabric_interior,test/fabric_interior/002.png,1.821477
patchcore_r18_1,zipper,1,full,test,fabric_interior,test/fabric_interior/003.png,1.749333
patchcore_r18_1,zipper,1,full,test,fabric_interior,test/fabric_interior/004.png,1.954206
patchcore_r18_1,zipper,1,full,test,fabric_interior,test/fabric_interior/005.png,1.852092
patchcore_r18_1,zipper,1,full,test,fabric_interior,test/fabric_interior/006.png,1.957248
patchcore_r18_1,zipper,1,full,test,fabric_interior,test/fabric_interior/007.png,1.246199
patchcore_r18_1,zipper,1,full,test,fabric_interior,test/fabric_interior/008.png,1.840590
patchcore_r18_1,zipper,1,full,test,fabric_interior,test/fabric_interior/009.png,1.570643
patchcore_r18_1,zipper,1,full,test,fabric_interior,test/fabric_interior/010.png,1.594695
patchcore_r18_1,zipper,1,full,test,fabric_interior,test/fabric_interior/011.png,1.777957
patchcore_r18_1,zipper,1,full,test,fabric_interior,test/fabric_interior/012.png,1.510344
patchcore_r18_1,zipper,1,full,test,fabric_interior,test/fabric_interior/013.png,1.719019
patchcore_r18_1,zipper,1,full,test,fabric_interior,test/fabric_interior/014.png,1.790707
patchcore_r18_1,zipper,1,full,test,fabric_interior,test/fabric_interior/015.png,1.643705
patchcore_r18_1,zipper,1,full,test,good,test/good/000.png,1.250055
patchcore_r18_1,zipper,1,full,test,good,test/good/001.png,1.244395
patchcore_r18_1,zipper,1,full,test,good,test/good/002.png,1.272565
patchcore_r18_1,zipper,1,full,test,good,test/good/003.png,1.303213
patchcore_r18_1,zipper,1,full,test,good,test/good/004.png,1.270965
patchcore_r18_1,zipper,1,full,test,good,test/good/005.png,1.163931
patchcore_r18_1,zipper,1,full,test,good,test/good/006.png,1.163435
patchcore_r18_1,zipper,1,full,test,good,test/good/007.png,1.319769
patchcore_r18_1,zipper,1,full,test,good,test/good/008.png,1.255518
patchcore_r18_1,zipper,1,full,test,good,test/good/009.png,1.177027
patchcore_r18_1,zipper,1,full,test,good,test/good/010.png,1.155521
patchcore_r18_1,zipper,1,full,test,good,test/good/011.png,1.224173
patchcore_r18_1,zipper,1,full,test,good,test/good/012.png,1.201991
patchcore_r18_1,zipper,1,full,test,good,test/good/013.png,1.180835
patchcore_r18_1,zipper,1,full,test,good,test/good/014.png,1.215674
patchcore_r18_1,zipper,1,full,test,good,test/good/015.png,1.216298
patchcore_r18_1,zipper,1,full,test,good,test/good/016.png,1.178667
patchcore_r18_1,zipper,1,full,test,good,test/good/017.png,1.333565
patchcore_r18_1,zipper,1,full,test,good,test/good/018.png,1.201708
patchcore_r18_1,zipper,1,full,test,good,test/good/019.png,1.247774
patchcore_r18_1,zipper,1,full,test,good,test/good/020.png,1.175742
patchcore_r18_1,zipper,1,full,test,good,test/good/021.png,1.437145
patchcore_r18_1,zipper,1,full,test,good,test/good/022.png,1.750226
patchcore_r18_1,zipper,1,full,test,good,test/good/023.png,1.208349
patchcore_r18_1,zipper,1,full,test,good,test/good/024.png,1.281376
patchcore_r18_1,zipper,1,full,test,good,test/good/025.png,1.252545
patchcore_r18_1,zipper,1,full,test,good,test/good/026.png,1.275823
patchcore_r18_1,zipper,1,full,test,good,test/good/027.png,1.619396
patchcore_r18_1,zipper,1,full,test,good,test/good/028.png,1.169831
patchcore_r18_1,zipper,1,full,test,good,test/good/029.png,1.308402
patchcore_r18_1,zipper,1,full,test,good,test/good/030.png,1.129268
patchcore_r18_1,zipper,1,full,test,good,test/good/031.png,1.155924
patchcore_r18_1,zipper,1,full,test,rough,test/rough/000.png,1.887591
patchcore_r18_1,zipper,1,full,test,rough,test/rough/001.png,2.209447
patchcore_r18_1,zipper,1,full,test,rough,test/rough/002.png,1.901336
patchcore_r18_1,zipper,1,full,test,rough,test/rough/003.png,2.003793
patchcore_r18_1,zipper,1,full,test,rough,test/rough/004.png,2.071663
patchcore_r18_1,zipper,1,full,test,rough,test/rough/005.png,1.845942
patchcore_r18_1,zipper,1,full,test,rough,test/rough/006.png,2.051419
patchcore_r18_1,zipper,1,full,test,rough,test/rough/007.png,1.764757
patchcore_r18_1,zipper,1,full,test,rough,test/rough/008.png,1.785657
patchcore_r18_1,zipper,1,full,test,rough,test/rough/009.png,2.156417
patchcore_r18_1,zipper,1,full,test,rough,test/rough/010.png,2.038130
patchcore_r18_1,zipper,1,full,test,rough,test/rough/011.png,2.027740
patchcore_r18_1,zipper,1,full,test,rough,test/rough/012.png,1.693326
patchcore_r18_1,zipper,1,full,test,rough,test/rough/013.png,2.062690
patchcore_r18_1,zipper,1,full,test,rough,test/rough/014.png,1.896554
patchcore_r18_1,zipper,1,full,test,rough,test/rough/015.png,1.953834
patchcore_r18_1,zipper,1,full,test,rough,test/rough/016.png,1.897309
patchcore_r18_1,zipper,1,full,test,split_teeth,test/split_teeth/000.png,1.549177
patchcore_r18_1,zipper,1,full,test,split_teeth,test/split_teeth/001.png,1.777601
patchcore_r18_1,zipper,1,full,test,split_teeth,test/split_teeth/002.png,1.854929
patchcore_r18_1,zipper,1,full,test,split_teeth,test/split_teeth/003.png,1.700932
patchcore_r18_1,zipper,1,full,test,split_teeth,test/split_teeth/004.png,1.930415
patchcore_r18_1,zipper,1,full,test,split_teeth,test/split_teeth/005.png,1.793239
patchcore_r18_1,zipper,1,full,test,split_teeth,test/split_teeth/006.png,1.723179
patchcore_r18_1,zipper,1,full,test,split_teeth,test/split_teeth/007.png,1.748369
patchcore_r18_1,zipper,1,full,test,split_teeth,test/split_teeth/008.png,1.767096
patchcore_r18_1,zipper,1,full,test,split_teeth,test/split_teeth/009.png,1.782816
patchcore_r18_1,zipper,1,full,test,split_teeth,test/split_teeth/010.png,1.812643
patchcore_r18_1,zipper,1,full,test,split_teeth,test/split_teeth/011.png,1.861706
patchcore_r18_1,zipper,1,full,test,split_teeth,test/split_teeth/012.png,2.075418
patchcore_r18_1,zipper,1,full,test,split_teeth,test/split_teeth/013.png,1.733033
patchcore_r18_1,zipper,1,full,test,split_teeth,test/split_teeth/014.png,1.918907
patchcore_r18_1,zipper,1,full,test,split_teeth,test/split_teeth/015.png,2.226424
patchcore_r18_1,zipper,1,full,test,split_teeth,test/split_teeth/016.png,1.957691
patchcore_r18_1,zipper,1,full,test,split_teeth,test/split_teeth/017.png,2.088693
patchcore_r18_1,zipper,1,full,test,squeezed_teeth,test/squeezed_teeth/000.png,1.706599
patchcore_r18_1,zipper,1,full,test,squeezed_teeth,test/squeezed_teeth/001.png,1.841462
patchcore_r18_1,zipper,1,full,test,squeezed_teeth,test/squeezed_teeth/002.png,1.979867
patchcore_r18_1,zipper,1,full,test,squeezed_teeth,test/squeezed_teeth/003.png,1.923643
patchcore_r18_1,zipper,1,full,test,squeezed_teeth,test/squeezed_teeth/004.png,1.610673
patchcore_r18_1,zipper,1,full,test,squeezed_teeth,test/squeezed_teeth/005.png,1.465234
patchcore_r18_1,zipper,1,full,test,squeezed_teeth,test/squeezed_teeth/006.png,1.566782
patchcore_r18_1,zipper,1,full,test,squeezed_teeth,test/squeezed_teeth/007.png,1.645006
patchcore_r18_1,zipper,1,full,test,squeezed_teeth,test/squeezed_teeth/008.png,1.372601
patchcore_r18_1,zipper,1,full,test,squeezed_teeth,test/squeezed_teeth/009.png,1.368977
patchcore_r18_1,zipper,1,full,test,squeezed_teeth,test/squeezed_teeth/010.png,1.719674
patchcore_r18_1,zipper,1,full,test,squeezed_teeth,test/squeezed_teeth/011.png,1.677907
patchcore_r18_1,zipper,1,full,test,squeezed_teeth,test/squeezed_teeth/012.png,1.668451
patchcore_r18_1,zipper,1,full,test,squeezed_teeth,test/squeezed_teeth/013.png,1.623343
patchcore_r18_1,zipper,1,full,test,squeezed_teeth,test/squeezed_teeth/014.png,2.045245
patchcore_r18_1,zipper,1,full,test,squeezed_teeth,test/squeezed_teeth/015.png,1.909958
patchcore_r18_1,zipper,1,gate,calibration,good,train/good/001.png,1.255599
patchcore_r18_1,zipper,1,gate,calibration,good,train/good/005.png,1.257153
patchcore_r18_1,zipper,1,gate,calibration,good,train/good/007.png,1.130680
patchcore_r18_1,zipper,1,gate,calibration,good,train/good/008.png,1.177005
patchcore_r18_1,zipper,1,gate,calibration,good,train/good/013.png,1.277241
patchcore_r18_1,zipper,1,gate,calibration,good,train/good/014.png,1.191919
patchcore_r18_1,zipper,1,gate,calibration,good,train/good/019.png,1.155208
patchcore_r18_1,zipper,1,gate,calibration,good,train/good/020.png,1.169059
patchcore_r18_1,zipper,1,gate,calibration,good,train/good/021.png,1.166293
patchcore_r18_1,zipper,1,gate,calibration,good,train/good/022.png,1.318674
patchcore_r18_1,zipper,1,gate,calibration,good,train/good/023.png,1.188951
patchcore_r18_1,zipper,1,gate,calibration,good,train/good/024.png,1.341859
patchcore_r18_1,zipper,1,gate,calibration,good,train/good/029.png,1.180214
patchcore_r18_1,zipper,1,gate,calibration,good,train/good/031.png,1.204176
patchcore_r18_1,zipper,1,gate,calibration,good,train/good/043.png,1.240780
patchcore_r18_1,zipper,1,gate,calibration,good,train/good/052.png,1.214165
patchcore_r18_1,zipper,1,gate,calibration,good,train/good/059.png,1.236712
patchcore_r18_1,zipper,1,gate,calibration,good,train/good/063.png,1.265799
patchcore_r18_1,zipper,1,gate,calibration,good,train/good/070.png,1.260400
patchcore_r18_1,zipper,1,gate,calibration,good,train/good/078.png,1.248193
patchcore_r18_1,zipper,1,gate,calibration,good,train/good/086.png,1.249947
patchcore_r18_1,zipper,1,gate,calibration,good,train/good/088.png,1.242300
patchcore_r18_1,zipper,1,gate,calibration,good,train/good/099.png,1.163010
patchcore_r18_1,zipper,1,gate,calibration,good,train/good/105.png,1.191757
patchcore_r18_1,zipper,1,gate,calibration,good,train/good/108.png,1.207440
patchcore_r18_1,zipper,1,gate,calibration,good,train/good/111.png,1.192520
patchcore_r18_1,zipper,1,gate,calibration,good,train/good/113.png,1.145946
patchcore_r18_1,zipper,1,gate,calibration,good,train/good/124.png,1.213362
patchcore_r18_1,zipper,1,gate,calibration,good,train/good/125.png,1.231309
patchcore_r18_1,zipper,1,gate,calibration,good,train/good/130.png,1.278245
patchcore_r18_1,zipper,1,gate,calibration,good,train/good/134.png,1.274516
patchcore_r18_1,zipper,1,gate,calibration,good,train/good/140.png,1.341571
patchcore_r18_1,zipper,1,gate,calibration,good,train/good/143.png,1.288807
patchcore_r18_1,zipper,1,gate,calibration,good,train/good/156.png,1.221753
patchcore_r18_1,zipper,1,gate,calibration,good,train/good/157.png,1.164749
patchcore_r18_1,zipper,1,gate,calibration,good,train/good/166.png,1.247322
patchcore_r18_1,zipper,1,gate,calibration,good,train/good/171.png,1.246170
patchcore_r18_1,zipper,1,gate,calibration,good,train/good/173.png,1.316768
patchcore_r18_1,zipper,1,gate,calibration,good,train/good/177.png,1.318532
patchcore_r18_1,zipper,1,gate,calibration,good,train/good/182.png,1.308895
patchcore_r18_1,zipper,1,gate,calibration,good,train/good/190.png,1.321100
patchcore_r18_1,zipper,1,gate,calibration,good,train/good/191.png,1.200991
patchcore_r18_1,zipper,1,gate,calibration,good,train/good/204.png,1.233842
patchcore_r18_1,zipper,1,gate,calibration,good,train/good/211.png,1.233246
patchcore_r18_1,zipper,1,gate,calibration,good,train/good/213.png,1.205604
patchcore_r18_1,zipper,1,gate,calibration,good,train/good/219.png,1.189833
patchcore_r18_1,zipper,1,gate,calibration,good,train/good/222.png,1.240879
patchcore_r18_1,zipper,1,gate,calibration,good,train/good/237.png,1.276113
patchcore_r18_1,zipper,1,gate,test,broken_teeth,test/broken_teeth/000.png,1.687706
patchcore_r18_1,zipper,1,gate,test,broken_teeth,test/broken_teeth/001.png,1.796966
patchcore_r18_1,zipper,1,gate,test,broken_teeth,test/broken_teeth/002.png,1.576033
patchcore_r18_1,zipper,1,gate,test,broken_teeth,test/broken_teeth/003.png,2.069825
patchcore_r18_1,zipper,1,gate,test,broken_teeth,test/broken_teeth/004.png,1.771179
patchcore_r18_1,zipper,1,gate,test,broken_teeth,test/broken_teeth/005.png,1.642937
patchcore_r18_1,zipper,1,gate,test,broken_teeth,test/broken_teeth/006.png,1.869714
patchcore_r18_1,zipper,1,gate,test,broken_teeth,test/broken_teeth/007.png,2.162331
patchcore_r18_1,zipper,1,gate,test,broken_teeth,test/broken_teeth/008.png,1.913010
patchcore_r18_1,zipper,1,gate,test,broken_teeth,test/broken_teeth/009.png,1.405391
patchcore_r18_1,zipper,1,gate,test,broken_teeth,test/broken_teeth/010.png,1.849471
patchcore_r18_1,zipper,1,gate,test,broken_teeth,test/broken_teeth/011.png,2.126935
patchcore_r18_1,zipper,1,gate,test,broken_teeth,test/broken_teeth/012.png,1.801344
patchcore_r18_1,zipper,1,gate,test,broken_teeth,test/broken_teeth/013.png,2.089677
patchcore_r18_1,zipper,1,gate,test,broken_teeth,test/broken_teeth/014.png,1.737670
patchcore_r18_1,zipper,1,gate,test,broken_teeth,test/broken_teeth/015.png,1.763777
patchcore_r18_1,zipper,1,gate,test,broken_teeth,test/broken_teeth/016.png,1.519382
patchcore_r18_1,zipper,1,gate,test,broken_teeth,test/broken_teeth/017.png,2.291011
patchcore_r18_1,zipper,1,gate,test,broken_teeth,test/broken_teeth/018.png,2.143956
patchcore_r18_1,zipper,1,gate,test,combined,test/combined/000.png,2.197283
patchcore_r18_1,zipper,1,gate,test,combined,test/combined/001.png,1.840663
patchcore_r18_1,zipper,1,gate,test,combined,test/combined/002.png,1.771125
patchcore_r18_1,zipper,1,gate,test,combined,test/combined/003.png,2.305029
patchcore_r18_1,zipper,1,gate,test,combined,test/combined/004.png,1.847232
patchcore_r18_1,zipper,1,gate,test,combined,test/combined/005.png,2.287633
patchcore_r18_1,zipper,1,gate,test,combined,test/combined/006.png,3.182541
patchcore_r18_1,zipper,1,gate,test,combined,test/combined/007.png,1.887155
patchcore_r18_1,zipper,1,gate,test,combined,test/combined/008.png,1.934929
patchcore_r18_1,zipper,1,gate,test,combined,test/combined/009.png,1.928844
patchcore_r18_1,zipper,1,gate,test,combined,test/combined/010.png,2.685669
patchcore_r18_1,zipper,1,gate,test,combined,test/combined/011.png,2.691353
patchcore_r18_1,zipper,1,gate,test,combined,test/combined/012.png,2.038287
patchcore_r18_1,zipper,1,gate,test,combined,test/combined/013.png,2.444330
patchcore_r18_1,zipper,1,gate,test,combined,test/combined/014.png,1.855201
patchcore_r18_1,zipper,1,gate,test,combined,test/combined/015.png,2.680717
patchcore_r18_1,zipper,1,gate,test,fabric_border,test/fabric_border/000.png,2.285014
patchcore_r18_1,zipper,1,gate,test,fabric_border,test/fabric_border/001.png,2.806941
patchcore_r18_1,zipper,1,gate,test,fabric_border,test/fabric_border/002.png,1.992796
patchcore_r18_1,zipper,1,gate,test,fabric_border,test/fabric_border/003.png,2.599770
patchcore_r18_1,zipper,1,gate,test,fabric_border,test/fabric_border/004.png,2.670228
patchcore_r18_1,zipper,1,gate,test,fabric_border,test/fabric_border/005.png,3.469781
patchcore_r18_1,zipper,1,gate,test,fabric_border,test/fabric_border/006.png,2.346745
patchcore_r18_1,zipper,1,gate,test,fabric_border,test/fabric_border/007.png,2.462933
patchcore_r18_1,zipper,1,gate,test,fabric_border,test/fabric_border/008.png,2.341766
patchcore_r18_1,zipper,1,gate,test,fabric_border,test/fabric_border/009.png,2.703472
patchcore_r18_1,zipper,1,gate,test,fabric_border,test/fabric_border/010.png,2.556422
patchcore_r18_1,zipper,1,gate,test,fabric_border,test/fabric_border/011.png,2.522282
patchcore_r18_1,zipper,1,gate,test,fabric_border,test/fabric_border/012.png,2.090503
patchcore_r18_1,zipper,1,gate,test,fabric_border,test/fabric_border/013.png,2.409212
patchcore_r18_1,zipper,1,gate,test,fabric_border,test/fabric_border/014.png,2.515248
patchcore_r18_1,zipper,1,gate,test,fabric_border,test/fabric_border/015.png,2.497193
patchcore_r18_1,zipper,1,gate,test,fabric_border,test/fabric_border/016.png,2.600230
patchcore_r18_1,zipper,1,gate,test,fabric_interior,test/fabric_interior/000.png,1.728550
patchcore_r18_1,zipper,1,gate,test,fabric_interior,test/fabric_interior/001.png,1.450597
patchcore_r18_1,zipper,1,gate,test,fabric_interior,test/fabric_interior/002.png,1.881276
patchcore_r18_1,zipper,1,gate,test,fabric_interior,test/fabric_interior/003.png,1.816432
patchcore_r18_1,zipper,1,gate,test,fabric_interior,test/fabric_interior/004.png,2.003561
patchcore_r18_1,zipper,1,gate,test,fabric_interior,test/fabric_interior/005.png,1.719234
patchcore_r18_1,zipper,1,gate,test,fabric_interior,test/fabric_interior/006.png,1.946107
patchcore_r18_1,zipper,1,gate,test,fabric_interior,test/fabric_interior/007.png,1.269899
patchcore_r18_1,zipper,1,gate,test,fabric_interior,test/fabric_interior/008.png,1.873822
patchcore_r18_1,zipper,1,gate,test,fabric_interior,test/fabric_interior/009.png,1.627652
patchcore_r18_1,zipper,1,gate,test,fabric_interior,test/fabric_interior/010.png,1.524498
patchcore_r18_1,zipper,1,gate,test,fabric_interior,test/fabric_interior/011.png,1.766484
patchcore_r18_1,zipper,1,gate,test,fabric_interior,test/fabric_interior/012.png,1.423604
patchcore_r18_1,zipper,1,gate,test,fabric_interior,test/fabric_interior/013.png,1.721325
patchcore_r18_1,zipper,1,gate,test,fabric_interior,test/fabric_interior/014.png,1.773747
patchcore_r18_1,zipper,1,gate,test,fabric_interior,test/fabric_interior/015.png,1.630642
patchcore_r18_1,zipper,1,gate,test,good,test/good/000.png,1.231173
patchcore_r18_1,zipper,1,gate,test,good,test/good/001.png,1.281954
patchcore_r18_1,zipper,1,gate,test,good,test/good/002.png,1.323088
patchcore_r18_1,zipper,1,gate,test,good,test/good/003.png,1.341731
patchcore_r18_1,zipper,1,gate,test,good,test/good/004.png,1.260559
patchcore_r18_1,zipper,1,gate,test,good,test/good/005.png,1.183181
patchcore_r18_1,zipper,1,gate,test,good,test/good/006.png,1.163043
patchcore_r18_1,zipper,1,gate,test,good,test/good/007.png,1.275807
patchcore_r18_1,zipper,1,gate,test,good,test/good/008.png,1.247850
patchcore_r18_1,zipper,1,gate,test,good,test/good/009.png,1.220320
patchcore_r18_1,zipper,1,gate,test,good,test/good/010.png,1.158502
patchcore_r18_1,zipper,1,gate,test,good,test/good/011.png,1.301860
patchcore_r18_1,zipper,1,gate,test,good,test/good/012.png,1.241691
patchcore_r18_1,zipper,1,gate,test,good,test/good/013.png,1.238684
patchcore_r18_1,zipper,1,gate,test,good,test/good/014.png,1.217859
patchcore_r18_1,zipper,1,gate,test,good,test/good/015.png,1.229661
patchcore_r18_1,zipper,1,gate,test,good,test/good/016.png,1.222551
patchcore_r18_1,zipper,1,gate,test,good,test/good/017.png,1.412356
patchcore_r18_1,zipper,1,gate,test,good,test/good/018.png,1.251184
patchcore_r18_1,zipper,1,gate,test,good,test/good/019.png,1.302920
patchcore_r18_1,zipper,1,gate,test,good,test/good/020.png,1.211804
patchcore_r18_1,zipper,1,gate,test,good,test/good/021.png,1.442782
patchcore_r18_1,zipper,1,gate,test,good,test/good/022.png,1.828951
patchcore_r18_1,zipper,1,gate,test,good,test/good/023.png,1.229686
patchcore_r18_1,zipper,1,gate,test,good,test/good/024.png,1.294709
patchcore_r18_1,zipper,1,gate,test,good,test/good/025.png,1.319612
patchcore_r18_1,zipper,1,gate,test,good,test/good/026.png,1.407570
patchcore_r18_1,zipper,1,gate,test,good,test/good/027.png,1.592779
patchcore_r18_1,zipper,1,gate,test,good,test/good/028.png,1.193431
patchcore_r18_1,zipper,1,gate,test,good,test/good/029.png,1.263800
patchcore_r18_1,zipper,1,gate,test,good,test/good/030.png,1.186267
patchcore_r18_1,zipper,1,gate,test,good,test/good/031.png,1.166294
patchcore_r18_1,zipper,1,gate,test,rough,test/rough/000.png,1.892115
patchcore_r18_1,zipper,1,gate,test,rough,test/rough/001.png,2.194732
patchcore_r18_1,zipper,1,gate,test,rough,test/rough/002.png,1.901336
patchcore_r18_1,zipper,1,gate,test,rough,test/rough/003.png,2.097922
patchcore_r18_1,zipper,1,gate,test,rough,test/rough/004.png,2.071663
patchcore_r18_1,zipper,1,gate,test,rough,test/rough/005.png,1.867679
patchcore_r18_1,zipper,1,gate,test,rough,test/rough/006.png,1.950725
patchcore_r18_1,zipper,1,gate,test,rough,test/rough/007.png,1.810088
patchcore_r18_1,zipper,1,gate,test,rough,test/rough/008.png,1.722332
patchcore_r18_1,zipper,1,gate,test,rough,test/rough/009.png,2.107548
patchcore_r18_1,zipper,1,gate,test,rough,test/rough/010.png,2.024009
patchcore_r18_1,zipper,1,gate,test,rough,test/rough/011.png,2.069499
patchcore_r18_1,zipper,1,gate,test,rough,test/rough/012.png,1.742024
patchcore_r18_1,zipper,1,gate,test,rough,test/rough/013.png,2.048956
patchcore_r18_1,zipper,1,gate,test,rough,test/rough/014.png,1.868041
patchcore_r18_1,zipper,1,gate,test,rough,test/rough/015.png,1.975621
patchcore_r18_1,zipper,1,gate,test,rough,test/rough/016.png,1.894168
patchcore_r18_1,zipper,1,gate,test,split_teeth,test/split_teeth/000.png,1.601505
patchcore_r18_1,zipper,1,gate,test,split_teeth,test/split_teeth/001.png,1.797950
patchcore_r18_1,zipper,1,gate,test,split_teeth,test/split_teeth/002.png,1.784787
patchcore_r18_1,zipper,1,gate,test,split_teeth,test/split_teeth/003.png,1.708808
patchcore_r18_1,zipper,1,gate,test,split_teeth,test/split_teeth/004.png,1.949253
patchcore_r18_1,zipper,1,gate,test,split_teeth,test/split_teeth/005.png,1.751816
patchcore_r18_1,zipper,1,gate,test,split_teeth,test/split_teeth/006.png,1.781955
patchcore_r18_1,zipper,1,gate,test,split_teeth,test/split_teeth/007.png,1.821747
patchcore_r18_1,zipper,1,gate,test,split_teeth,test/split_teeth/008.png,1.766724
patchcore_r18_1,zipper,1,gate,test,split_teeth,test/split_teeth/009.png,1.746371
patchcore_r18_1,zipper,1,gate,test,split_teeth,test/split_teeth/010.png,1.804382
patchcore_r18_1,zipper,1,gate,test,split_teeth,test/split_teeth/011.png,1.861706
patchcore_r18_1,zipper,1,gate,test,split_teeth,test/split_teeth/012.png,2.142104
patchcore_r18_1,zipper,1,gate,test,split_teeth,test/split_teeth/013.png,1.744768
patchcore_r18_1,zipper,1,gate,test,split_teeth,test/split_teeth/014.png,1.895089
patchcore_r18_1,zipper,1,gate,test,split_teeth,test/split_teeth/015.png,2.198260
patchcore_r18_1,zipper,1,gate,test,split_teeth,test/split_teeth/016.png,2.016048
patchcore_r18_1,zipper,1,gate,test,split_teeth,test/split_teeth/017.png,2.067280
patchcore_r18_1,zipper,1,gate,test,squeezed_teeth,test/squeezed_teeth/000.png,1.781257
patchcore_r18_1,zipper,1,gate,test,squeezed_teeth,test/squeezed_teeth/001.png,1.790824
patchcore_r18_1,zipper,1,gate,test,squeezed_teeth,test/squeezed_teeth/002.png,2.105152
patchcore_r18_1,zipper,1,gate,test,squeezed_teeth,test/squeezed_teeth/003.png,1.838004
patchcore_r18_1,zipper,1,gate,test,squeezed_teeth,test/squeezed_teeth/004.png,1.537885
patchcore_r18_1,zipper,1,gate,test,squeezed_teeth,test/squeezed_teeth/005.png,1.515240
patchcore_r18_1,zipper,1,gate,test,squeezed_teeth,test/squeezed_teeth/006.png,1.604103
patchcore_r18_1,zipper,1,gate,test,squeezed_teeth,test/squeezed_teeth/007.png,1.601120
patchcore_r18_1,zipper,1,gate,test,squeezed_teeth,test/squeezed_teeth/008.png,1.393604
patchcore_r18_1,zipper,1,gate,test,squeezed_teeth,test/squeezed_teeth/009.png,1.515164
patchcore_r18_1,zipper,1,gate,test,squeezed_teeth,test/squeezed_teeth/010.png,1.666732
patchcore_r18_1,zipper,1,gate,test,squeezed_teeth,test/squeezed_teeth/011.png,1.633849
patchcore_r18_1,zipper,1,gate,test,squeezed_teeth,test/squeezed_teeth/012.png,1.652246
patchcore_r18_1,zipper,1,gate,test,squeezed_teeth,test/squeezed_teeth/013.png,1.618243
patchcore_r18_1,zipper,1,gate,test,squeezed_teeth,test/squeezed_teeth/014.png,2.064927
patchcore_r18_1,zipper,1,gate,test,squeezed_teeth,test/squeezed_teeth/015.png,1.991091
patchcore_r18_1,zipper,2,full,test,broken_teeth,test/broken_teeth/000.png,1.634603
patchcore_r18_1,zipper,2,full,test,broken_teeth,test/broken_teeth/001.png,1.794748
patchcore_r18_1,zipper,2,full,test,broken_teeth,test/broken_teeth/002.png,1.511492
patchcore_r18_1,zipper,2,full,test,broken_teeth,test/broken_teeth/003.png,2.045499
patchcore_r18_1,zipper,2,full,test,broken_teeth,test/broken_teeth/004.png,1.790774
patchcore_r18_1,zipper,2,full,test,broken_teeth,test/broken_teeth/005.png,1.744785
patchcore_r18_1,zipper,2,full,test,broken_teeth,test/broken_teeth/006.png,1.859146
patchcore_r18_1,zipper,2,full,test,broken_teeth,test/broken_teeth/007.png,2.118319
patchcore_r18_1,zipper,2,full,test,broken_teeth,test/broken_teeth/008.png,1.865631
patchcore_r18_1,zipper,2,full,test,broken_teeth,test/broken_teeth/009.png,1.462450
patchcore_r18_1,zipper,2,full,test,broken_teeth,test/broken_teeth/010.png,1.893976
patchcore_r18_1,zipper,2,full,test,broken_teeth,test/broken_teeth/011.png,2.136700
patchcore_r18_1,zipper,2,full,test,broken_teeth,test/broken_teeth/012.png,1.754404
patchcore_r18_1,zipper,2,full,test,broken_teeth,test/broken_teeth/013.png,2.123560
patchcore_r18_1,zipper,2,full,test,broken_teeth,test/broken_teeth/014.png,1.708444
patchcore_r18_1,zipper,2,full,test,broken_teeth,test/broken_teeth/015.png,1.684391
patchcore_r18_1,zipper,2,full,test,broken_teeth,test/broken_teeth/016.png,1.501463
patchcore_r18_1,zipper,2,full,test,broken_teeth,test/broken_teeth/017.png,2.255206
patchcore_r18_1,zipper,2,full,test,broken_teeth,test/broken_teeth/018.png,2.183012
patchcore_r18_1,zipper,2,full,test,combined,test/combined/000.png,2.109262
patchcore_r18_1,zipper,2,full,test,combined,test/combined/001.png,1.871600
patchcore_r18_1,zipper,2,full,test,combined,test/combined/002.png,1.652135
patchcore_r18_1,zipper,2,full,test,combined,test/combined/003.png,2.206572
patchcore_r18_1,zipper,2,full,test,combined,test/combined/004.png,1.858755
patchcore_r18_1,zipper,2,full,test,combined,test/combined/005.png,2.278193
patchcore_r18_1,zipper,2,full,test,combined,test/combined/006.png,3.182541
patchcore_r18_1,zipper,2,full,test,combined,test/combined/007.png,1.892854
patchcore_r18_1,zipper,2,full,test,combined,test/combined/008.png,1.865229
patchcore_r18_1,zipper,2,full,test,combined,test/combined/009.png,2.022671
patchcore_r18_1,zipper,2,full,test,combined,test/combined/010.png,2.813819
patchcore_r18_1,zipper,2,full,test,combined,test/combined/011.png,2.691353
patchcore_r18_1,zipper,2,full,test,combined,test/combined/012.png,2.037464
patchcore_r18_1,zipper,2,full,test,combined,test/combined/013.png,2.380178
patchcore_r18_1,zipper,2,full,test,combined,test/combined/014.png,1.793161
patchcore_r18_1,zipper,2,full,test,combined,test/combined/015.png,2.574660
patchcore_r18_1,zipper,2,full,test,fabric_border,test/fabric_border/000.png,2.285014
patchcore_r18_1,zipper,2,full,test,fabric_border,test/fabric_border/001.png,2.768662
patchcore_r18_1,zipper,2,full,test,fabric_border,test/fabric_border/002.png,1.992791
patchcore_r18_1,zipper,2,full,test,fabric_border,test/fabric_border/003.png,2.599770
patchcore_r18_1,zipper,2,full,test,fabric_border,test/fabric_border/004.png,2.626933
patchcore_r18_1,zipper,2,full,test,fabric_border,test/fabric_border/005.png,3.515273
patchcore_r18_1,zipper,2,full,test,fabric_border,test/fabric_border/006.png,2.306048
patchcore_r18_1,zipper,2,full,test,fabric_border,test/fabric_border/007.png,2.462933
patchcore_r18_1,zipper,2,full,test,fabric_border,test/fabric_border/008.png,2.314927
patchcore_r18_1,zipper,2,full,test,fabric_border,test/fabric_border/009.png,2.703472
patchcore_r18_1,zipper,2,full,test,fabric_border,test/fabric_border/010.png,2.556422
patchcore_r18_1,zipper,2,full,test,fabric_border,test/fabric_border/011.png,2.569340
patchcore_r18_1,zipper,2,full,test,fabric_border,test/fabric_border/012.png,2.098913
patchcore_r18_1,zipper,2,full,test,fabric_border,test/fabric_border/013.png,2.409212
patchcore_r18_1,zipper,2,full,test,fabric_border,test/fabric_border/014.png,2.515248
patchcore_r18_1,zipper,2,full,test,fabric_border,test/fabric_border/015.png,2.469322
patchcore_r18_1,zipper,2,full,test,fabric_border,test/fabric_border/016.png,2.648097
patchcore_r18_1,zipper,2,full,test,fabric_interior,test/fabric_interior/000.png,1.739284
patchcore_r18_1,zipper,2,full,test,fabric_interior,test/fabric_interior/001.png,1.421947
patchcore_r18_1,zipper,2,full,test,fabric_interior,test/fabric_interior/002.png,1.766295
patchcore_r18_1,zipper,2,full,test,fabric_interior,test/fabric_interior/003.png,1.864002
patchcore_r18_1,zipper,2,full,test,fabric_interior,test/fabric_interior/004.png,1.946978
patchcore_r18_1,zipper,2,full,test,fabric_interior,test/fabric_interior/005.png,1.752390
patchcore_r18_1,zipper,2,full,test,fabric_interior,test/fabric_interior/006.png,1.840684
patchcore_r18_1,zipper,2,full,test,fabric_interior,test/fabric_interior/007.png,1.197525
patchcore_r18_1,zipper,2,full,test,fabric_interior,test/fabric_interior/008.png,1.829364
patchcore_r18_1,zipper,2,full,test,fabric_interior,test/fabric_interior/009.png,1.576649
patchcore_r18_1,zipper,2,full,test,fabric_interior,test/fabric_interior/010.png,1.505645
patchcore_r18_1,zipper,2,full,test,fabric_interior,test/fabric_interior/011.png,1.635811
patchcore_r18_1,zipper,2,full,test,fabric_interior,test/fabric_interior/012.png,1.552659
patchcore_r18_1,zipper,2,full,test,fabric_interior,test/fabric_interior/013.png,1.709853
patchcore_r18_1,zipper,2,full,test,fabric_interior,test/fabric_interior/014.png,1.793517
patchcore_r18_1,zipper,2,full,test,fabric_interior,test/fabric_interior/015.png,1.668045
patchcore_r18_1,zipper,2,full,test,good,test/good/000.png,1.216987
patchcore_r18_1,zipper,2,full,test,good,test/good/001.png,1.382606
patchcore_r18_1,zipper,2,full,test,good,test/good/002.png,1.247201
patchcore_r18_1,zipper,2,full,test,good,test/good/003.png,1.226584
patchcore_r18_1,zipper,2,full,test,good,test/good/004.png,1.251313
patchcore_r18_1,zipper,2,full,test,good,test/good/005.png,1.138169
patchcore_r18_1,zipper,2,full,test,good,test/good/006.png,1.138983
patchcore_r18_1,zipper,2,full,test,good,test/good/007.png,1.276548
patchcore_r18_1,zipper,2,full,test,good,test/good/008.png,1.246640
patchcore_r18_1,zipper,2,full,test,good,test/good/009.png,1.262142
patchcore_r18_1,zipper,2,full,test,good,test/good/010.png,1.185170
patchcore_r18_1,zipper,2,full,test,good,test/good/011.png,1.302257
patchcore_r18_1,zipper,2,full,test,good,test/good/012.png,1.187077
patchcore_r18_1,zipper,2,full,test,good,test/good/013.png,1.188325
patchcore_r18_1,zipper,2,full,test,good,test/good/014.png,1.207512
patchcore_r18_1,zipper,2,full,test,good,test/good/015.png,1.262338
patchcore_r18_1,zipper,2,full,test,good,test/good/016.png,1.218986
patchcore_r18_1,zipper,2,full,test,good,test/good/017.png,1.393918
patchcore_r18_1,zipper,2,full,test,good,test/good/018.png,1.242873
patchcore_r18_1,zipper,2,full,test,good,test/good/019.png,1.270894
patchcore_r18_1,zipper,2,full,test,good,test/good/020.png,1.279391
patchcore_r18_1,zipper,2,full,test,good,test/good/021.png,1.350314
patchcore_r18_1,zipper,2,full,test,good,test/good/022.png,1.821484
patchcore_r18_1,zipper,2,full,test,good,test/good/023.png,1.241781
patchcore_r18_1,zipper,2,full,test,good,test/good/024.png,1.332806
patchcore_r18_1,zipper,2,full,test,good,test/good/025.png,1.206338
patchcore_r18_1,zipper,2,full,test,good,test/good/026.png,1.242691
patchcore_r18_1,zipper,2,full,test,good,test/good/027.png,1.498713
patchcore_r18_1,zipper,2,full,test,good,test/good/028.png,1.200996
patchcore_r18_1,zipper,2,full,test,good,test/good/029.png,1.317345
patchcore_r18_1,zipper,2,full,test,good,test/good/030.png,1.150873
patchcore_r18_1,zipper,2,full,test,good,test/good/031.png,1.155015
patchcore_r18_1,zipper,2,full,test,rough,test/rough/000.png,1.887591
patchcore_r18_1,zipper,2,full,test,rough,test/rough/001.png,2.194732
patchcore_r18_1,zipper,2,full,test,rough,test/rough/002.png,1.870538
patchcore_r18_1,zipper,2,full,test,rough,test/rough/003.png,2.001237
patchcore_r18_1,zipper,2,full,test,rough,test/rough/004.png,2.047228
patchcore_r18_1,zipper,2,full,test,rough,test/rough/005.png,1.832208
patchcore_r18_1,zipper,2,full,test,rough,test/rough/006.png,1.982621
patchcore_r18_1,zipper,2,full,test,rough,test/rough/007.png,1.738733
patchcore_r18_1,zipper,2,full,test,rough,test/rough/008.png,1.843643
patchcore_r18_1,zipper,2,full,test,rough,test/rough/009.png,2.083999
patchcore_r18_1,zipper,2,full,test,rough,test/rough/010.png,2.063963
patchcore_r18_1,zipper,2,full,test,rough,test/rough/011.png,2.031690
patchcore_r18_1,zipper,2,full,test,rough,test/rough/012.png,1.698359
patchcore_r18_1,zipper,2,full,test,rough,test/rough/013.png,2.088772
patchcore_r18_1,zipper,2,full,test,rough,test/rough/014.png,1.847471
patchcore_r18_1,zipper,2,full,test,rough,test/rough/015.png,1.953834
patchcore_r18_1,zipper,2,full,test,rough,test/rough/016.png,1.895661
patchcore_r18_1,zipper,2,full,test,split_teeth,test/split_teeth/000.png,1.518715
patchcore_r18_1,zipper,2,full,test,split_teeth,test/split_teeth/001.png,1.753945
patchcore_r18_1,zipper,2,full,test,split_teeth,test/split_teeth/002.png,1.854929
patchcore_r18_1,zipper,2,full,test,split_teeth,test/split_teeth/003.png,1.787813
patchcore_r18_1,zipper,2,full,test,split_teeth,test/split_teeth/004.png,1.965355
patchcore_r18_1,zipper,2,full,test,split_teeth,test/split_teeth/005.png,1.830128
patchcore_r18_1,zipper,2,full,test,split_teeth,test/split_teeth/006.png,1.733204
patchcore_r18_1,zipper,2,full,test,split_teeth,test/split_teeth/007.png,1.723330
patchcore_r18_1,zipper,2,full,test,split_teeth,test/split_teeth/008.png,1.674648
patchcore_r18_1,zipper,2,full,test,split_teeth,test/split_teeth/009.png,1.697861
patchcore_r18_1,zipper,2,full,test,split_teeth,test/split_teeth/010.png,1.827841
patchcore_r18_1,zipper,2,full,test,split_teeth,test/split_teeth/011.png,1.914340
patchcore_r18_1,zipper,2,full,test,split_teeth,test/split_teeth/012.png,2.077107
patchcore_r18_1,zipper,2,full,test,split_teeth,test/split_teeth/013.png,1.699102
patchcore_r18_1,zipper,2,full,test,split_teeth,test/split_teeth/014.png,1.918907
patchcore_r18_1,zipper,2,full,test,split_teeth,test/split_teeth/015.png,2.196936
patchcore_r18_1,zipper,2,full,test,split_teeth,test/split_teeth/016.png,1.983153
patchcore_r18_1,zipper,2,full,test,split_teeth,test/split_teeth/017.png,2.061141
patchcore_r18_1,zipper,2,full,test,squeezed_teeth,test/squeezed_teeth/000.png,1.705384
patchcore_r18_1,zipper,2,full,test,squeezed_teeth,test/squeezed_teeth/001.png,1.851131
patchcore_r18_1,zipper,2,full,test,squeezed_teeth,test/squeezed_teeth/002.png,2.057806
patchcore_r18_1,zipper,2,full,test,squeezed_teeth,test/squeezed_teeth/003.png,1.856375
patchcore_r18_1,zipper,2,full,test,squeezed_teeth,test/squeezed_teeth/004.png,1.636230
patchcore_r18_1,zipper,2,full,test,squeezed_teeth,test/squeezed_teeth/005.png,1.454383
patchcore_r18_1,zipper,2,full,test,squeezed_teeth,test/squeezed_teeth/006.png,1.578544
patchcore_r18_1,zipper,2,full,test,squeezed_teeth,test/squeezed_teeth/007.png,1.604627
patchcore_r18_1,zipper,2,full,test,squeezed_teeth,test/squeezed_teeth/008.png,1.339522
patchcore_r18_1,zipper,2,full,test,squeezed_teeth,test/squeezed_teeth/009.png,1.477255
patchcore_r18_1,zipper,2,full,test,squeezed_teeth,test/squeezed_teeth/010.png,1.703353
patchcore_r18_1,zipper,2,full,test,squeezed_teeth,test/squeezed_teeth/011.png,1.664144
patchcore_r18_1,zipper,2,full,test,squeezed_teeth,test/squeezed_teeth/012.png,1.571063
patchcore_r18_1,zipper,2,full,test,squeezed_teeth,test/squeezed_teeth/013.png,1.652032
patchcore_r18_1,zipper,2,full,test,squeezed_teeth,test/squeezed_teeth/014.png,2.063352
patchcore_r18_1,zipper,2,full,test,squeezed_teeth,test/squeezed_teeth/015.png,1.956188
patchcore_r18_1,zipper,2,gate,calibration,good,train/good/011.png,1.198274
patchcore_r18_1,zipper,2,gate,calibration,good,train/good/026.png,1.183766
patchcore_r18_1,zipper,2,gate,calibration,good,train/good/032.png,1.321409
patchcore_r18_1,zipper,2,gate,calibration,good,train/good/039.png,1.264990
patchcore_r18_1,zipper,2,gate,calibration,good,train/good/042.png,1.227869
patchcore_r18_1,zipper,2,gate,calibration,good,train/good/047.png,1.286932
patchcore_r18_1,zipper,2,gate,calibration,good,train/good/048.png,1.222328
patchcore_r18_1,zipper,2,gate,calibration,good,train/good/052.png,1.192699
patchcore_r18_1,zipper,2,gate,calibration,good,train/good/053.png,1.251630
patchcore_r18_1,zipper,2,gate,calibration,good,train/good/059.png,1.175775
patchcore_r18_1,zipper,2,gate,calibration,good,train/good/061.png,1.284928
patchcore_r18_1,zipper,2,gate,calibration,good,train/good/067.png,1.383610
patchcore_r18_1,zipper,2,gate,calibration,good,train/good/069.png,1.189889
patchcore_r18_1,zipper,2,gate,calibration,good,train/good/071.png,1.178656
patchcore_r18_1,zipper,2,gate,calibration,good,train/good/074.png,1.265364
patchcore_r18_1,zipper,2,gate,calibration,good,train/good/078.png,1.257075
patchcore_r18_1,zipper,2,gate,calibration,good,train/good/086.png,1.278321
patchcore_r18_1,zipper,2,gate,calibration,good,train/good/089.png,1.231608
patchcore_r18_1,zipper,2,gate,calibration,good,train/good/107.png,1.195664
patchcore_r18_1,zipper,2,gate,calibration,good,train/good/112.png,1.172297
patchcore_r18_1,zipper,2,gate,calibration,good,train/good/114.png,1.232873
patchcore_r18_1,zipper,2,gate,calibration,good,train/good/115.png,1.456278
patchcore_r18_1,zipper,2,gate,calibration,good,train/good/116.png,1.262832
patchcore_r18_1,zipper,2,gate,calibration,good,train/good/118.png,1.254452
patchcore_r18_1,zipper,2,gate,calibration,good,train/good/120.png,1.235382
patchcore_r18_1,zipper,2,gate,calibration,good,train/good/126.png,1.208659
patchcore_r18_1,zipper,2,gate,calibration,good,train/good/127.png,1.211287
patchcore_r18_1,zipper,2,gate,calibration,good,train/good/131.png,1.348053
patchcore_r18_1,zipper,2,gate,calibration,good,train/good/134.png,1.457490
patchcore_r18_1,zipper,2,gate,calibration,good,train/good/140.png,1.309383
patchcore_r18_1,zipper,2,gate,calibration,good,train/good/147.png,1.254407
patchcore_r18_1,zipper,2,gate,calibration,good,train/good/151.png,1.207428
patchcore_r18_1,zipper,2,gate,calibration,good,train/good/153.png,1.198151
patchcore_r18_1,zipper,2,gate,calibration,good,train/good/162.png,1.202150
patchcore_r18_1,zipper,2,gate,calibration,good,train/good/170.png,1.231937
patchcore_r18_1,zipper,2,gate,calibration,good,train/good/177.png,1.317110
patchcore_r18_1,zipper,2,gate,calibration,good,train/good/184.png,1.231107
patchcore_r18_1,zipper,2,gate,calibration,good,train/good/189.png,1.296801
patchcore_r18_1,zipper,2,gate,calibration,good,train/good/194.png,1.283859
patchcore_r18_1,zipper,2,gate,calibration,good,train/good/198.png,1.364657
patchcore_r18_1,zipper,2,gate,calibration,good,train/good/206.png,1.317051
patchcore_r18_1,zipper,2,gate,calibration,good,train/good/215.png,1.269157
patchcore_r18_1,zipper,2,gate,calibration,good,train/good/217.png,1.294274
patchcore_r18_1,zipper,2,gate,calibration,good,train/good/228.png,1.214534
patchcore_r18_1,zipper,2,gate,calibration,good,train/good/230.png,1.280062
patchcore_r18_1,zipper,2,gate,calibration,good,train/good/232.png,1.288534
patchcore_r18_1,zipper,2,gate,calibration,good,train/good/234.png,1.383342
patchcore_r18_1,zipper,2,gate,calibration,good,train/good/237.png,1.251192
patchcore_r18_1,zipper,2,gate,test,broken_teeth,test/broken_teeth/000.png,1.661089
patchcore_r18_1,zipper,2,gate,test,broken_teeth,test/broken_teeth/001.png,1.858301
patchcore_r18_1,zipper,2,gate,test,broken_teeth,test/broken_teeth/002.png,1.511492
patchcore_r18_1,zipper,2,gate,test,broken_teeth,test/broken_teeth/003.png,2.105762
patchcore_r18_1,zipper,2,gate,test,broken_teeth,test/broken_teeth/004.png,1.757628
patchcore_r18_1,zipper,2,gate,test,broken_teeth,test/broken_teeth/005.png,1.740185
patchcore_r18_1,zipper,2,gate,test,broken_teeth,test/broken_teeth/006.png,1.830350
patchcore_r18_1,zipper,2,gate,test,broken_teeth,test/broken_teeth/007.png,2.118453
patchcore_r18_1,zipper,2,gate,test,broken_teeth,test/broken_teeth/008.png,1.928412
patchcore_r18_1,zipper,2,gate,test,broken_teeth,test/broken_teeth/009.png,1.431169
patchcore_r18_1,zipper,2,gate,test,broken_teeth,test/broken_teeth/010.png,1.883501
patchcore_r18_1,zipper,2,gate,test,broken_teeth,test/broken_teeth/011.png,2.136700
patchcore_r18_1,zipper,2,gate,test,broken_teeth,test/broken_teeth/012.png,1.737495
patchcore_r18_1,zipper,2,gate,test,broken_teeth,test/broken_teeth/013.png,2.123939
patchcore_r18_1,zipper,2,gate,test,broken_teeth,test/broken_teeth/014.png,1.801608
patchcore_r18_1,zipper,2,gate,test,broken_teeth,test/broken_teeth/015.png,1.730464
patchcore_r18_1,zipper,2,gate,test,broken_teeth,test/broken_teeth/016.png,1.424207
patchcore_r18_1,zipper,2,gate,test,broken_teeth,test/broken_teeth/017.png,2.284214
patchcore_r18_1,zipper,2,gate,test,broken_teeth,test/broken_teeth/018.png,2.237213
patchcore_r18_1,zipper,2,gate,test,combined,test/combined/000.png,2.147448
patchcore_r18_1,zipper,2,gate,test,combined,test/combined/001.png,1.876248
patchcore_r18_1,zipper,2,gate,test,combined,test/combined/002.png,1.739885
patchcore_r18_1,zipper,2,gate,test,combined,test/combined/003.png,2.206572
patchcore_r18_1,zipper,2,gate,test,combined,test/combined/004.png,1.926158
patchcore_r18_1,zipper,2,gate,test,combined,test/combined/005.png,2.287185
patchcore_r18_1,zipper,2,gate,test,combined,test/combined/006.png,3.134391
patchcore_r18_1,zipper,2,gate,test,combined,test/combined/007.png,1.848068
patchcore_r18_1,zipper,2,gate,test,combined,test/combined/008.png,1.880655
patchcore_r18_1,zipper,2,gate,test,combined,test/combined/009.png,1.950080
patchcore_r18_1,zipper,2,gate,test,combined,test/combined/010.png,2.776445
patchcore_r18_1,zipper,2,gate,test,combined,test/combined/011.png,2.691353
patchcore_r18_1,zipper,2,gate,test,combined,test/combined/012.png,1.989315
patchcore_r18_1,zipper,2,gate,test,combined,test/combined/013.png,2.389094
patchcore_r18_1,zipper,2,gate,test,combined,test/combined/014.png,1.740874
patchcore_r18_1,zipper,2,gate,test,combined,test/combined/015.png,2.650081
patchcore_r18_1,zipper,2,gate,test,fabric_border,test/fabric_border/000.png,2.299981
patchcore_r18_1,zipper,2,gate,test,fabric_border,test/fabric_border/001.png,2.774985
patchcore_r18_1,zipper,2,gate,test,fabric_border,test/fabric_border/002.png,1.977510
patchcore_r18_1,zipper,2,gate,test,fabric_border,test/fabric_border/003.png,2.570831
patchcore_r18_1,zipper,2,gate,test,fabric_border,test/fabric_border/004.png,2.782023
patchcore_r18_1,zipper,2,gate,test,fabric_border,test/fabric_border/005.png,3.459429
patchcore_r18_1,zipper,2,gate,test,fabric_border,test/fabric_border/006.png,2.306048
patchcore_r18_1,zipper,2,gate,test,fabric_border,test/fabric_border/007.png,2.531134
patchcore_r18_1,zipper,2,gate,test,fabric_border,test/fabric_border/008.png,2.315502
patchcore_r18_1,zipper,2,gate,test,fabric_border,test/fabric_border/009.png,2.730766
patchcore_r18_1,zipper,2,gate,test,fabric_border,test/fabric_border/010.png,2.557740
patchcore_r18_1,zipper,2,gate,test,fabric_border,test/fabric_border/011.png,2.563029
patchcore_r18_1,zipper,2,gate,test,fabric_border,test/fabric_border/012.png,2.131323
patchcore_r18_1,zipper,2,gate,test,fabric_border,test/fabric_border/013.png,2.409212
patchcore_r18_1,zipper,2,gate,test,fabric_border,test/fabric_border/014.png,2.515248
patchcore_r18_1,zipper,2,gate,test,fabric_border,test/fabric_border/015.png,2.532894
patchcore_r18_1,zipper,2,gate,test,fabric_border,test/fabric_border/016.png,2.648097
patchcore_r18_1,zipper,2,gate,test,fabric_interior,test/fabric_interior/000.png,1.775366
patchcore_r18_1,zipper,2,gate,test,fabric_interior,test/fabric_interior/001.png,1.421947
patchcore_r18_1,zipper,2,gate,test,fabric_interior,test/fabric_interior/002.png,1.780390
patchcore_r18_1,zipper,2,gate,test,fabric_interior,test/fabric_interior/003.png,1.816569
patchcore_r18_1,zipper,2,gate,test,fabric_interior,test/fabric_interior/004.png,1.972450
patchcore_r18_1,zipper,2,gate,test,fabric_interior,test/fabric_interior/005.png,1.752390
patchcore_r18_1,zipper,2,gate,test,fabric_interior,test/fabric_interior/006.png,1.898573
patchcore_r18_1,zipper,2,gate,test,fabric_interior,test/fabric_interior/007.png,1.220869
patchcore_r18_1,zipper,2,gate,test,fabric_interior,test/fabric_interior/008.png,1.829364
patchcore_r18_1,zipper,2,gate,test,fabric_interior,test/fabric_interior/009.png,1.710599
patchcore_r18_1,zipper,2,gate,test,fabric_interior,test/fabric_interior/010.png,1.495862
patchcore_r18_1,zipper,2,gate,test,fabric_interior,test/fabric_interior/011.png,1.669621
patchcore_r18_1,zipper,2,gate,test,fabric_interior,test/fabric_interior/012.png,1.571337
patchcore_r18_1,zipper,2,gate,test,fabric_interior,test/fabric_interior/013.png,1.742839
patchcore_r18_1,zipper,2,gate,test,fabric_interior,test/fabric_interior/014.png,1.782365
patchcore_r18_1,zipper,2,gate,test,fabric_interior,test/fabric_interior/015.png,1.612839
patchcore_r18_1,zipper,2,gate,test,good,test/good/000.png,1.257397
patchcore_r18_1,zipper,2,gate,test,good,test/good/001.png,1.423875
patchcore_r18_1,zipper,2,gate,test,good,test/good/002.png,1.313307
patchcore_r18_1,zipper,2,gate,test,good,test/good/003.png,1.279966
patchcore_r18_1,zipper,2,gate,test,good,test/good/004.png,1.243757
patchcore_r18_1,zipper,2,gate,test,good,test/good/005.png,1.194794
patchcore_r18_1,zipper,2,gate,test,good,test/good/006.png,1.200703
patchcore_r18_1,zipper,2,gate,test,good,test/good/007.png,1.284690
patchcore_r18_1,zipper,2,gate,test,good,test/good/008.png,1.246831
patchcore_r18_1,zipper,2,gate,test,good,test/good/009.png,1.195139
patchcore_r18_1,zipper,2,gate,test,good,test/good/010.png,1.150367
patchcore_r18_1,zipper,2,gate,test,good,test/good/011.png,1.307580
patchcore_r18_1,zipper,2,gate,test,good,test/good/012.png,1.215131
patchcore_r18_1,zipper,2,gate,test,good,test/good/013.png,1.206911
patchcore_r18_1,zipper,2,gate,test,good,test/good/014.png,1.294351
patchcore_r18_1,zipper,2,gate,test,good,test/good/015.png,1.291779
patchcore_r18_1,zipper,2,gate,test,good,test/good/016.png,1.214324
patchcore_r18_1,zipper,2,gate,test,good,test/good/017.png,1.397291
patchcore_r18_1,zipper,2,gate,test,good,test/good/018.png,1.299766
patchcore_r18_1,zipper,2,gate,test,good,test/good/019.png,1.400294
patchcore_r18_1,zipper,2,gate,test,good,test/good/020.png,1.187707
patchcore_r18_1,zipper,2,gate,test,good,test/good/021.png,1.440429
patchcore_r18_1,zipper,2,gate,test,good,test/good/022.png,1.775327
patchcore_r18_1,zipper,2,gate,test,good,test/good/023.png,1.240733
patchcore_r18_1,zipper,2,gate,test,good,test/good/024.png,1.292839
patchcore_r18_1,zipper,2,gate,test,good,test/good/025.png,1.243739
patchcore_r18_1,zipper,2,gate,test,good,test/good/026.png,1.426011
patchcore_r18_1,zipper,2,gate,test,good,test/good/027.png,1.546278
patchcore_r18_1,zipper,2,gate,test,good,test/good/028.png,1.220358
patchcore_r18_1,zipper,2,gate,test,good,test/good/029.png,1.367495
patchcore_r18_1,zipper,2,gate,test,good,test/good/030.png,1.208275
patchcore_r18_1,zipper,2,gate,test,good,test/good/031.png,1.183972
patchcore_r18_1,zipper,2,gate,test,rough,test/rough/000.png,1.885258
patchcore_r18_1,zipper,2,gate,test,rough,test/rough/001.png,2.189261
patchcore_r18_1,zipper,2,gate,test,rough,test/rough/002.png,1.943075
patchcore_r18_1,zipper,2,gate,test,rough,test/rough/003.png,1.982046
patchcore_r18_1,zipper,2,gate,test,rough,test/rough/004.png,2.071663
patchcore_r18_1,zipper,2,gate,test,rough,test/rough/005.png,1.868132
patchcore_r18_1,zipper,2,gate,test,rough,test/rough/006.png,2.015851
patchcore_r18_1,zipper,2,gate,test,rough,test/rough/007.png,1.764757
patchcore_r18_1,zipper,2,gate,test,rough,test/rough/008.png,1.781202
patchcore_r18_1,zipper,2,gate,test,rough,test/rough/009.png,2.079105
patchcore_r18_1,zipper,2,gate,test,rough,test/rough/010.png,2.057439
patchcore_r18_1,zipper,2,gate,test,rough,test/rough/011.png,2.083288
patchcore_r18_1,zipper,2,gate,test,rough,test/rough/012.png,1.721138
patchcore_r18_1,zipper,2,gate,test,rough,test/rough/013.png,2.079378
patchcore_r18_1,zipper,2,gate,test,rough,test/rough/014.png,1.882104
patchcore_r18_1,zipper,2,gate,test,rough,test/rough/015.png,2.034469
patchcore_r18_1,zipper,2,gate,test,rough,test/rough/016.png,1.914794
patchcore_r18_1,zipper,2,gate,test,split_teeth,test/split_teeth/000.png,1.572756
patchcore_r18_1,zipper,2,gate,test,split_teeth,test/split_teeth/001.png,1.768701
patchcore_r18_1,zipper,2,gate,test,split_teeth,test/split_teeth/002.png,1.894062
patchcore_r18_1,zipper,2,gate,test,split_teeth,test/split_teeth/003.png,1.803064
patchcore_r18_1,zipper,2,gate,test,split_teeth,test/split_teeth/004.png,1.911129
patchcore_r18_1,zipper,2,gate,test,split_teeth,test/split_teeth/005.png,1.776770
patchcore_r18_1,zipper,2,gate,test,split_teeth,test/split_teeth/006.png,1.733204
patchcore_r18_1,zipper,2,gate,test,split_teeth,test/split_teeth/007.png,1.732347
patchcore_r18_1,zipper,2,gate,test,split_teeth,test/split_teeth/008.png,1.705735
patchcore_r18_1,zipper,2,gate,test,split_teeth,test/split_teeth/009.png,1.866102
patchcore_r18_1,zipper,2,gate,test,split_teeth,test/split_teeth/010.png,1.874438
patchcore_r18_1,zipper,2,gate,test,split_teeth,test/split_teeth/011.png,1.889929
patchcore_r18_1,zipper,2,gate,test,split_teeth,test/split_teeth/012.png,2.079338
patchcore_r18_1,zipper,2,gate,test,split_teeth,test/split_teeth/013.png,1.699102
patchcore_r18_1,zipper,2,gate,test,split_teeth,test/split_teeth/014.png,1.966061
patchcore_r18_1,zipper,2,gate,test,split_teeth,test/split_teeth/015.png,2.223341
patchcore_r18_1,zipper,2,gate,test,split_teeth,test/split_teeth/016.png,2.000082
patchcore_r18_1,zipper,2,gate,test,split_teeth,test/split_teeth/017.png,2.121700
patchcore_r18_1,zipper,2,gate,test,squeezed_teeth,test/squeezed_teeth/000.png,1.757307
patchcore_r18_1,zipper,2,gate,test,squeezed_teeth,test/squeezed_teeth/001.png,1.870646
patchcore_r18_1,zipper,2,gate,test,squeezed_teeth,test/squeezed_teeth/002.png,2.135457
patchcore_r18_1,zipper,2,gate,test,squeezed_teeth,test/squeezed_teeth/003.png,1.898976
patchcore_r18_1,zipper,2,gate,test,squeezed_teeth,test/squeezed_teeth/004.png,1.589139
patchcore_r18_1,zipper,2,gate,test,squeezed_teeth,test/squeezed_teeth/005.png,1.496013
patchcore_r18_1,zipper,2,gate,test,squeezed_teeth,test/squeezed_teeth/006.png,1.623072
patchcore_r18_1,zipper,2,gate,test,squeezed_teeth,test/squeezed_teeth/007.png,1.743173
patchcore_r18_1,zipper,2,gate,test,squeezed_teeth,test/squeezed_teeth/008.png,1.322505
patchcore_r18_1,zipper,2,gate,test,squeezed_teeth,test/squeezed_teeth/009.png,1.420688
patchcore_r18_1,zipper,2,gate,test,squeezed_teeth,test/squeezed_teeth/010.png,1.703353
patchcore_r18_1,zipper,2,gate,test,squeezed_teeth,test/squeezed_teeth/011.png,1.624480
patchcore_r18_1,zipper,2,gate,test,squeezed_teeth,test/squeezed_teeth/012.png,1.632923
patchcore_r18_1,zipper,2,gate,test,squeezed_teeth,test/squeezed_teeth/013.png,1.627509
patchcore_r18_1,zipper,2,gate,test,squeezed_teeth,test/squeezed_teeth/014.png,2.013220
patchcore_r18_1,zipper,2,gate,test,squeezed_teeth,test/squeezed_teeth/015.png,1.945178
